date,Temp_max,Temp_min,Temp_mean,Temp_departure,HDD,CDD,Precipitation
1/1/2000,72,50,61,9,4,0,0
1/2/2000,81,59,70,18.1,0,5,0
1/3/2000,75,62,68.5,16.7,0,4,0.96
1/4/2000,62,34,48,-3.8,17,0,0
1/5/2000,54,29,41.5,-10.2,23,0,0
1/6/2000,64,27,45.5,-6.2,19,0,0
1/7/2000,67,41,54,2.4,11,0,0
1/8/2000,72,51,61.5,9.9,3,0,0.02
1/9/2000,71,64,67.5,15.9,0,3,0.66
1/10/2000,74,50,62,10.4,3,0,0
1/11/2000,76,43,59.5,8,5,0,0
1/12/2000,79,53,66,14.5,0,1,0
1/13/2000,80,53,66.5,14.9,0,2,0
1/14/2000,61,41,51,-0.6,14,0,0
1/15/2000,70,36,53,1.4,12,0,0
1/16/2000,74,47,60.5,8.9,4,0,0
1/17/2000,77,47,62,10.3,3,0,0
1/18/2000,76,58,67,15.3,0,2,0
1/19/2000,78,63,70.5,18.7,0,6,0
1/20/2000,66,39,52.5,0.7,12,0,0
1/21/2000,56,32,44,-7.9,21,0,0
1/22/2000,73,48,60.5,8.5,4,0,0.29
1/23/2000,70,47,58.5,6.4,6,0,0.43
1/24/2000,49,32,40.5,-11.7,24,0,0
1/25/2000,53,31,42,-10.3,23,0,0
1/26/2000,47,27,37,-15.4,28,0,0
1/27/2000,44,37,40.5,-12,24,0,0.18
1/28/2000,42,38,40,-12.7,25,0,0.22
1/29/2000,41,37,39,-13.8,26,0,0
1/30/2000,53,34,43.5,-9.4,21,0,0.02
1/31/2000,56,28,42,-11.1,23,0,0
2/1/2000,60,36,48,-5.2,17,0,0
2/2/2000,61,42,51.5,-1.9,13,0,0
2/3/2000,66,33,49.5,-4.1,15,0,0
2/4/2000,64,40,52,-1.8,13,0,0
2/5/2000,53,31,42,-11.9,23,0,0
2/6/2000,59,26,42.5,-11.6,22,0,0
2/7/2000,65,34,49.5,-4.8,15,0,0
2/8/2000,68,44,56,1.5,9,0,0
2/9/2000,71,37,54,-0.7,11,0,0
2/10/2000,76,46,61,6.1,4,0,0
2/11/2000,76,63,69.5,14.4,0,5,0
2/12/2000,78,65,71.5,16.1,0,7,0
2/13/2000,75,65,70,14.4,0,5,0
2/14/2000,76,52,64,8.2,1,0,0
2/15/2000,79,51,65,9,0,0,0
2/16/2000,79,57,68,11.8,0,3,0
2/17/2000,81,58,69.5,13.1,0,5,0.07
2/18/2000,84,68,76,19.3,0,11,0
2/19/2000,71,43,57,0.1,8,0,0
2/20/2000,69,36,52.5,-4.6,12,0,0
2/21/2000,71,40,55.5,-1.8,9,0,0
2/22/2000,76,40,58,0.5,7,0,0
2/23/2000,81,54,67.5,9.7,0,3,0
2/24/2000,80,64,72,14,0,7,0
2/25/2000,81,62,71.5,13.3,0,7,0
2/26/2000,81,52,66.5,8.1,0,2,0.57
2/27/2000,71,46,58.5,-0.1,6,0,0
2/28/2000,74,40,57,-1.9,8,0,0
2/29/2000,78,42,60,1,5,0,0
3/1/2000,82,63,72.5,13.4,0,8,0
3/2/2000,79,61,70,10.7,0,5,0
3/3/2000,81,54,67.5,8,0,3,0
3/4/2000,65,47,56,-3.7,9,0,0
3/5/2000,72,39,55.5,-4.4,9,0,0
3/6/2000,78,45,61.5,1.4,3,0,0
3/7/2000,80,50,65,4.7,0,0,0
3/8/2000,82,58,70,9.5,0,5,0
3/9/2000,83,66,74.5,13.8,0,10,0
3/10/2000,83,62,72.5,11.6,0,8,0
3/11/2000,63,43,53,-8.1,12,0,0.31
3/12/2000,64,35,49.5,-11.8,15,0,0
3/13/2000,69,36,52.5,-9,12,0,0
3/14/2000,70,47,58.5,-3.2,6,0,0.01
3/15/2000,67,58,62.5,0.6,2,0,0.58
3/16/2000,80,60,70,8,0,5,0.02
3/17/2000,74,56,65,2.8,0,0,0
3/18/2000,74,58,66,3.6,0,1,0.78
3/19/2000,64,42,53,-9.6,12,0,0.27
3/20/2000,70,37,53.5,-9.3,11,0,0
3/21/2000,75,43,59,-4,6,0,0
3/22/2000,82,55,68.5,5.4,0,4,0
3/23/2000,83,54,68.5,5.2,0,4,0
3/24/2000,82,57,69.5,6,0,5,0
3/25/2000,80,58,69,5.3,0,4,0
3/26/2000,79,64,71.5,7.6,0,7,0.16
3/27/2000,75,50,62.5,-1.5,2,0,1.23
3/28/2000,83,47,65,0.8,0,0,0
3/29/2000,80,61,70.5,6.1,0,6,0
3/30/2000,78,57,67.5,2.9,0,3,0
3/31/2000,79,53,66,1.2,0,1,0
4/1/2000,76,57,66.5,1.5,0,2,0
4/2/2000,81,66,73.5,8.3,0,9,0
4/3/2000,75,55,65,-0.3,0,0,0.42
4/4/2000,65,42,53.5,-12,11,0,0
4/5/2000,72,39,55.5,-10.2,9,0,0
4/6/2000,76,50,63,-2.9,2,0,0
4/7/2000,80,54,67,0.9,0,2,0
4/8/2000,68,41,54.5,-11.8,10,0,0.18
4/9/2000,67,35,51,-15.5,14,0,0
4/10/2000,72,42,57,-9.7,8,0,0
4/11/2000,82,57,69.5,2.6,0,5,0
4/12/2000,77,62,69.5,2.4,0,5,0.28
4/13/2000,65,57,61,-6.4,4,0,0.01
4/14/2000,72,56,64,-3.6,1,0,0
4/15/2000,77,56,66.5,-1.3,0,2,0
4/16/2000,81,56,68.5,0.5,0,4,0
4/17/2000,82,60,71,2.8,0,6,0
4/18/2000,86,56,71,2.5,0,6,0
4/19/2000,87,61,74,5.3,0,9,0
4/20/2000,84,68,76,7.1,0,11,0
4/21/2000,80,53,66.5,-2.7,0,2,0
4/22/2000,80,46,63,-6.4,2,0,0
4/23/2000,78,56,67,-2.6,0,2,0.02
4/24/2000,78,57,67.5,-2.4,0,3,0.63
4/25/2000,77,51,64,-6.1,1,0,0
4/26/2000,82,49,65.5,-4.9,0,1,0
4/27/2000,81,51,66,-4.6,0,1,0
4/28/2000,83,61,72,1.1,0,7,0.01
4/29/2000,82,50,66,-5.1,0,1,0
4/30/2000,84,54,69,-2.4,0,4,0
5/1/2000,82,58,70,-1.6,0,5,0
5/2/2000,82,61,71.5,-0.4,0,7,0
5/3/2000,79,65,72,-0.2,0,7,0.02
5/4/2000,87,64,75.5,3.1,0,11,0
5/5/2000,87,64,75.5,2.8,0,11,1.11
5/6/2000,87,65,76,3.1,0,11,0
5/7/2000,88,68,78,4.8,0,13,0
5/8/2000,88,64,76,2.5,0,11,0
5/9/2000,88,67,77.5,3.8,0,13,0
5/10/2000,89,71,80,6,0,15,0
5/11/2000,90,73,81.5,7.2,0,17,0
5/12/2000,91,74,82.5,8,0,18,0
5/13/2000,85,68,76.5,1.7,0,12,0.02
5/14/2000,84,64,74,-1,0,9,0
5/15/2000,83,55,69,-6.3,0,4,0
5/16/2000,88,55,71.5,-4,0,7,0
5/17/2000,91,62,76.5,0.7,0,12,0
5/18/2000,91,69,80,4,0,15,0
5/19/2000,92,68,80,3.7,0,15,0
5/20/2000,87,72,79.5,3,0,15,0
5/21/2000,87,69,78,1.2,0,13,0
5/22/2000,91,67,79,2,0,14,0
5/23/2000,92,69,80.5,3.3,0,16,0
5/24/2000,93,76,84.5,7,0,20,0
5/25/2000,94,76,85,7.3,0,20,0
5/26/2000,95,76,85.5,7.6,0,21,0
5/27/2000,93,76,84.5,6.4,0,20,0
5/28/2000,94,75,84.5,6.2,0,20,0
5/29/2000,94,69,81.5,3,0,17,0
5/30/2000,94,65,79.5,0.8,0,15,0
5/31/2000,92,66,79,0.1,0,14,0
6/1/2000,92,66,79,-0.1,0,14,0
6/2/2000,93,72,82.5,3.2,0,18,0.03
6/3/2000,94,72,83,3.5,0,18,0
6/4/2000,92,73,82.5,2.9,0,18,0.02
6/5/2000,81,71,76,-3.8,0,11,0.18
6/6/2000,87,67,77,-3,0,12,0
6/7/2000,89,62,75.5,-4.6,0,11,0
6/8/2000,90,60,75,-5.3,0,10,0
6/9/2000,93,70,81.5,1.1,0,17,0
6/10/2000,93,68,80.5,0,0,16,0
6/11/2000,93,66,79.5,-1.2,0,15,0
6/12/2000,91,66,78.5,-2.3,0,14,0
6/13/2000,93,68,80.5,-0.4,0,16,0
6/14/2000,91,70,80.5,-0.5,0,16,0.04
6/15/2000,91,70,80.5,-0.6,0,16,0.03
6/16/2000,89,71,80,-1.2,0,15,0.08
6/17/2000,91,71,81,-0.3,0,16,0
6/18/2000,92,71,81.5,0.1,0,17,1.91
6/19/2000,90,70,80,-1.5,0,15,0.14
6/20/2000,90,72,81,-0.6,0,16,0.38
6/21/2000,91,74,82.5,0.8,0,18,0.35
6/22/2000,93,74,83.5,1.7,0,19,0
6/23/2000,93,73,83,1.2,0,18,0
6/24/2000,94,75,84.5,2.6,0,20,0.46
6/25/2000,94,72,83,1,0,18,0.06
6/26/2000,90,71,80.5,-1.5,0,16,0.03
6/27/2000,92,70,81,-1.1,0,16,0
6/28/2000,92,72,82,-0.2,0,17,0
6/29/2000,89,75,82,-0.2,0,17,0.05
6/30/2000,89,72,80.5,-1.8,0,16,1.02
7/1/2000,88,72,80,-2.3,0,15,0.08
7/2/2000,87,71,79,-3.4,0,14,0
7/3/2000,92,69,80.5,-1.9,0,16,0.02
7/4/2000,92,69,80.5,-2,0,16,0
7/5/2000,93,66,79.5,-3,0,15,0
7/6/2000,95,71,83,0.5,0,18,0
7/7/2000,96,75,85.5,2.9,0,21,0
7/8/2000,97,76,86.5,3.9,0,22,0
7/9/2000,93,73,83,0.3,0,18,2.3
7/10/2000,93,72,82.5,-0.2,0,18,0
7/11/2000,93,75,84,1.3,0,19,0
7/12/2000,93,75,84,1.2,0,19,0
7/13/2000,95,75,85,2.2,0,20,0
7/14/2000,96,78,87,4.2,0,22,0
7/15/2000,97,74,85.5,2.6,0,21,0
7/16/2000,98,76,87,4.1,0,22,0
7/17/2000,95,76,85.5,2.6,0,21,0
7/18/2000,94,78,86,3,0,21,0.01
7/19/2000,95,78,86.5,3.5,0,22,0
7/20/2000,99,77,88,5,0,23,0
7/21/2000,97,77,87,4,0,22,0.01
7/22/2000,97,74,85.5,2.4,0,21,0
7/23/2000,80,66,73,-10.1,0,8,0.89
7/24/2000,89,67,78,-5.1,0,13,0
7/25/2000,92,68,80,-3.1,0,15,0
7/26/2000,94,66,80,-3.1,0,15,0
7/27/2000,92,70,81,-2.2,0,16,0
7/28/2000,93,67,80,-3.2,0,15,0
7/29/2000,94,73,83.5,0.3,0,19,0.03
7/30/2000,88,74,81,-2.2,0,16,0.27
7/31/2000,88,75,81.5,-1.7,0,17,0
8/1/2000,88,72,80,-3.2,0,15,0
8/2/2000,91,71,81,-2.2,0,16,0
8/3/2000,89,74,81.5,-1.7,0,17,0
8/4/2000,94,71,82.5,-0.7,0,18,0
8/5/2000,94,73,83.5,0.3,0,19,0
8/6/2000,96,73,84.5,1.3,0,20,0
8/7/2000,95,74,84.5,1.3,0,20,0
8/8/2000,96,74,85,1.8,0,20,0
8/9/2000,96,73,84.5,1.3,0,20,0
8/10/2000,99,70,84.5,1.4,0,20,1.03
8/11/2000,93,70,81.5,-1.6,0,17,0.42
8/12/2000,97,72,84.5,1.4,0,20,0
8/13/2000,93,69,81,-2.1,0,16,0
8/14/2000,93,69,81,-2,0,16,0
8/15/2000,96,73,84.5,1.5,0,20,0.01
8/16/2000,97,74,85.5,2.6,0,21,0
8/17/2000,99,75,87,4.1,0,22,0
8/18/2000,98,73,85.5,2.7,0,21,0
8/19/2000,98,76,87,4.2,0,22,0
8/20/2000,98,77,87.5,4.8,0,23,0
8/21/2000,98,73,85.5,2.9,0,21,0
8/22/2000,96,72,84,1.5,0,19,0.27
8/23/2000,92,71,81.5,-1,0,17,0.46
8/24/2000,93,71,82,-0.4,0,17,0.44
8/25/2000,95,72,83.5,1.2,0,19,0
8/26/2000,96,75,85.5,3.3,0,21,0
8/27/2000,93,73,83,0.9,0,18,0
8/28/2000,95,75,85,3,0,20,0
8/29/2000,97,77,87,5.1,0,22,0
8/30/2000,105,77,91,9.2,0,26,0.05
8/31/2000,101,75,88,6.3,0,23,0
9/1/2000,100,72,86,4.5,0,21,0
9/2/2000,102,76,89,7.6,0,24,0
9/3/2000,103,74,88.5,7.2,0,24,0
9/4/2000,104,76,90,8.9,0,25,0
9/5/2000,101,76,88.5,7.5,0,24,0
9/6/2000,88,72,80,-0.8,0,15,0
9/7/2000,83,67,75,-5.7,0,10,0
9/8/2000,80,73,76.5,-4,0,12,1.38
9/9/2000,82,72,77,-3.3,0,12,0.54
9/10/2000,90,72,81,0.9,0,16,0.09
9/11/2000,90,72,81,1,0,16,0.01
9/12/2000,91,74,82.5,2.7,0,18,0.2
9/13/2000,88,73,80.5,0.9,0,16,0.6
9/14/2000,88,72,80,0.6,0,15,0
9/15/2000,94,68,81,1.8,0,16,0
9/16/2000,84,57,70.5,-8.4,0,6,0
9/17/2000,85,56,70.5,-8.2,0,6,0
9/18/2000,86,55,70.5,-8,0,6,0
9/19/2000,90,56,73,-5.2,0,8,0
9/20/2000,91,72,81.5,3.5,0,17,0
9/21/2000,87,72,79.5,1.7,0,15,0.22
9/22/2000,87,74,80.5,3,0,16,0
9/23/2000,92,78,85,7.8,0,20,0
9/24/2000,93,77,85,8,0,20,0
9/25/2000,80,58,69,-7.7,0,4,0
9/26/2000,66,50,58,-18.4,7,0,0
9/27/2000,81,50,65.5,-10.6,0,1,0
9/28/2000,84,51,67.5,-8.3,0,3,0
9/29/2000,83,53,68,-7.5,0,3,0
9/30/2000,85,51,68,-7.2,0,3,0
10/1/2000,87,61,74,-0.9,0,9,0
10/2/2000,89,60,74.5,-0.1,0,10,0
10/3/2000,89,58,73.5,-0.7,0,9,0
10/4/2000,88,60,74,0.1,0,9,0
10/5/2000,91,71,81,7.4,0,16,0.29
10/6/2000,88,62,75,1.8,0,10,0.75
10/7/2000,70,50,60,-12.9,5,0,0
10/8/2000,57,47,52,-20.5,13,0,0
10/9/2000,57,45,51,-21.2,14,0,0
10/10/2000,68,42,55,-16.8,10,0,0
10/11/2000,76,38,57,-14.4,8,0,0
10/12/2000,81,41,61,-10.1,4,0,0
10/13/2000,81,43,62,-8.7,3,0,0
10/14/2000,83,52,67.5,-2.8,0,3,0
10/15/2000,83,49,66,-3.9,0,1,0
10/16/2000,84,53,68.5,-1.1,0,4,0.03
10/17/2000,84,62,73,3.8,0,8,0
10/18/2000,76,56,66,-2.8,0,1,0
10/19/2000,81,54,67.5,-0.9,0,3,0
10/20/2000,82,50,66,-2,0,1,0
10/21/2000,82,54,68,0.4,0,3,0
10/22/2000,84,67,75.5,8.2,0,11,0
10/23/2000,83,59,71,4.1,0,6,0
10/24/2000,84,56,70,3.5,0,5,0
10/25/2000,84,51,67.5,1.4,0,3,0
10/26/2000,83,52,67.5,1.8,0,3,0
10/27/2000,83,55,69,3.6,0,4,0
10/28/2000,85,54,69.5,4.5,0,5,0
10/29/2000,84,54,69,4.4,0,4,0
10/30/2000,83,53,68,3.7,0,3,0
10/31/2000,84,56,70,6.1,0,5,0
11/1/2000,84,59,71.5,7.9,0,7,0
11/2/2000,83,61,72,8.8,0,7,0
11/3/2000,83,62,72.5,9.6,0,8,0
11/4/2000,82,59,70.5,8,0,6,0.18
11/5/2000,79,67,73,10.8,0,8,0.04
11/6/2000,78,59,68.5,6.6,0,4,0.94
11/7/2000,78,55,66.5,4.9,0,2,0.12
11/8/2000,84,69,76.5,15.2,0,12,3.07
11/9/2000,70,42,56,-5,9,0,0.03
11/10/2000,60,39,49.5,-11.2,15,0,0
11/11/2000,50,40,45,-15.4,20,0,0
11/12/2000,70,43,56.5,-3.6,8,0,0
11/13/2000,60,44,52,-7.8,13,0,0.24
11/14/2000,58,35,46.5,-13,18,0,0
11/15/2000,59,30,44.5,-14.8,20,0,0
11/16/2000,63,53,58,-1,7,0,1.07
11/17/2000,61,44,52.5,-6.3,12,0,0.37
11/18/2000,44,40,42,-16.5,23,0,3.43
11/19/2000,53,35,44,-14.3,21,0,0.5
11/20/2000,62,31,46.5,-11.6,18,0,0
11/21/2000,54,30,42,-15.8,23,0,0
11/22/2000,60,27,43.5,-14.1,21,0,0
11/23/2000,65,41,53,-4.4,12,0,0.03
11/24/2000,70,54,62,4.8,3,0,0.61
11/25/2000,62,44,53,-4,12,0,0
11/26/2000,66,41,53.5,-3.3,11,0,0
11/27/2000,67,35,51,-5.6,14,0,0
11/28/2000,70,37,53.5,-2.9,11,0,0
11/29/2000,66,43,54.5,-1.8,10,0,0.08
11/30/2000,64,38,51,-5.1,14,0,0
12/1/2000,54,40,47,-8.9,18,0,0.82
12/2/2000,53,42,47.5,-8.3,17,0,0
12/3/2000,49,35,42,-13.6,23,0,0
12/4/2000,56,32,44,-11.4,21,0,0
12/5/2000,59,30,44.5,-10.8,20,0,0
12/6/2000,55,31,43,-12.1,22,0,0.17
12/7/2000,58,39,48.5,-6.5,16,0,0
12/8/2000,63,41,52,-2.8,13,0,0
12/9/2000,67,37,52,-2.7,13,0,0
12/10/2000,72,38,55,0.5,10,0,0
12/11/2000,77,52,64.5,10.1,0,0,0
12/12/2000,52,36,44,-10.2,21,0,0
12/13/2000,75,40,57.5,3.4,7,0,0.64
12/14/2000,45,37,41,-13,24,0,0
12/15/2000,57,37,47,-6.8,18,0,0
12/16/2000,73,38,55.5,1.8,9,0,0.01
12/17/2000,44,27,35.5,-18.1,29,0,0
12/18/2000,63,25,44,-9.4,21,0,0.17
12/19/2000,42,24,33,-20.3,32,0,0
12/20/2000,49,20,34.5,-18.7,30,0,0
12/21/2000,52,33,42.5,-10.6,22,0,0.39
12/22/2000,47,25,36,-17,29,0,0
12/23/2000,58,29,43.5,-9.3,21,0,0
12/24/2000,64,47,55.5,2.8,9,0,0
12/25/2000,57,45,51,-1.6,14,0,0.01
12/26/2000,60,44,52,-0.5,13,0,0
12/27/2000,60,44,52,-0.4,13,0,0.52
12/28/2000,44,37,40.5,-11.8,24,0,0
12/29/2000,53,33,43,-9.2,22,0,0
12/30/2000,42,25,33.5,-18.6,31,0,0
12/31/2000,39,21,30,-22.1,35,0,0
1/1/2001,46,27,36.5,-15.5,28,0,0
1/2/2001,38,22,30,-21.9,35,0,0
1/3/2001,42,21,31.5,-20.3,33,0,0
1/4/2001,57,22,39.5,-12.3,25,0,0
1/5/2001,69,30,49.5,-2.2,15,0,0
1/6/2001,69,31,50,-1.7,15,0,0
1/7/2001,68,43,55.5,3.9,9,0,0.16
1/8/2001,54,33,43.5,-8.1,21,0,0
1/9/2001,54,27,40.5,-11.1,24,0,0
1/10/2001,52,28,40,-11.6,25,0,0
1/11/2001,62,44,53,1.5,12,0,0.17
1/12/2001,50,40,45,-6.5,20,0,0
1/13/2001,54,40,47,-4.6,18,0,0
1/14/2001,69,48,58.5,6.9,6,0,0
1/15/2001,63,51,57,5.4,8,0,0.21
1/16/2001,53,44,48.5,-3.1,16,0,1.13
1/17/2001,60,51,55.5,3.8,9,0,0
1/18/2001,67,47,57,5.3,8,0,0.38
1/19/2001,49,35,42,-9.8,23,0,0.81
1/20/2001,43,27,35,-16.8,30,0,0
1/21/2001,49,25,37,-14.9,28,0,0
1/22/2001,56,30,43,-9,22,0,0
1/23/2001,56,27,41.5,-10.6,23,0,0
1/24/2001,59,31,45,-7.2,20,0,0
1/25/2001,62,34,48,-4.3,17,0,0
1/26/2001,63,36,49.5,-2.9,15,0,0
1/27/2001,68,52,60,7.5,5,0,0
1/28/2001,71,54,62.5,9.8,2,0,0
1/29/2001,71,49,60,7.2,5,0,1.14
1/30/2001,71,50,60.5,7.6,4,0,0
1/31/2001,65,48,56.5,3.4,8,0,0
2/1/2001,52,46,49,-4.2,16,0,0
2/2/2001,51,39,45,-8.4,20,0,0
2/3/2001,52,34,43,-10.6,22,0,0
2/4/2001,64,27,45.5,-8.3,19,0,0
2/5/2001,63,33,48,-5.9,17,0,0
2/6/2001,71,31,51,-3.1,14,0,0
2/7/2001,75,43,59,4.7,6,0,0
2/8/2001,78,53,65.5,11,0,1,0
2/9/2001,78,50,64,9.3,1,0,0.59
2/10/2001,54,38,46,-8.9,19,0,0
2/11/2001,64,39,51.5,-3.6,13,0,0
2/12/2001,75,54,64.5,9.1,0,0,0.01
2/13/2001,79,64,71.5,15.9,0,7,0
2/14/2001,82,67,74.5,18.7,0,10,0.01
2/15/2001,84,69,76.5,20.5,0,12,0
2/16/2001,80,46,63,6.8,2,0,0.31
2/17/2001,59,39,49,-7.4,16,0,0
2/18/2001,63,32,47.5,-9.2,17,0,0
2/19/2001,70,36,53,-3.9,12,0,0
2/20/2001,78,48,63,5.9,2,0,0
2/21/2001,79,56,67.5,10.2,0,3,0
2/22/2001,71,48,59.5,2,5,0,0
2/23/2001,69,42,55.5,-2.3,9,0,0
2/24/2001,81,61,71,13,0,6,0
2/25/2001,80,59,69.5,11.3,0,5,0.13
2/26/2001,71,60,65.5,7.1,0,1,0.33
2/27/2001,83,61,72,13.4,0,7,0
2/28/2001,73,60,66.5,7.6,0,2,0.45
3/1/2001,68,59,63.5,4.4,1,0,0
3/2/2001,73,62,67.5,8.2,0,3,0.7
3/3/2001,71,54,62.5,3,2,0,1.72
3/4/2001,66,51,58.5,-1.2,6,0,0
3/5/2001,64,42,53,-6.9,12,0,0
3/6/2001,65,37,51,-9.1,14,0,0
3/7/2001,67,37,52,-8.3,13,0,0
3/8/2001,73,40,56.5,-4,8,0,0.01
3/9/2001,60,44,52,-8.7,13,0,0.77
3/10/2001,65,36,50.5,-10.4,14,0,0
3/11/2001,72,42,57,-4.1,8,0,0
3/12/2001,74,58,66,4.7,0,1,1
3/13/2001,76,50,63,1.5,2,0,0
3/14/2001,66,51,58.5,-3.2,6,0,1.16
3/15/2001,78,51,64.5,2.6,0,0,0
3/16/2001,66,47,56.5,-5.5,8,0,0
3/17/2001,55,48,51.5,-10.7,13,0,0.05
3/18/2001,66,42,54,-8.4,11,0,0
3/19/2001,68,43,55.5,-7.1,9,0,0
3/20/2001,61,45,53,-9.8,12,0,0
3/21/2001,69,39,54,-9,11,0,0
3/22/2001,74,38,56,-7.1,9,0,0
3/23/2001,75,44,59.5,-3.8,5,0,0
3/24/2001,73,49,61,-2.5,4,0,0.07
3/25/2001,65,45,55,-8.7,10,0,0.18
3/26/2001,61,37,49,-14.9,16,0,0
3/27/2001,59,41,50,-14,15,0,0.05
3/28/2001,55,44,49.5,-14.7,15,0,1.44
3/29/2001,70,50,60,-4.4,5,0,0.19
3/30/2001,65,53,59,-5.6,6,0,0.01
3/31/2001,71,50,60.5,-4.3,4,0,0
4/1/2001,75,47,61,-4,4,0,0
4/2/2001,81,51,66,0.8,0,1,0
4/3/2001,84,69,76.5,11.2,0,12,0
4/4/2001,86,70,78,12.5,0,13,0
4/5/2001,86,69,77.5,11.8,0,13,0
4/6/2001,84,61,72.5,6.6,0,8,0
4/7/2001,85,69,77,10.9,0,12,0
4/8/2001,84,69,76.5,10.2,0,12,0
4/9/2001,85,71,78,11.5,0,13,0
4/10/2001,87,71,79,12.3,0,14,0
4/11/2001,85,70,77.5,10.6,0,13,0
4/12/2001,87,69,78,10.9,0,13,0
4/13/2001,88,72,80,12.6,0,15,0
4/14/2001,87,73,80,12.4,0,15,0
4/15/2001,87,64,75.5,7.7,0,11,0.01
4/16/2001,81,61,71,3,0,6,0
4/17/2001,68,48,58,-10.2,7,0,0
4/18/2001,67,39,53,-15.5,12,0,0
4/19/2001,75,40,57.5,-11.2,7,0,0
4/20/2001,80,53,66.5,-2.4,0,2,0
4/21/2001,83,62,72.5,3.3,0,8,0
4/22/2001,84,62,73,3.6,0,8,0
4/23/2001,84,66,75,5.4,0,10,0
4/24/2001,69,54,61.5,-8.4,3,0,0.54
4/25/2001,75,49,62,-8.1,3,0,0
4/26/2001,80,46,63,-7.4,2,0,0
4/27/2001,81,53,67,-3.6,0,2,0
4/28/2001,82,52,67,-3.9,0,2,0
4/29/2001,83,53,68,-3.1,0,3,0
4/30/2001,82,55,68.5,-2.9,0,4,0
5/1/2001,81,60,70.5,-1.1,0,6,0
5/2/2001,83,57,70,-1.9,0,5,0
5/3/2001,84,61,72.5,0.3,0,8,0
5/4/2001,85,61,73,0.6,0,8,0
5/5/2001,83,63,73,0.3,0,8,0
5/6/2001,86,63,74.5,1.6,0,10,0
5/7/2001,85,60,72.5,-0.7,0,8,0
5/8/2001,80,62,71,-2.5,0,6,0.15
5/9/2001,83,60,71.5,-2.2,0,7,0.1
5/10/2001,85,59,72,-2,0,7,0
5/11/2001,84,60,72,-2.3,0,7,0
5/12/2001,84,60,72,-2.5,0,7,0.27
5/13/2001,86,58,72,-2.8,0,7,0
5/14/2001,88,56,72,-3,0,7,0
5/15/2001,88,64,76,0.7,0,11,0
5/16/2001,86,61,73.5,-2,0,9,0
5/17/2001,88,62,75,-0.8,0,10,0
5/18/2001,89,64,76.5,0.5,0,12,0
5/19/2001,90,70,80,3.7,0,15,0
5/20/2001,90,73,81.5,5,0,17,0
5/21/2001,89,71,80,3.2,0,15,0
5/22/2001,78,54,66,-11,0,1,0
5/23/2001,85,49,67,-10.2,0,2,0
5/24/2001,89,66,77.5,0,0,13,0
5/25/2001,84,59,71.5,-6.2,0,7,0
5/26/2001,89,55,72,-5.9,0,7,0.15
5/27/2001,89,65,77,-1.1,0,12,0
5/28/2001,90,71,80.5,2.2,0,16,0
5/29/2001,91,71,81,2.5,0,16,0
5/30/2001,92,74,83,4.3,0,18,0
5/31/2001,85,69,77,-1.9,0,12,0.16
6/1/2001,87,63,75,-4.1,0,10,0
6/2/2001,93,60,76.5,-2.8,0,12,0
6/3/2001,93,75,84,4.5,0,19,0
6/4/2001,93,70,81.5,1.9,0,17,0.16
6/5/2001,85,70,77.5,-2.3,0,13,2.68
6/6/2001,75,70,72.5,-7.5,0,8,4.68
6/7/2001,81,70,75.5,-4.6,0,11,9.35
6/8/2001,83,71,77,-3.3,0,12,1.59
6/9/2001,76,72,74,-6.4,0,9,0.17
6/10/2001,77,72,74.5,-6,0,10,0.67
6/11/2001,87,70,78.5,-2.2,0,14,0.01
6/12/2001,90,71,80.5,-0.3,0,16,0.02
6/13/2001,90,75,82.5,1.6,0,18,0.14
6/14/2001,91,77,84,3,0,19,0
6/15/2001,91,72,81.5,0.4,0,17,0
6/16/2001,89,70,79.5,-1.7,0,15,0
6/17/2001,90,66,78,-3.3,0,13,0
6/18/2001,91,67,79,-2.4,0,14,0
6/19/2001,89,71,80,-1.5,0,15,0.71
6/20/2001,87,69,78,-3.6,0,13,0
6/21/2001,88,71,79.5,-2.2,0,15,0.11
6/22/2001,84,69,76.5,-5.3,0,12,0.02
6/23/2001,87,66,76.5,-5.3,0,12,0
6/24/2001,87,63,75,-6.9,0,10,0
6/25/2001,89,63,76,-6,0,11,0
6/26/2001,89,65,77,-5,0,12,0.08
6/27/2001,86,69,77.5,-4.6,0,13,0.15
6/28/2001,88,68,78,-4.2,0,13,0.03
6/29/2001,90,65,77.5,-4.7,0,13,0.45
6/30/2001,88,66,77,-5.3,0,12,0.34
7/1/2001,90,69,79.5,-2.8,0,15,0
7/2/2001,88,69,78.5,-3.9,0,14,0
7/3/2001,88,71,79.5,-2.9,0,15,0.59
7/4/2001,91,71,81,-1.5,0,16,0.02
7/5/2001,90,72,81,-1.5,0,16,0.29
7/6/2001,93,71,82,-0.5,0,17,0.13
7/7/2001,92,73,82.5,-0.1,0,18,0
7/8/2001,93,73,83,0.4,0,18,0
7/9/2001,93,76,84.5,1.8,0,20,0
7/10/2001,93,76,84.5,1.8,0,20,0
7/11/2001,93,71,82,-0.7,0,17,0.97
7/12/2001,87,72,79.5,-3.3,0,15,0.15
7/13/2001,90,73,81.5,-1.3,0,17,0
7/14/2001,88,71,79.5,-3.3,0,15,0
7/15/2001,89,67,78,-4.9,0,13,0
7/16/2001,91,71,81,-1.9,0,16,0
7/17/2001,91,71,81,-1.9,0,16,0
7/18/2001,92,71,81.5,-1.5,0,17,0
7/19/2001,91,72,81.5,-1.5,0,17,0
7/20/2001,93,74,83.5,0.5,0,19,0
7/21/2001,94,75,84.5,1.5,0,20,0.94
7/22/2001,91,74,82.5,-0.6,0,18,0
7/23/2001,92,75,83.5,0.4,0,19,0
7/24/2001,93,73,83,-0.1,0,18,0
7/25/2001,92,72,82,-1.1,0,17,0
7/26/2001,84,74,79,-4.1,0,14,0.01
7/27/2001,89,72,80.5,-2.7,0,16,0.01
7/28/2001,90,72,81,-2.2,0,16,0.01
7/29/2001,90,74,82,-1.2,0,17,0.01
7/30/2001,93,74,83.5,0.3,0,19,0
7/31/2001,93,75,84,0.8,0,19,0.07
8/1/2001,90,74,82,-1.2,0,17,0
8/2/2001,91,73,82,-1.2,0,17,0.58
8/3/2001,90,72,81,-2.2,0,16,0
8/4/2001,93,71,82,-1.2,0,17,0
8/5/2001,92,73,82.5,-0.7,0,18,1.24
8/6/2001,91,73,82,-1.2,0,17,0.2
8/7/2001,87,73,80,-3.2,0,15,0.01
8/8/2001,87,74,80.5,-2.7,0,16,0.69
8/9/2001,91,73,82,-1.2,0,17,0
8/10/2001,92,74,83,-0.1,0,18,0
8/11/2001,92,73,82.5,-0.6,0,18,0.45
8/12/2001,82,73,77.5,-5.6,0,13,0.75
8/13/2001,84,72,78,-5.1,0,13,0.02
8/14/2001,89,74,81.5,-1.5,0,17,0.4
8/15/2001,89,73,81,-2,0,16,0
8/16/2001,88,74,81,-1.9,0,16,0.01
8/17/2001,92,77,84.5,1.6,0,20,0
8/18/2001,91,76,83.5,0.7,0,19,0.03
8/19/2001,89,74,81.5,-1.3,0,17,0.02
8/20/2001,93,70,81.5,-1.2,0,17,0
8/21/2001,93,72,82.5,-0.1,0,18,0
8/22/2001,94,75,84.5,2,0,20,0
8/23/2001,91,72,81.5,-1,0,17,0
8/24/2001,91,70,80.5,-1.9,0,16,0
8/25/2001,91,71,81,-1.3,0,16,0
8/26/2001,89,72,80.5,-1.7,0,16,0.26
8/27/2001,89,71,80,-2.1,0,15,0.64
8/28/2001,86,70,78,-4,0,13,0.06
8/29/2001,82,72,77,-4.9,0,12,0.38
8/30/2001,83,73,78,-3.8,0,13,0.01
8/31/2001,84,74,79,-2.7,0,14,0.02
9/1/2001,83,73,78,-3.5,0,13,1.12
9/2/2001,83,72,77.5,-3.9,0,13,1.98
9/3/2001,87,72,79.5,-1.8,0,15,1.02
9/4/2001,90,71,80.5,-0.6,0,16,0.39
9/5/2001,91,70,80.5,-0.5,0,16,0
9/6/2001,90,71,80.5,-0.3,0,16,0
9/7/2001,89,72,80.5,-0.2,0,16,0
9/8/2001,80,71,75.5,-5,0,11,0.12
9/9/2001,83,69,76,-4.3,0,11,1.72
9/10/2001,89,70,79.5,-0.6,0,15,0
9/11/2001,89,68,78.5,-1.5,0,14,0
9/12/2001,91,72,81.5,1.7,0,17,0
9/13/2001,89,72,80.5,0.9,0,16,0
9/14/2001,88,67,77.5,-1.9,0,13,0
9/15/2001,86,66,76,-3.2,0,11,0
9/16/2001,87,66,76.5,-2.4,0,12,0
9/17/2001,87,70,78.5,-0.2,0,14,0.65
9/18/2001,88,68,78,-0.5,0,13,0
9/19/2001,88,72,80,1.8,0,15,0.11
9/20/2001,91,71,81,3,0,16,0
9/21/2001,89,69,79,1.2,0,14,0
9/22/2001,89,71,80,2.5,0,15,0
9/23/2001,83,69,76,-1.2,0,11,0
9/24/2001,85,62,73.5,-3.5,0,9,0
9/25/2001,75,54,64.5,-12.2,0,0,0
9/26/2001,75,50,62.5,-13.9,2,0,0
9/27/2001,78,50,64,-12.1,1,0,0
9/28/2001,81,50,65.5,-10.3,0,1,0
9/29/2001,81,55,68,-7.5,0,3,0
9/30/2001,78,57,67.5,-7.7,0,3,0
10/1/2001,80,51,65.5,-9.4,0,1,0
10/2/2001,81,50,65.5,-9.1,0,1,0
10/3/2001,82,53,67.5,-6.7,0,3,0
10/4/2001,82,56,69,-4.9,0,4,0
10/5/2001,85,61,73,-0.6,0,8,0.59
10/6/2001,73,54,63.5,-9.7,1,0,0.31
10/7/2001,73,47,60,-12.9,5,0,0
10/8/2001,78,51,64.5,-8,0,0,0
10/9/2001,81,64,72.5,0.3,0,8,0
10/10/2001,79,68,73.5,1.7,0,9,0.54
10/11/2001,85,67,76,4.6,0,11,1.03
10/12/2001,85,67,76,4.9,0,11,0.07
10/13/2001,80,61,70.5,-0.2,0,6,2.94
10/14/2001,78,54,66,-4.3,0,1,0
10/15/2001,81,51,66,-3.9,0,1,0
10/16/2001,67,45,56,-13.6,9,0,0
10/17/2001,68,39,53.5,-15.7,11,0,0
10/18/2001,70,41,55.5,-13.3,9,0,0
10/19/2001,77,45,61,-7.4,4,0,0
10/20/2001,79,50,64.5,-3.5,0,0,0
10/21/2001,80,53,66.5,-1.1,0,2,0
10/22/2001,82,65,73.5,6.2,0,9,0
10/23/2001,85,64,74.5,7.6,0,10,0
10/24/2001,87,71,79,12.5,0,14,0
10/25/2001,76,49,62.5,-3.6,2,0,0.01
10/26/2001,72,46,59,-6.7,6,0,0
10/27/2001,67,39,53,-12.4,12,0,0
10/28/2001,63,35,49,-16,16,0,0
10/29/2001,70,36,53,-11.6,12,0,0
10/30/2001,72,43,57.5,-6.8,7,0,0
10/31/2001,76,44,60,-3.9,5,0,0
11/1/2001,82,56,69,5.4,0,4,0
11/2/2001,82,63,72.5,9.3,0,8,0
11/3/2001,83,58,70.5,7.6,0,6,0
11/4/2001,81,56,68.5,6,0,4,0
11/5/2001,77,51,64,1.8,1,0,0
11/6/2001,77,46,61.5,-0.4,3,0,0
11/7/2001,77,43,60,-1.6,5,0,0
11/8/2001,77,49,63,1.7,2,0,0
11/9/2001,77,46,61.5,0.5,3,0,0
11/10/2001,76,48,62,1.3,3,0,0
11/11/2001,77,50,63.5,3.1,1,0,0
11/12/2001,76,50,63,2.9,2,0,0
11/13/2001,75,48,61.5,1.7,3,0,0
11/14/2001,75,53,64,4.5,1,0,0
11/15/2001,76,49,62.5,3.2,2,0,0
11/16/2001,75,44,59.5,0.5,5,0,0
11/17/2001,78,40,59,0.2,6,0,0
11/18/2001,76,42,59,0.5,6,0,0
11/19/2001,76,47,61.5,3.2,3,0,0
11/20/2001,66,39,52.5,-5.6,12,0,0.01
11/21/2001,65,33,49,-8.8,16,0,0
11/22/2001,72,44,58,0.4,7,0,0.05
11/23/2001,80,56,68,10.6,0,3,0
11/24/2001,79,49,64,6.8,1,0,0.01
11/25/2001,75,42,58.5,1.5,6,0,0
11/26/2001,84,62,73,16.2,0,8,0
11/27/2001,83,67,75,18.4,0,10,0
11/28/2001,81,70,75.5,19.1,0,11,0.06
11/29/2001,76,44,60,3.7,5,0,0.45
11/30/2001,63,40,51.5,-4.6,13,0,0
12/1/2001,69,37,53,-2.9,12,0,0
12/2/2001,69,47,58,2.2,7,0,0
12/3/2001,77,46,61.5,5.9,3,0,0
12/4/2001,77,45,61,5.6,4,0,0
12/5/2001,76,66,71,15.7,0,6,0
12/6/2001,76,58,67,11.9,0,2,0
12/7/2001,73,54,63.5,8.5,1,0,0
12/8/2001,74,58,66,11.2,0,1,0
12/9/2001,58,51,54.5,-0.2,10,0,0
12/10/2001,63,44,53.5,-1,11,0,0
12/11/2001,58,41,49.5,-4.9,15,0,0
12/12/2001,79,56,67.5,13.3,0,3,0.04
12/13/2001,73,58,65.5,11.4,0,1,2.79
12/14/2001,65,43,54,0,11,0,0
12/15/2001,72,42,57,3.2,8,0,0
12/16/2001,82,66,74,20.3,0,9,0
12/17/2001,74,52,63,9.4,2,0,0.6
12/18/2001,63,42,52.5,-0.9,12,0,0
12/19/2001,64,40,52,-1.3,13,0,0
12/20/2001,61,34,47.5,-5.7,17,0,0
12/21/2001,66,32,49,-4.1,16,0,0
12/22/2001,75,49,62,9,3,0,0.23
12/23/2001,68,38,53,0.2,12,0,0.12
12/24/2001,50,33,41.5,-11.2,23,0,0
12/25/2001,51,28,39.5,-13.1,25,0,0
12/26/2001,53,27,40,-12.5,25,0,0
12/27/2001,58,25,41.5,-10.9,23,0,0
12/28/2001,64,43,53.5,1.2,11,0,0.45
12/29/2001,66,39,52.5,0.3,12,0,0
12/30/2001,53,33,43,-9.1,22,0,0
12/31/2001,41,34,37.5,-14.6,27,0,0.02
1/1/2002,41,31,36,-16,29,0,0.2
1/2/2002,40,31,35.5,-16.4,29,0,0
1/3/2002,41,22,31.5,-20.3,33,0,0
1/4/2002,49,18,33.5,-18.3,31,0,0
1/5/2002,54,30,42,-9.7,23,0,1.21
1/6/2002,51,38,44.5,-7.2,20,0,0
1/7/2002,47,26,36.5,-15.1,28,0,0
1/8/2002,55,23,39,-12.6,26,0,0
1/9/2002,70,33,51.5,-0.1,13,0,0
1/10/2002,72,45,58.5,6.9,6,0,0
1/11/2002,67,52,59.5,8,5,0,0.01
1/12/2002,60,40,50,-1.5,15,0,0.47
1/13/2002,62,32,47,-4.6,18,0,0
1/14/2002,67,39,53,1.4,12,0,0
1/15/2002,61,33,47,-4.6,18,0,0
1/16/2002,65,30,47.5,-4.1,17,0,0
1/17/2002,74,45,59.5,7.8,5,0,0
1/18/2002,66,51,58.5,6.8,6,0,0.01
1/19/2002,72,38,55,3.2,10,0,0.78
1/20/2002,50,31,40.5,-11.3,24,0,0
1/21/2002,66,48,57,5.1,8,0,0.06
1/22/2002,70,47,58.5,6.5,6,0,0
1/23/2002,83,69,76,23.9,0,11,0
1/24/2002,80,52,66,13.8,0,1,0.66
1/25/2002,62,43,52.5,0.2,12,0,0
1/26/2002,65,37,51,-1.4,14,0,0
1/27/2002,72,41,56.5,4,8,0,0
1/28/2002,75,62,68.5,15.8,0,4,0
1/29/2002,80,68,74,21.2,0,9,0.11
1/30/2002,83,67,75,22.1,0,10,0.05
1/31/2002,84,54,69,15.9,0,4,0.72
2/1/2002,54,40,47,-6.2,18,0,0.35
2/2/2002,60,36,48,-5.4,17,0,0
2/3/2002,61,49,55,1.4,10,0,0
2/4/2002,57,49,53,-0.8,12,0,0
2/5/2002,50,38,44,-9.9,21,0,0.26
2/6/2002,42,39,40.5,-13.6,24,0,0.27
2/7/2002,47,38,42.5,-11.8,22,0,0
2/8/2002,55,32,43.5,-11,21,0,0
2/9/2002,69,31,50,-4.7,15,0,0
2/10/2002,61,44,52.5,-2.4,12,0,0
2/11/2002,54,35,44.5,-10.6,20,0,0
2/12/2002,61,31,46,-9.4,19,0,0
2/13/2002,66,46,56,0.4,9,0,0.03
2/14/2002,64,38,51,-4.8,14,0,0
2/15/2002,68,37,52.5,-3.5,12,0,0
2/16/2002,66,40,53,-3.2,12,0,0
2/17/2002,72,34,53,-3.4,12,0,0
2/18/2002,72,39,55.5,-1.2,9,0,0
2/19/2002,77,56,66.5,9.6,0,2,0
2/20/2002,72,47,59.5,2.4,5,0,0.53
2/21/2002,77,40,58.5,1.2,6,0,0
2/22/2002,62,42,52,-5.5,13,0,0
2/23/2002,64,31,47.5,-10.3,17,0,0
2/24/2002,69,32,50.5,-7.5,14,0,0
2/25/2002,77,44,60.5,2.3,4,0,0
2/26/2002,64,33,48.5,-9.9,16,0,0
2/27/2002,45,26,35.5,-23.1,29,0,0
2/28/2002,55,24,39.5,-19.4,25,0,0
3/1/2002,52,43,47.5,-11.6,17,0,3.08
3/2/2002,69,39,54,-5.3,11,0,0.01
3/3/2002,39,29,34,-25.5,31,0,0
3/4/2002,48,26,37,-22.7,28,0,0
3/5/2002,60,24,42,-17.9,23,0,0
3/6/2002,70,35,52.5,-7.6,12,0,0
3/7/2002,75,45,60,-0.3,5,0,0
3/8/2002,80,54,67,6.5,0,2,0
3/9/2002,80,49,64.5,3.8,0,0,0.39
3/10/2002,63,39,51,-9.9,14,0,0
3/11/2002,71,42,56.5,-4.6,8,0,0.29
3/12/2002,70,50,60,-1.3,5,0,0.44
3/13/2002,69,49,59,-2.5,6,0,0
3/14/2002,79,49,64,2.3,1,0,0
3/15/2002,85,65,75,13.1,0,10,0
3/16/2002,87,69,78,16,0,13,0
3/17/2002,86,69,77.5,15.3,0,13,0
3/18/2002,83,65,74,11.6,0,9,0
3/19/2002,86,64,75,12.4,0,10,0
3/20/2002,80,63,71.5,8.7,0,7,0.06
3/21/2002,71,53,62,-1,3,0,0
3/22/2002,57,39,48,-15.1,17,0,0
3/23/2002,65,33,49,-14.3,16,0,0
3/24/2002,75,42,58.5,-5,6,0,0
3/25/2002,81,56,68.5,4.8,0,4,0
3/26/2002,71,44,57.5,-6.4,7,0,1.7
3/27/2002,70,40,55,-9,10,0,0
3/28/2002,77,43,60,-4.2,5,0,0
3/29/2002,81,68,74.5,10.1,0,10,0
3/30/2002,83,70,76.5,11.9,0,12,0
3/31/2002,78,60,69,4.2,0,4,3.46
4/1/2002,72,56,64,-1,1,0,0
4/2/2002,83,54,68.5,3.3,0,4,0
4/3/2002,74,51,62.5,-2.8,2,0,0
4/4/2002,65,49,57,-8.5,8,0,0
4/5/2002,70,46,58,-7.7,7,0,0
4/6/2002,70,43,56.5,-9.4,8,0,0
4/7/2002,79,44,61.5,-4.6,3,0,0
4/8/2002,72,58,65,-1.3,0,0,4.28
4/9/2002,78,57,67.5,1,0,3,0
4/10/2002,81,56,68.5,1.8,0,4,0
4/11/2002,78,59,68.5,1.6,0,4,0.34
4/12/2002,79,63,71,3.9,0,6,0
4/13/2002,79,59,69,1.6,0,4,0
4/14/2002,80,61,70.5,2.9,0,6,0
4/15/2002,84,61,72.5,4.7,0,8,0
4/16/2002,86,68,77,9,0,12,0
4/17/2002,87,69,78,9.8,0,13,0
4/18/2002,86,63,74.5,6,0,10,0
4/19/2002,86,65,75.5,6.8,0,11,0
4/20/2002,86,65,75.5,6.6,0,11,0
4/21/2002,86,65,75.5,6.3,0,11,0
4/22/2002,79,63,71,1.6,0,6,0
4/23/2002,84,60,72,2.4,0,7,0.02
4/24/2002,86,66,76,6.1,0,11,0
4/25/2002,76,65,70.5,0.4,0,6,0
4/26/2002,84,64,74,3.6,0,9,0
4/27/2002,88,64,76,5.4,0,11,0
4/28/2002,88,73,80.5,9.6,0,16,0
4/29/2002,89,72,80.5,9.4,0,16,0
4/30/2002,87,72,79.5,8.1,0,15,0
5/1/2002,88,71,79.5,7.9,0,15,0
5/2/2002,90,75,82.5,10.6,0,18,0
5/3/2002,90,73,81.5,9.3,0,17,0
5/4/2002,90,74,82,9.6,0,17,0
5/5/2002,91,71,81,8.3,0,16,0
5/6/2002,91,69,80,7.1,0,15,0
5/7/2002,93,70,81.5,8.3,0,17,0
5/8/2002,91,71,81,7.5,0,16,0
5/9/2002,91,70,80.5,6.8,0,16,0
5/10/2002,91,67,79,5,0,14,0
5/11/2002,93,68,80.5,6.2,0,16,0
5/12/2002,92,72,82,7.5,0,17,0
5/13/2002,79,57,68,-6.8,0,3,0.15
5/14/2002,80,51,65.5,-9.5,0,1,0
5/15/2002,85,55,70,-5.3,0,5,0
5/16/2002,90,60,75,-0.5,0,10,0
5/17/2002,89,66,77.5,1.7,0,13,1.01
5/18/2002,67,54,60.5,-15.5,4,0,0
5/19/2002,76,49,62.5,-13.8,2,0,0
5/20/2002,78,47,62.5,-14,2,0,0
5/21/2002,81,53,67,-9.8,0,2,0
5/22/2002,79,51,65,-12,0,0,0
5/23/2002,83,49,66,-11.2,0,1,0
5/24/2002,85,57,71,-6.5,0,6,0
5/25/2002,89,65,77,-0.7,0,12,0.01
5/26/2002,89,63,76,-1.9,0,11,0.41
5/27/2002,89,63,76,-2.1,0,11,0
5/28/2002,86,64,75,-3.3,0,10,0
5/29/2002,87,67,77,-1.5,0,12,0.02
5/30/2002,82,66,74,-4.7,0,9,0.23
5/31/2002,88,66,77,-1.9,0,12,0
6/1/2002,91,65,78,-1.1,0,13,0
6/2/2002,92,68,80,0.7,0,15,0
6/3/2002,91,66,78.5,-1,0,14,0
6/4/2002,94,70,82,2.4,0,17,0.03
6/5/2002,88,70,79,-0.8,0,14,0.1
6/6/2002,93,70,81.5,1.5,0,17,0
6/7/2002,94,73,83.5,3.4,0,19,0.01
6/8/2002,91,73,82,1.7,0,17,0
6/9/2002,90,70,80,-0.4,0,15,0
6/10/2002,90,73,81.5,1,0,17,0
6/11/2002,92,69,80.5,-0.2,0,16,0
6/12/2002,94,70,82,1.2,0,17,0
6/13/2002,93,72,82.5,1.6,0,18,0
6/14/2002,93,70,81.5,0.5,0,17,0
6/15/2002,89,62,75.5,-5.6,0,11,0
6/16/2002,83,65,74,-7.2,0,9,0.06
6/17/2002,85,68,76.5,-4.8,0,12,0.05
6/18/2002,91,68,79.5,-1.9,0,15,0.01
6/19/2002,91,70,80.5,-1,0,16,0.01
6/20/2002,93,70,81.5,-0.1,0,17,0.6
6/21/2002,93,69,81,-0.7,0,16,0
6/22/2002,88,65,76.5,-5.3,0,12,0
6/23/2002,82,66,74,-7.8,0,9,0.07
6/24/2002,84,67,75.5,-6.4,0,11,0.4
6/25/2002,88,69,78.5,-3.5,0,14,0.63
6/26/2002,79,69,74,-8,0,9,0.62
6/27/2002,84,71,77.5,-4.6,0,13,0.37
6/28/2002,88,70,79,-3.2,0,14,0.98
6/29/2002,92,71,81.5,-0.7,0,17,0
6/30/2002,92,73,82.5,0.2,0,18,0
7/1/2002,89,71,80,-2.3,0,15,0.01
7/2/2002,88,72,80,-2.4,0,15,0.81
7/3/2002,89,71,80,-2.4,0,15,0.24
7/4/2002,90,72,81,-1.5,0,16,0
7/5/2002,89,74,81.5,-1,0,17,0.13
7/6/2002,93,72,82.5,0,0,18,0.04
7/7/2002,94,73,83.5,0.9,0,19,0.23
7/8/2002,91,70,80.5,-2.1,0,16,0.06
7/9/2002,89,73,81,-1.7,0,16,0.07
7/10/2002,91,73,82,-0.7,0,17,0
7/11/2002,92,73,82.5,-0.2,0,18,0
7/12/2002,94,73,83.5,0.7,0,19,0.08
7/13/2002,85,73,79,-3.8,0,14,0.05
7/14/2002,87,72,79.5,-3.3,0,15,0.38
7/15/2002,89,72,80.5,-2.4,0,16,0
7/16/2002,91,71,81,-1.9,0,16,0
7/17/2002,92,70,81,-1.9,0,16,0
7/18/2002,94,73,83.5,0.5,0,19,0
7/19/2002,93,76,84.5,1.5,0,20,0
7/20/2002,94,76,85,2,0,20,0
7/21/2002,94,73,83.5,0.5,0,19,0
7/22/2002,94,72,83,-0.1,0,18,0
7/23/2002,91,71,81,-2.1,0,16,0.27
7/24/2002,93,72,82.5,-0.6,0,18,0
7/25/2002,88,73,80.5,-2.6,0,16,0
7/26/2002,89,73,81,-2.1,0,16,0.07
7/27/2002,93,71,82,-1.2,0,17,0
7/28/2002,93,73,83,-0.2,0,18,0.92
7/29/2002,90,74,82,-1.2,0,17,0
7/30/2002,86,73,79.5,-3.7,0,15,0.02
7/31/2002,93,71,82,-1.2,0,17,0
8/1/2002,91,74,82.5,-0.7,0,18,0
8/2/2002,96,73,84.5,1.3,0,20,0
8/3/2002,94,71,82.5,-0.7,0,18,0
8/4/2002,94,71,82.5,-0.7,0,18,0
8/5/2002,88,73,80.5,-2.7,0,16,0.01
8/6/2002,79,74,76.5,-6.7,0,12,0.23
8/7/2002,95,73,84,0.8,0,19,0
8/8/2002,94,75,84.5,1.3,0,20,0
8/9/2002,92,67,79.5,-3.7,0,15,0
8/10/2002,92,67,79.5,-3.6,0,15,0
8/11/2002,90,70,80,-3.1,0,15,2.03
8/12/2002,90,71,80.5,-2.6,0,16,0
8/13/2002,91,70,80.5,-2.6,0,16,0.46
8/14/2002,85,71,78,-5,0,13,0
8/15/2002,87,73,80,-3,0,15,1.06
8/16/2002,92,72,82,-0.9,0,17,0.01
8/17/2002,93,73,83,0.1,0,18,0
8/18/2002,93,74,83.5,0.7,0,19,0
8/19/2002,94,73,83.5,0.7,0,19,0
8/20/2002,94,73,83.5,0.8,0,19,0
8/21/2002,93,73,83,0.4,0,18,0
8/22/2002,85,73,79,-3.5,0,14,0.73
8/23/2002,91,72,81.5,-1,0,17,0.07
8/24/2002,94,72,83,0.6,0,18,0
8/25/2002,93,74,83.5,1.2,0,19,0
8/26/2002,92,72,82,-0.2,0,17,0
8/27/2002,93,70,81.5,-0.6,0,17,0
8/28/2002,91,70,80.5,-1.5,0,16,0
8/29/2002,92,71,81.5,-0.4,0,17,0
8/30/2002,92,72,82,0.2,0,17,0
8/31/2002,93,73,83,1.3,0,18,0.03
9/1/2002,92,73,82.5,1,0,18,0
9/2/2002,91,72,81.5,0.1,0,17,0.13
9/3/2002,85,73,79,-2.3,0,14,0.13
9/4/2002,87,73,80,-1.1,0,15,0.19
9/5/2002,90,73,81.5,0.5,0,17,0
9/6/2002,84,74,79,-1.8,0,14,0.08
9/7/2002,82,74,78,-2.7,0,13,0.29
9/8/2002,81,74,77.5,-3,0,13,0.21
9/9/2002,90,73,81.5,1.2,0,17,0
9/10/2002,92,72,82,1.9,0,17,0
9/11/2002,95,70,82.5,2.5,0,18,0
9/12/2002,95,73,84,4.2,0,19,0
9/13/2002,94,72,83,3.4,0,18,0.29
9/14/2002,92,73,82.5,3.1,0,18,0
9/15/2002,94,75,84.5,5.3,0,20,0
9/16/2002,90,73,81.5,2.6,0,17,0.22
9/17/2002,87,73,80,1.3,0,15,0.33
9/18/2002,91,73,82,3.5,0,17,0
9/19/2002,92,72,82,3.8,0,17,0
9/20/2002,88,74,81,3,0,16,0.35
9/21/2002,90,73,81.5,3.7,0,17,0.01
9/22/2002,89,74,81.5,4,0,17,0.02
9/23/2002,85,71,78,0.8,0,13,0
9/24/2002,78,70,74,-3,0,9,0.17
9/25/2002,73,69,71,-5.7,0,6,1.93
9/26/2002,74,69,71.5,-4.9,0,7,1.84
9/27/2002,86,65,75.5,-0.6,0,11,0
9/28/2002,87,65,76,0.2,0,11,0
9/29/2002,86,66,76,0.5,0,11,0
9/30/2002,88,68,78,2.8,0,13,0.01
10/1/2002,91,71,81,6.1,0,16,0
10/2/2002,89,72,80.5,5.9,0,16,0.26
10/3/2002,79,74,76.5,2.3,0,12,2.59
10/4/2002,90,77,83.5,9.6,0,19,0
10/5/2002,90,72,81,7.4,0,16,0.47
10/6/2002,89,71,80,6.8,0,15,0
10/7/2002,82,69,75.5,2.6,0,11,0
10/8/2002,80,66,73,0.5,0,8,0.01
10/9/2002,77,71,74,1.8,0,9,1.06
10/10/2002,82,71,76.5,4.7,0,12,0.02
10/11/2002,73,66,69.5,-1.9,0,5,0.01
10/12/2002,83,64,73.5,2.4,0,9,0
10/13/2002,81,62,71.5,0.8,0,7,0
10/14/2002,74,56,65,-5.3,0,0,0
10/15/2002,72,53,62.5,-7.4,2,0,0
10/16/2002,73,47,60,-9.6,5,0,0
10/17/2002,74,47,60.5,-8.7,4,0,0
10/18/2002,80,50,65,-3.8,0,0,0
10/19/2002,84,63,73.5,5.1,0,9,0.03
10/20/2002,78,64,71,3,0,6,0.06
10/21/2002,75,65,70,2.4,0,5,0.04
10/22/2002,77,64,70.5,3.2,0,6,0.02
10/23/2002,74,65,69.5,2.6,0,5,0.01
10/24/2002,77,64,70.5,4,0,6,0
10/25/2002,73,63,68,1.9,0,3,1.02
10/26/2002,75,69,72,6.3,0,7,0.22
10/27/2002,77,70,73.5,8.1,0,9,1.77
10/28/2002,77,74,75.5,10.5,0,11,0.2
10/29/2002,76,68,72,7.4,0,7,1.51
10/30/2002,79,59,69,4.7,0,4,0
10/31/2002,73,53,63,-0.9,2,0,0
11/1/2002,66,50,58,-5.6,7,0,0
11/2/2002,65,48,56.5,-6.7,8,0,0.04
11/3/2002,69,54,61.5,-1.4,3,0,0.36
11/4/2002,66,57,61.5,-1,3,0,0.12
11/5/2002,75,52,63.5,1.3,1,0,1.45
11/6/2002,64,44,54,-7.9,11,0,0
11/7/2002,67,40,53.5,-8.1,11,0,0
11/8/2002,72,42,57,-4.3,8,0,0
11/9/2002,79,60,69.5,8.5,0,5,0
11/10/2002,84,74,79,18.3,0,14,0.11
11/11/2002,80,62,71,10.6,0,6,0.15
11/12/2002,67,47,57,-3.1,8,0,0
11/13/2002,65,41,53,-6.8,12,0,0
11/14/2002,71,38,54.5,-5,10,0,0
11/15/2002,74,54,64,4.7,1,0,0.45
11/16/2002,54,40,47,-12,18,0,0
11/17/2002,62,37,49.5,-9.3,15,0,0
11/18/2002,73,39,56,-2.5,9,0,0
11/19/2002,70,58,64,5.7,1,0,0.18
11/20/2002,64,49,56.5,-1.6,8,0,0.73
11/21/2002,70,43,56.5,-1.3,8,0,0
11/22/2002,60,40,50,-7.6,15,0,0
11/23/2002,63,35,49,-8.4,16,0,0
11/24/2002,70,37,53.5,-3.7,11,0,0
11/25/2002,75,48,61.5,4.5,3,0,0
11/26/2002,67,48,57.5,0.7,7,0,0
11/27/2002,52,41,46.5,-10.1,18,0,0
11/28/2002,55,35,45,-11.4,20,0,0
11/29/2002,64,30,47,-9.3,18,0,0
11/30/2002,68,46,57,0.9,8,0,0.17
12/1/2002,58,38,48,-7.9,17,0,0
12/2/2002,70,35,52.5,-3.3,12,0,0
12/3/2002,63,52,57.5,1.9,7,0,1.58
12/4/2002,73,45,59,3.6,6,0,1.24
12/5/2002,45,34,39.5,-15.8,25,0,0
12/6/2002,52,30,41,-14.1,24,0,0
12/7/2002,54,29,41.5,-13.5,23,0,0
12/8/2002,59,36,47.5,-7.3,17,0,0
12/9/2002,62,36,49,-5.7,16,0,0.17
12/10/2002,53,39,46,-8.5,19,0,0.24
12/11/2002,57,34,45.5,-8.9,19,0,0
12/12/2002,55,40,47.5,-6.7,17,0,0.21
12/13/2002,59,48,53.5,-0.6,11,0,0.08
12/14/2002,59,37,48,-6,17,0,0
12/15/2002,63,31,47,-6.8,18,0,0
12/16/2002,72,37,54.5,0.8,10,0,0
12/17/2002,74,53,63.5,9.9,1,0,0
12/18/2002,77,57,67,13.6,0,2,0
12/19/2002,75,53,64,10.7,1,0,0.17
12/20/2002,61,39,50,-3.2,15,0,0
12/21/2002,67,33,50,-3.1,15,0,0
12/22/2002,73,56,64.5,11.5,0,0,0.01
12/23/2002,72,58,65,12.2,0,0,1.45
12/24/2002,73,40,56.5,3.8,8,0,0.83
12/25/2002,48,36,42,-10.6,23,0,0
12/26/2002,50,33,41.5,-11,23,0,0
12/27/2002,61,38,49.5,-2.9,15,0,0
12/28/2002,64,32,48,-4.3,17,0,0
12/29/2002,74,38,56,3.8,9,0,0
12/30/2002,71,52,61.5,9.4,3,0,0
12/31/2002,66,47,56.5,4.4,8,0,1.17
1/1/2003,60,43,51.5,-0.5,13,0,0
1/2/2003,56,39,47.5,-4.4,17,0,0
1/3/2003,53,32,42.5,-9.3,22,0,0
1/4/2003,61,29,45,-6.8,20,0,0
1/5/2003,68,36,52,0.3,13,0,0
1/6/2003,65,40,52.5,0.8,12,0,0
1/7/2003,54,32,43,-8.6,22,0,0
1/8/2003,65,33,49,-2.6,16,0,0
1/9/2003,70,45,57.5,5.9,7,0,0
1/10/2003,65,40,52.5,0.9,12,0,0
1/11/2003,49,35,42,-9.5,23,0,0.01
1/12/2003,45,38,41.5,-10,23,0,0
1/13/2003,56,35,45.5,-6.1,19,0,0
1/14/2003,55,29,42,-9.6,23,0,0
1/15/2003,57,35,46,-5.6,19,0,0
1/16/2003,65,34,49.5,-2.1,15,0,0
1/17/2003,44,27,35.5,-16.2,29,0,0
1/18/2003,51,26,38.5,-13.2,26,0,0
1/19/2003,62,29,45.5,-6.3,19,0,0
1/20/2003,71,42,56.5,4.7,8,0,0
1/21/2003,72,60,66,14.1,0,1,0
1/22/2003,65,38,51.5,-0.5,13,0,0
1/23/2003,40,25,32.5,-19.6,32,0,0
1/24/2003,41,20,30.5,-21.7,34,0,0
1/25/2003,50,24,37,-15.3,28,0,0
1/26/2003,44,38,41,-11.4,24,0,0.24
1/27/2003,57,32,44.5,-8,20,0,0
1/28/2003,67,39,53,0.3,12,0,0
1/29/2003,75,60,67.5,14.7,0,3,0.27
1/30/2003,62,46,54,1.1,11,0,0
1/31/2003,57,44,50.5,-2.6,14,0,0
2/1/2003,66,36,51,-2.2,14,0,0
2/2/2003,72,41,56.5,3.1,8,0,0
2/3/2003,73,58,65.5,11.9,0,1,0.18
2/4/2003,59,42,50.5,-3.3,14,0,0
2/5/2003,54,37,45.5,-8.4,19,0,0
2/6/2003,55,44,49.5,-4.6,15,0,0.63
2/7/2003,46,36,41,-13.3,24,0,0
2/8/2003,48,34,41,-13.5,24,0,0
2/9/2003,57,41,49,-5.7,16,0,0.09
2/10/2003,58,39,48.5,-6.4,16,0,0
2/11/2003,66,32,49,-6.1,16,0,0
2/12/2003,71,38,54.5,-0.9,10,0,0
2/13/2003,72,44,58,2.4,7,0,0
2/14/2003,77,55,66,10.2,0,1,0
2/15/2003,70,57,63.5,7.5,1,0,1.72
2/16/2003,60,41,50.5,-5.7,14,0,0
2/17/2003,50,36,43,-13.4,22,0,0
2/18/2003,63,33,48,-8.7,17,0,0
2/19/2003,71,44,57.5,0.6,7,0,0
2/20/2003,69,53,61,3.9,4,0,0.51
2/21/2003,70,57,63.5,6.2,1,0,3.66
2/22/2003,67,43,55,-2.5,10,0,0.01
2/23/2003,68,37,52.5,-5.3,12,0,0
2/24/2003,69,50,59.5,1.5,5,0,0
2/25/2003,64,42,53,-5.2,12,0,0.07
2/26/2003,57,46,51.5,-6.9,13,0,0.39
2/27/2003,57,41,49,-9.6,16,0,0
2/28/2003,52,45,48.5,-10.4,16,0,0
3/1/2003,62,51,56.5,-2.6,8,0,0
3/2/2003,62,47,54.5,-4.8,10,0,0
3/3/2003,51,43,47,-12.5,18,0,0.04
3/4/2003,62,45,53.5,-6.2,11,0,0
3/5/2003,71,56,63.5,3.6,1,0,0.02
3/6/2003,71,53,62,1.9,3,0,0.96
3/7/2003,74,53,63.5,3.2,1,0,0
3/8/2003,70,51,60.5,0,4,0,0
3/9/2003,77,56,66.5,5.8,0,2,0.05
3/10/2003,73,48,60.5,-0.4,4,0,0
3/11/2003,74,52,63,1.9,2,0,0
3/12/2003,81,57,69,7.7,0,4,0
3/13/2003,78,57,67.5,6,0,3,0.5
3/14/2003,73,55,64,2.3,1,0,0
3/15/2003,76,49,62.5,0.6,2,0,0
3/16/2003,63,55,59,-3,6,0,0
3/17/2003,73,56,64.5,2.3,0,0,0
3/18/2003,77,55,66,3.6,0,1,0.35
3/19/2003,78,50,64,1.4,1,0,0
3/20/2003,80,51,65.5,2.7,0,1,0
3/21/2003,68,49,58.5,-4.5,6,0,0
3/22/2003,73,44,58.5,-4.6,6,0,0
3/23/2003,73,52,62.5,-0.8,2,0,0
3/24/2003,78,47,62.5,-1,2,0,0
3/25/2003,78,54,66,2.3,0,1,0
3/26/2003,68,57,62.5,-1.4,2,0,0.13
3/27/2003,79,52,65.5,1.5,0,1,0
3/28/2003,81,57,69,4.8,0,4,0
3/29/2003,57,47,52,-12.4,13,0,0.09
3/30/2003,58,37,47.5,-17.1,17,0,0
3/31/2003,68,33,50.5,-14.3,14,0,0
4/1/2003,74,47,60.5,-4.5,4,0,0
4/2/2003,75,49,62,-3.2,3,0,0
4/3/2003,80,58,69,3.7,0,4,0
4/4/2003,82,61,71.5,6,0,7,0
4/5/2003,76,62,69,3.3,0,4,0.99
4/6/2003,83,67,75,9.1,0,10,0
4/7/2003,75,64,69.5,3.4,0,5,1.04
4/8/2003,65,50,57.5,-8.8,7,0,1.05
4/9/2003,52,40,46,-20.5,19,0,0
4/10/2003,67,38,52.5,-14.2,12,0,0
4/11/2003,75,42,58.5,-8.4,6,0,0
4/12/2003,80,46,63,-4.1,2,0,0
4/13/2003,82,50,66,-1.4,0,1,0
4/14/2003,83,50,66.5,-1.1,0,2,0
4/15/2003,82,50,66,-1.8,0,1,0
4/16/2003,82,61,71.5,3.5,0,7,0
4/17/2003,84,60,72,3.8,0,7,0
4/18/2003,86,55,70.5,2,0,6,0
4/19/2003,83,63,73,4.3,0,8,0
4/20/2003,85,66,75.5,6.6,0,11,0.02
4/21/2003,80,58,69,-0.2,0,4,0
4/22/2003,81,54,67.5,-1.9,0,3,0.04
4/23/2003,81,58,69.5,-0.1,0,5,0.01
4/24/2003,82,69,75.5,5.6,0,11,0.03
4/25/2003,85,65,75,4.9,0,10,0
4/26/2003,78,55,66.5,-3.9,0,2,0
4/27/2003,81,51,66,-4.6,0,1,0
4/28/2003,85,56,70.5,-0.4,0,6,0
4/29/2003,85,57,71,-0.1,0,6,0
4/30/2003,85,57,71,-0.4,0,6,0
5/1/2003,87,61,74,2.4,0,9,0
5/2/2003,89,68,78.5,6.6,0,14,0
5/3/2003,91,70,80.5,8.3,0,16,0
5/4/2003,90,75,82.5,10.1,0,18,0
5/5/2003,89,74,81.5,8.8,0,17,0
5/6/2003,90,76,83,10.1,0,18,0
5/7/2003,91,76,83.5,10.3,0,19,0
5/8/2003,92,75,83.5,10,0,19,0
5/9/2003,91,74,82.5,8.8,0,18,0
5/10/2003,92,75,83.5,9.5,0,19,0
5/11/2003,88,71,79.5,5.2,0,15,0
5/12/2003,82,66,74,-0.5,0,9,0
5/13/2003,83,63,73,-1.8,0,8,0
5/14/2003,90,66,78,3,0,13,0
5/15/2003,88,72,80,4.7,0,15,0
5/16/2003,93,70,81.5,6,0,17,0
5/17/2003,88,71,79.5,3.7,0,15,0.35
5/18/2003,87,68,77.5,1.5,0,13,0
5/19/2003,86,67,76.5,0.2,0,12,0
5/20/2003,90,68,79,2.5,0,14,0
5/21/2003,84,69,76.5,-0.3,0,12,0
5/22/2003,84,67,75.5,-1.5,0,11,0
5/23/2003,86,60,73,-4.2,0,8,0
5/24/2003,87,59,73,-4.5,0,8,0
5/25/2003,89,64,76.5,-1.2,0,12,0
5/26/2003,85,68,76.5,-1.4,0,12,0.1
5/27/2003,78,61,69.5,-8.6,0,5,0
5/28/2003,84,55,69.5,-8.8,0,5,0
5/29/2003,89,57,73,-5.5,0,8,0
5/30/2003,93,66,79.5,0.8,0,15,0
5/31/2003,92,72,82,3.1,0,17,0
6/1/2003,92,71,81.5,2.4,0,17,0
6/2/2003,93,71,82,2.7,0,17,0.34
6/3/2003,86,71,78.5,-1,0,14,0.27
6/4/2003,84,69,76.5,-3.1,0,12,0
6/5/2003,88,72,80,0.2,0,15,0.07
6/6/2003,87,73,80,0,0,15,0.34
6/7/2003,89,71,80,-0.1,0,15,0
6/8/2003,92,69,80.5,0.2,0,16,0
6/9/2003,93,70,81.5,1.1,0,17,0
6/10/2003,93,75,84,3.5,0,19,0
6/11/2003,89,72,80.5,-0.2,0,16,0.33
6/12/2003,84,69,76.5,-4.3,0,12,0.08
6/13/2003,91,68,79.5,-1.4,0,15,0
6/14/2003,88,72,80,-1,0,15,0.03
6/15/2003,89,69,79,-2.1,0,14,0.44
6/16/2003,85,68,76.5,-4.7,0,12,0.32
6/17/2003,85,72,78.5,-2.8,0,14,0.82
6/18/2003,90,71,80.5,-0.9,0,16,0
6/19/2003,91,73,82,0.5,0,17,0
6/20/2003,87,73,80,-1.6,0,15,0.16
6/21/2003,87,74,80.5,-1.2,0,16,1.08
6/22/2003,92,74,83,1.2,0,18,0
6/23/2003,93,75,84,2.2,0,19,0
6/24/2003,94,74,84,2.1,0,19,0.06
6/25/2003,92,73,82.5,0.5,0,18,0.32
6/26/2003,93,73,83,1,0,18,0.3
6/27/2003,86,73,79.5,-2.6,0,15,0.58
6/28/2003,88,71,79.5,-2.7,0,15,0
6/29/2003,87,72,79.5,-2.7,0,15,0.62
6/30/2003,74,73,73.5,-8.8,0,9,1.22
7/1/2003,86,70,78,-4.3,0,13,0
7/2/2003,90,72,81,-1.4,0,16,1.31
7/3/2003,89,71,80,-2.4,0,15,0.39
7/4/2003,89,74,81.5,-1,0,17,0.17
7/5/2003,84,72,78,-4.5,0,13,0.32
7/6/2003,85,72,78.5,-4,0,14,0.01
7/7/2003,90,70,80,-2.6,0,15,0
7/8/2003,90,73,81.5,-1.1,0,17,0.03
7/9/2003,90,72,81,-1.7,0,16,0.07
7/10/2003,90,74,82,-0.7,0,17,0.04
7/11/2003,90,75,82.5,-0.2,0,18,0.04
7/12/2003,91,72,81.5,-1.3,0,17,0
7/13/2003,91,73,82,-0.8,0,17,0
7/14/2003,88,71,79.5,-3.3,0,15,0.37
7/15/2003,91,75,83,0.1,0,18,0
7/16/2003,92,73,82.5,-0.4,0,18,0
7/17/2003,92,71,81.5,-1.4,0,17,1.62
7/18/2003,92,71,81.5,-1.5,0,17,0
7/19/2003,90,74,82,-1,0,17,0
7/20/2003,90,73,81.5,-1.5,0,17,0
7/21/2003,91,77,84,1,0,19,0
7/22/2003,92,77,84.5,1.4,0,20,0.16
7/23/2003,89,74,81.5,-1.6,0,17,0
7/24/2003,89,72,80.5,-2.6,0,16,0
7/25/2003,91,73,82,-1.1,0,17,0.15
7/26/2003,89,72,80.5,-2.6,0,16,0
7/27/2003,91,70,80.5,-2.7,0,16,0
7/28/2003,92,72,82,-1.2,0,17,0
7/29/2003,92,76,84,0.8,0,19,0
7/30/2003,92,73,82.5,-0.7,0,18,0
7/31/2003,92,74,83,-0.2,0,18,0.17
8/1/2003,92,73,82.5,-0.7,0,18,0.02
8/2/2003,92,75,83.5,0.3,0,19,0
8/3/2003,93,75,84,0.8,0,19,0
8/4/2003,94,78,86,2.8,0,21,0
8/5/2003,90,76,83,-0.2,0,18,0
8/6/2003,94,75,84.5,1.3,0,20,0
8/7/2003,93,76,84.5,1.3,0,20,0
8/8/2003,92,73,82.5,-0.7,0,18,0
8/9/2003,92,72,82,-1.2,0,17,0
8/10/2003,95,71,83,-0.1,0,18,0
8/11/2003,87,69,78,-5.1,0,13,0
8/12/2003,82,68,75,-8.1,0,10,1.9
8/13/2003,86,69,77.5,-5.6,0,13,0.01
8/14/2003,94,70,82,-1,0,17,0
8/15/2003,93,77,85,2,0,20,0
8/16/2003,95,73,84,1.1,0,19,0.05
8/17/2003,96,75,85.5,2.6,0,21,0
8/18/2003,94,73,83.5,0.7,0,19,0
8/19/2003,94,75,84.5,1.7,0,20,0
8/20/2003,94,74,84,1.3,0,19,0
8/21/2003,91,71,81,-1.6,0,16,0.05
8/22/2003,93,71,82,-0.5,0,17,0
8/23/2003,93,73,83,0.5,0,18,0
8/24/2003,95,74,84.5,2.1,0,20,0.02
8/25/2003,93,74,83.5,1.2,0,19,0
8/26/2003,96,74,85,2.8,0,20,0.11
8/27/2003,95,74,84.5,2.4,0,20,0.07
8/28/2003,93,74,83.5,1.5,0,19,0.23
8/29/2003,94,73,83.5,1.6,0,19,0
8/30/2003,85,74,79.5,-2.3,0,15,0.39
8/31/2003,88,74,81,-0.7,0,16,0.38
9/1/2003,90,75,82.5,1,0,18,0.59
9/2/2003,94,73,83.5,2.1,0,19,0.2
9/3/2003,93,72,82.5,1.2,0,18,0.08
9/4/2003,86,74,80,-1.1,0,15,0
9/5/2003,86,68,77,-4,0,12,0
9/6/2003,88,63,75.5,-5.3,0,11,0
9/7/2003,85,70,77.5,-3.2,0,13,0
9/8/2003,90,69,79.5,-1,0,15,0
9/9/2003,90,69,79.5,-0.8,0,15,0
9/10/2003,90,68,79,-1.1,0,14,0
9/11/2003,89,71,80,0,0,15,0.75
9/12/2003,84,73,78.5,-1.3,0,14,0.84
9/13/2003,84,71,77.5,-2.1,0,13,1.07
9/14/2003,89,71,80,0.6,0,15,0
9/15/2003,88,67,77.5,-1.7,0,13,0
9/16/2003,87,61,74,-4.9,0,9,0
9/17/2003,88,59,73.5,-5.2,0,9,0
9/18/2003,89,60,74.5,-4,0,10,0
9/19/2003,89,62,75.5,-2.7,0,11,0
9/20/2003,87,66,76.5,-1.5,0,12,0
9/21/2003,82,72,77,-0.8,0,12,0.38
9/22/2003,82,68,75,-2.5,0,10,0.54
9/23/2003,87,62,74.5,-2.7,0,10,0
9/24/2003,87,66,76.5,-0.5,0,12,0
9/25/2003,89,63,76,-0.7,0,11,0
9/26/2003,88,70,79,2.6,0,14,0.02
9/27/2003,90,70,80,3.9,0,15,0
9/28/2003,84,62,73,-2.8,0,8,0
9/29/2003,77,52,64.5,-11,0,0,0
9/30/2003,78,52,65,-10.2,0,0,0
10/1/2003,81,52,66.5,-8.4,0,2,0
10/2/2003,74,51,62.5,-12.1,2,0,0
10/3/2003,79,46,62.5,-11.7,2,0,0
10/4/2003,84,53,68.5,-5.4,0,4,0
10/5/2003,86,55,70.5,-3.1,0,6,0
10/6/2003,83,65,74,0.8,0,9,0
10/7/2003,86,66,76,3.1,0,11,0.07
10/8/2003,84,66,75,2.5,0,10,0
10/9/2003,78,67,72.5,0.3,0,8,0.09
10/10/2003,73,70,71.5,-0.3,0,7,1.32
10/11/2003,78,70,74,2.6,0,9,0.02
10/12/2003,83,65,74,2.9,0,9,0
10/13/2003,79,65,72,1.3,0,7,0
10/14/2003,84,56,70,-0.3,0,5,0
10/15/2003,77,47,62,-7.9,3,0,0
10/16/2003,79,47,63,-6.6,2,0,0
10/17/2003,84,55,69.5,0.3,0,5,0.02
10/18/2003,77,54,65.5,-3.3,0,1,0
10/19/2003,80,50,65,-3.4,0,0,0
10/20/2003,85,50,67.5,-0.5,0,3,0
10/21/2003,85,53,69,1.4,0,4,0
10/22/2003,87,57,72,4.7,0,7,0
10/23/2003,88,57,72.5,5.6,0,8,0
10/24/2003,85,56,70.5,4,0,6,0
10/25/2003,83,66,74.5,8.4,0,10,0.11
10/26/2003,73,55,64,-1.7,1,0,0
10/27/2003,59,48,53.5,-11.9,11,0,0
10/28/2003,74,45,59.5,-5.5,5,0,0
10/29/2003,79,46,62.5,-2.1,2,0,0
10/30/2003,84,54,69,4.7,0,4,0
10/31/2003,85,59,72,8.1,0,7,0
11/1/2003,84,61,72.5,8.9,0,8,0
11/2/2003,84,59,71.5,8.3,0,7,0
11/3/2003,86,54,70,7.1,0,5,0
11/4/2003,84,55,69.5,7,0,5,0
11/5/2003,86,64,75,12.8,0,10,0
11/6/2003,82,61,71.5,9.6,0,7,0
11/7/2003,75,57,66,4.4,0,1,0
11/8/2003,76,53,64.5,3.2,0,0,0
11/9/2003,78,56,67,6,0,2,0
11/10/2003,73,58,65.5,4.8,0,1,0
11/11/2003,81,56,68.5,8.1,0,4,0
11/12/2003,83,59,71,10.9,0,6,0
11/13/2003,71,48,59.5,-0.3,5,0,0
11/14/2003,68,42,55,-4.5,10,0,0
11/15/2003,77,42,59.5,0.2,5,0,0
11/16/2003,81,61,71,12,0,6,0
11/17/2003,79,65,72,13.2,0,7,0.05
11/18/2003,75,58,66.5,8,0,2,1.85
11/19/2003,67,43,55,-3.3,10,0,0
11/20/2003,74,38,56,-2.1,9,0,0
11/21/2003,75,43,59,1.2,6,0,0
11/22/2003,80,60,70,12.4,0,5,0
11/23/2003,83,47,65,7.6,0,0,0.84
11/24/2003,51,31,41,-16.2,24,0,0.09
11/25/2003,58,27,42.5,-14.5,22,0,0
11/26/2003,70,46,58,1.2,7,0,0.01
11/27/2003,73,58,65.5,8.9,0,1,2.65
11/28/2003,58,36,47,-9.4,18,0,0
11/29/2003,58,31,44.5,-11.8,20,0,0
11/30/2003,64,30,47,-9.1,18,0,0
12/1/2003,71,38,54.5,-1.4,10,0,0
12/2/2003,67,42,54.5,-1.3,10,0,0
12/3/2003,74,45,59.5,3.9,5,0,0
12/4/2003,64,46,55,-0.4,10,0,0
12/5/2003,55,37,46,-9.3,19,0,0
12/6/2003,44,31,37.5,-17.6,27,0,0
12/7/2003,53,27,40,-15,25,0,0
12/8/2003,70,35,52.5,-2.3,12,0,0
12/9/2003,76,52,64,9.3,1,0,0.19
12/10/2003,54,41,47.5,-7,17,0,0
12/11/2003,58,30,44,-10.4,21,0,0
12/12/2003,61,40,50.5,-3.7,14,0,0
12/13/2003,53,46,49.5,-4.6,15,0,0.6
12/14/2003,56,34,45,-9,20,0,0
12/15/2003,67,32,49.5,-4.3,15,0,0
12/16/2003,66,41,53.5,-0.2,11,0,0
12/17/2003,53,32,42.5,-11.1,22,0,0
12/18/2003,65,37,51,-2.4,14,0,0
12/19/2003,61,35,48,-5.3,17,0,0
12/20/2003,60,29,44.5,-8.7,20,0,0
12/21/2003,67,29,48,-5.1,17,0,0
12/22/2003,74,46,60,7,5,0,0
12/23/2003,63,43,53,0.2,12,0,0.52
12/24/2003,57,36,46.5,-6.2,18,0,0
12/25/2003,56,35,45.5,-7.1,19,0,0
12/26/2003,68,40,54,1.5,11,0,0
12/27/2003,70,42,56,3.6,9,0,0
12/28/2003,78,51,64.5,12.2,0,0,0
12/29/2003,67,41,54,1.8,11,0,1.31
12/30/2003,59,33,46,-6.1,19,0,0
12/31/2003,69,31,50,-2.1,15,0,0
1/1/2004,77,51,64,12,1,0,0
1/2/2004,74,63,68.5,16.6,0,4,0
1/3/2004,79,61,70,18.2,0,5,0
1/4/2004,77,64,70.5,18.7,0,6,0.01
1/5/2004,71,38,54.5,2.8,10,0,0.45
1/6/2004,49,32,40.5,-11.2,24,0,0
1/7/2004,52,28,40,-11.6,25,0,0
1/8/2004,53,39,46,-5.6,19,0,0.74
1/9/2004,54,39,46.5,-5.1,18,0,0.11
1/10/2004,51,34,42.5,-9.1,22,0,0
1/11/2004,56,28,42,-9.5,23,0,0
1/12/2004,64,31,47.5,-4,17,0,0
1/13/2004,71,43,57,5.4,8,0,0
1/14/2004,73,45,59,7.4,6,0,0
1/15/2004,66,49,57.5,5.9,7,0,0
1/16/2004,66,50,58,6.4,7,0,0
1/17/2004,72,50,61,9.3,4,0,0.09
1/18/2004,67,48,57.5,5.8,7,0,0
1/19/2004,49,31,40,-11.8,25,0,0
1/20/2004,51,26,38.5,-13.3,26,0,0
1/21/2004,60,30,45,-6.9,20,0,0
1/22/2004,64,30,47,-5,18,0,0
1/23/2004,67,34,50.5,-1.6,14,0,0
1/24/2004,70,50,60,7.8,5,0,0.07
1/25/2004,73,54,63.5,11.2,1,0,0.54
1/26/2004,75,44,59.5,7.1,5,0,0
1/27/2004,53,29,41,-11.5,24,0,0
1/28/2004,54,24,39,-13.7,26,0,0
1/29/2004,55,28,41.5,-11.3,23,0,0.24
1/30/2004,55,50,52.5,-0.4,12,0,1.51
1/31/2004,61,38,49.5,-3.6,15,0,0
2/1/2004,62,47,54.5,1.3,10,0,0
2/2/2004,65,44,54.5,1.1,10,0,0.41
2/3/2004,59,35,47,-6.6,18,0,0
2/4/2004,61,40,50.5,-3.3,14,0,0.54
2/5/2004,73,52,62.5,8.6,2,0,3.9
2/6/2004,54,39,46.5,-7.6,18,0,0
2/7/2004,51,32,41.5,-12.8,23,0,0
2/8/2004,47,28,37.5,-17,27,0,0
2/9/2004,69,35,52,-2.7,13,0,0
2/10/2004,58,55,56.5,1.6,8,0,0.94
2/11/2004,58,51,54.5,-0.6,10,0,1.93
2/12/2004,52,45,48.5,-6.9,16,0,0.24
2/13/2004,47,42,44.5,-11.1,20,0,0.32
2/14/2004,48,40,44,-11.8,21,0,0.14
2/15/2004,52,38,45,-11,20,0,0
2/16/2004,57,31,44,-12.2,21,0,0
2/17/2004,58,32,45,-11.4,20,0,0.01
2/18/2004,62,32,47,-9.7,18,0,0
2/19/2004,67,36,51.5,-5.4,13,0,0
2/20/2004,75,49,62,4.9,3,0,0
2/21/2004,70,47,58.5,1.2,6,0,0
2/22/2004,73,43,58,0.5,7,0,0
2/23/2004,60,50,55,-2.8,10,0,1.83
2/24/2004,57,55,56,-2,9,0,1.05
2/25/2004,58,43,50.5,-7.7,14,0,0.13
2/26/2004,47,42,44.5,-13.9,20,0,0
2/27/2004,62,42,52,-6.6,13,0,0
2/28/2004,63,37,50,-8.9,15,0,0
2/29/2004,74,52,63,4,2,0,0
3/1/2004,79,61,70,10.9,0,5,0
3/2/2004,81,65,73,13.7,0,8,0
3/3/2004,81,66,73.5,14,0,9,0
3/4/2004,81,66,73.5,13.8,0,9,0
3/5/2004,77,71,74,14.1,0,9,0.16
3/6/2004,81,56,68.5,8.4,0,4,0.27
3/7/2004,80,50,65,4.7,0,0,0
3/8/2004,71,48,59.5,-1,5,0,0
3/9/2004,76,48,62,1.3,3,0,0
3/10/2004,67,38,52.5,-8.4,12,0,0
3/11/2004,71,38,54.5,-6.6,10,0,0
3/12/2004,75,44,59.5,-1.8,5,0,0
3/13/2004,73,51,62,0.5,3,0,0
3/14/2004,73,58,65.5,3.8,0,1,1.25
3/15/2004,69,60,64.5,2.6,0,0,0.01
3/16/2004,76,49,62.5,0.5,2,0,0
3/17/2004,78,46,62,-0.2,3,0,0
3/18/2004,80,61,70.5,8.1,0,6,0
3/19/2004,80,56,68,5.4,0,3,0
3/20/2004,82,55,68.5,5.7,0,4,0
3/21/2004,75,51,63,0,2,0,0
3/22/2004,65,44,54.5,-8.6,10,0,0
3/23/2004,70,41,55.5,-7.8,9,0,0
3/24/2004,74,49,61.5,-2,3,0,0
3/25/2004,78,58,68,4.3,0,3,0
3/26/2004,79,56,67.5,3.6,0,3,0
3/27/2004,81,56,68.5,4.5,0,4,0
3/28/2004,80,62,71,6.8,0,6,0
3/29/2004,78,54,66,1.6,0,1,0.73
3/30/2004,78,45,61.5,-3.1,3,0,0
3/31/2004,71,44,57.5,-7.3,7,0,0
4/1/2004,72,39,55.5,-9.5,9,0,0
4/2/2004,75,52,63.5,-1.7,1,0,0
4/3/2004,77,48,62.5,-2.8,2,0,0
4/4/2004,78,48,63,-2.5,2,0,0
4/5/2004,70,46,58,-7.7,7,0,0
4/6/2004,78,48,63,-2.9,2,0,0.32
4/7/2004,79,60,69.5,3.4,0,5,0
4/8/2004,75,59,67,0.7,0,2,0
4/9/2004,82,56,69,2.5,0,4,0
4/10/2004,82,54,68,1.3,0,3,0
4/11/2004,71,52,61.5,-5.4,3,0,0.28
4/12/2004,57,45,51,-16.1,14,0,0.04
4/13/2004,61,41,51,-16.4,14,0,0
4/14/2004,67,39,53,-14.6,12,0,0
4/15/2004,73,38,55.5,-12.3,9,0,0
4/16/2004,75,42,58.5,-9.5,6,0,0
4/17/2004,77,49,63,-5.2,2,0,0
4/18/2004,78,51,64.5,-4,0,0,0
4/19/2004,82,57,69.5,0.8,0,5,0
4/20/2004,81,63,72,3.1,0,7,0
4/21/2004,83,62,72.5,3.3,0,8,0
4/22/2004,87,68,77.5,8.1,0,13,0
4/23/2004,88,70,79,9.4,0,14,0
4/24/2004,88,68,78,8.1,0,13,0.26
4/25/2004,84,66,75,4.9,0,10,1.91
4/26/2004,79,60,69.5,-0.9,0,5,0
4/27/2004,80,53,66.5,-4.1,0,2,0
4/28/2004,81,49,65,-5.9,0,0,0
4/29/2004,82,60,71,-0.1,0,6,0.03
4/30/2004,72,62,67,-4.4,0,2,3.86
5/1/2004,80,62,71,-0.6,0,6,1.12
5/2/2004,68,50,59,-12.9,6,0,0
5/3/2004,75,48,61.5,-10.7,3,0,0
5/4/2004,81,47,64,-8.4,1,0,0
5/5/2004,84,56,70,-2.7,0,5,0
5/6/2004,86,55,70.5,-2.4,0,6,0
5/7/2004,85,58,71.5,-1.7,0,7,0
5/8/2004,88,60,74,0.5,0,9,0
5/9/2004,88,63,75.5,1.8,0,11,0
5/10/2004,86,64,75,1,0,10,0
5/11/2004,85,68,76.5,2.2,0,12,0.18
5/12/2004,76,66,71,-3.5,0,6,4.32
5/13/2004,87,65,76,1.2,0,11,0.25
5/14/2004,84,67,75.5,0.5,0,11,2.69
5/15/2004,80,67,73.5,-1.8,0,9,0.39
5/16/2004,83,68,75.5,0,0,11,0.09
5/17/2004,85,67,76,0.2,0,11,0.38
5/18/2004,83,66,74.5,-1.5,0,10,0.22
5/19/2004,87,68,77.5,1.2,0,13,0.34
5/20/2004,88,66,77,0.5,0,12,0
5/21/2004,88,66,77,0.2,0,12,0.62
5/22/2004,87,68,77.5,0.5,0,13,0
5/23/2004,89,67,78,0.8,0,13,0
5/24/2004,90,71,80.5,3,0,16,0
5/25/2004,88,72,80,2.3,0,15,0
5/26/2004,88,70,79,1.1,0,14,0
5/27/2004,89,71,80,1.9,0,15,0
5/28/2004,90,71,80.5,2.2,0,16,0
5/29/2004,92,70,81,2.5,0,16,0
5/30/2004,91,78,84.5,5.8,0,20,0
5/31/2004,89,72,80.5,1.6,0,16,0.04
6/1/2004,84,68,76,-3.1,0,11,1.06
6/2/2004,90,71,80.5,1.2,0,16,0
6/3/2004,84,69,76.5,-3,0,12,1.23
6/4/2004,89,70,79.5,-0.1,0,15,0.01
6/5/2004,89,69,79,-0.8,0,14,0.39
6/6/2004,89,68,78.5,-1.5,0,14,0.09
6/7/2004,91,67,79,-1.1,0,14,0
6/8/2004,91,72,81.5,1.2,0,17,0.05
6/9/2004,91,72,81.5,1.1,0,17,0
6/10/2004,92,72,82,1.5,0,17,0.31
6/11/2004,92,75,83.5,2.8,0,19,0
6/12/2004,93,75,84,3.2,0,19,0.15
6/13/2004,92,73,82.5,1.6,0,18,0
6/14/2004,84,73,78.5,-2.5,0,14,0.26
6/15/2004,91,73,82,0.9,0,17,0
6/16/2004,92,75,83.5,2.3,0,19,0.31
6/17/2004,93,74,83.5,2.2,0,19,0
6/18/2004,93,77,85,3.6,0,20,0
6/19/2004,92,75,83.5,2,0,19,0
6/20/2004,91,72,81.5,-0.1,0,17,0
6/21/2004,91,73,82,0.3,0,17,0.01
6/22/2004,88,72,80,-1.8,0,15,0.31
6/23/2004,85,73,79,-2.8,0,14,1
6/24/2004,83,73,78,-3.9,0,13,1.07
6/25/2004,75,69,72,-10,0,7,1.98
6/26/2004,79,69,74,-8,0,9,0.87
6/27/2004,91,71,81,-1.1,0,16,0.21
6/28/2004,89,70,79.5,-2.7,0,15,0.54
6/29/2004,91,71,81,-1.2,0,16,0.5
6/30/2004,91,73,82,-0.3,0,17,0.06
7/1/2004,87,73,80,-2.3,0,15,0.01
7/2/2004,90,74,82,-0.4,0,17,0.04
7/3/2004,91,73,82,-0.4,0,17,0
7/4/2004,92,74,83,0.5,0,18,0.02
7/5/2004,92,74,83,0.5,0,18,0.02
7/6/2004,90,74,82,-0.5,0,17,0
7/7/2004,91,73,82,-0.6,0,17,0
7/8/2004,87,71,79,-3.6,0,14,0.72
7/9/2004,85,72,78.5,-4.2,0,14,0
7/10/2004,92,70,81,-1.7,0,16,0
7/11/2004,93,70,81.5,-1.2,0,17,0.01
7/12/2004,95,75,85,2.2,0,20,0
7/13/2004,94,74,84,1.2,0,19,0
7/14/2004,94,77,85.5,2.7,0,21,0
7/15/2004,99,78,88.5,5.6,0,24,0
7/16/2004,94,79,86.5,3.6,0,22,0
7/17/2004,87,74,80.5,-2.4,0,16,0.54
7/18/2004,90,74,82,-1,0,17,0.09
7/19/2004,89,70,79.5,-3.5,0,15,0
7/20/2004,91,69,80,-3,0,15,0
7/21/2004,93,73,83,0,0,18,0.23
7/22/2004,95,76,85.5,2.4,0,21,0
7/23/2004,94,75,84.5,1.4,0,20,0.06
7/24/2004,95,74,84.5,1.4,0,20,0
7/25/2004,96,76,86,2.9,0,21,0.11
7/26/2004,88,72,80,-3.1,0,15,0
7/27/2004,87,71,79,-4.2,0,14,0
7/28/2004,90,69,79.5,-3.7,0,15,0
7/29/2004,95,72,83.5,0.3,0,19,0.14
7/30/2004,94,73,83.5,0.3,0,19,0.04
7/31/2004,96,75,85.5,2.3,0,21,0
8/1/2004,97,76,86.5,3.3,0,22,0
8/2/2004,96,76,86,2.8,0,21,0
8/3/2004,94,73,83.5,0.3,0,19,0
8/4/2004,94,74,84,0.8,0,19,0
8/5/2004,95,76,85.5,2.3,0,21,0.01
8/6/2004,89,69,79,-4.2,0,14,0
8/7/2004,92,65,78.5,-4.7,0,14,0
8/8/2004,94,73,83.5,0.3,0,19,0
8/9/2004,94,76,85,1.8,0,20,0.18
8/10/2004,93,74,83.5,0.4,0,19,0
8/11/2004,92,71,81.5,-1.6,0,17,1.11
8/12/2004,82,66,74,-9.1,0,9,0.25
8/13/2004,82,60,71,-12.1,0,6,0
8/14/2004,82,59,70.5,-12.5,0,6,0
8/15/2004,86,58,72,-11,0,7,0
8/16/2004,88,60,74,-8.9,0,9,0
8/17/2004,89,61,75,-7.9,0,10,0
8/18/2004,92,64,78,-4.8,0,13,0
8/19/2004,94,72,83,0.2,0,18,0.11
8/20/2004,90,73,81.5,-1.2,0,17,0.53
8/21/2004,91,73,82,-0.6,0,17,0
8/22/2004,93,76,84.5,2,0,20,0
8/23/2004,93,75,84,1.5,0,19,0
8/24/2004,94,76,85,2.6,0,20,0
8/25/2004,93,76,84.5,2.2,0,20,0.06
8/26/2004,94,75,84.5,2.3,0,20,0
8/27/2004,94,75,84.5,2.4,0,20,0
8/28/2004,94,73,83.5,1.5,0,19,0.02
8/29/2004,92,72,82,0.1,0,17,0.78
8/30/2004,91,69,80,-1.8,0,15,0.01
8/31/2004,90,67,78.5,-3.2,0,14,0
9/1/2004,91,71,81,-0.5,0,16,0
9/2/2004,90,71,80.5,-0.9,0,16,0.01
9/3/2004,91,73,82,0.7,0,17,0.65
9/4/2004,92,72,82,0.9,0,17,0
9/5/2004,93,73,83,2,0,18,0
9/6/2004,93,72,82.5,1.7,0,18,0
9/7/2004,92,74,83,2.3,0,18,0
9/8/2004,89,67,78,-2.5,0,13,0
9/9/2004,93,69,81,0.7,0,16,0
9/10/2004,94,73,83.5,3.4,0,19,0
9/11/2004,94,71,82.5,2.5,0,18,0
9/12/2004,91,73,82,2.2,0,17,0.69
9/13/2004,91,72,81.5,1.9,0,17,0
9/14/2004,91,73,82,2.6,0,17,0
9/15/2004,88,72,80,0.8,0,15,0
9/16/2004,93,73,83,4.1,0,18,0
9/17/2004,94,70,82,3.3,0,17,0
9/18/2004,95,68,81.5,3,0,17,0
9/19/2004,89,62,75.5,-2.7,0,11,0
9/20/2004,89,64,76.5,-1.5,0,12,0
9/21/2004,85,60,72.5,-5.3,0,8,0
9/22/2004,87,65,76,-1.5,0,11,0
9/23/2004,80,70,75,-2.2,0,10,0.12
9/24/2004,85,71,78,1,0,13,0
9/25/2004,90,71,80.5,3.8,0,16,0
9/26/2004,89,68,78.5,2.1,0,14,0
9/27/2004,88,63,75.5,-0.6,0,11,0
9/28/2004,88,58,73,-2.8,0,8,0
9/29/2004,86,58,72,-3.5,0,7,0
9/30/2004,88,64,76,0.8,0,11,0
10/1/2004,90,64,77,2.1,0,12,0
10/2/2004,91,67,79,4.4,0,14,0
10/3/2004,91,69,80,5.8,0,15,0
10/4/2004,91,67,79,5.1,0,14,1.03
10/5/2004,83,67,75,1.4,0,10,0
10/6/2004,87,67,77,3.8,0,12,0
10/7/2004,77,72,74.5,1.6,0,10,0.47
10/8/2004,73,70,71.5,-1,0,7,3.98
10/9/2004,75,69,72,-0.2,0,7,2.63
10/10/2004,73,70,71.5,-0.3,0,7,0.81
10/11/2004,80,64,72,0.6,0,7,0
10/12/2004,78,60,69,-2.1,0,4,0
10/13/2004,80,54,67,-3.7,0,2,0
10/14/2004,70,49,59.5,-10.8,5,0,0.04
10/15/2004,76,46,61,-8.9,4,0,0
10/16/2004,83,51,67,-2.6,0,2,0
10/17/2004,84,60,72,2.8,0,7,0
10/18/2004,87,71,79,10.2,0,14,0.01
10/19/2004,89,77,83,14.6,0,18,0
10/20/2004,90,75,82.5,14.5,0,18,0
10/21/2004,89,71,80,12.4,0,15,0
10/22/2004,88,71,79.5,12.2,0,15,0
10/23/2004,88,69,78.5,11.6,0,14,0
10/24/2004,85,71,78,11.5,0,13,0.03
10/25/2004,85,68,76.5,10.4,0,12,0.02
10/26/2004,86,64,75,9.3,0,10,0
10/27/2004,88,67,77.5,12.1,0,13,0
10/28/2004,85,64,74.5,9.5,0,10,0
10/29/2004,85,62,73.5,8.9,0,9,0
10/30/2004,85,68,76.5,12.2,0,12,0
10/31/2004,83,66,74.5,10.6,0,10,0
11/1/2004,86,71,78.5,14.9,0,14,0.14
11/2/2004,83,65,74,10.8,0,9,1.58
11/3/2004,74,56,65,2.1,0,0,0.47
11/4/2004,67,49,58,-4.5,7,0,0
11/5/2004,69,45,57,-5.2,8,0,0
11/6/2004,72,42,57,-4.9,8,0,0
11/7/2004,76,46,61,-0.6,4,0,0
11/8/2004,79,49,64,2.7,1,0,0
11/9/2004,72,47,59.5,-1.5,5,0,0
11/10/2004,76,55,65.5,4.8,0,1,0
11/11/2004,75,55,65,4.6,0,0,0.26
11/12/2004,58,52,55,-5.1,10,0,0
11/13/2004,56,51,53.5,-6.3,11,0,0
11/14/2004,67,53,60,0.5,5,0,0
11/15/2004,69,58,63.5,4.2,1,0,0
11/16/2004,75,57,66,7,0,1,0
11/17/2004,76,54,65,6.2,0,0,0
11/18/2004,71,64,67.5,9,0,3,0.3
11/19/2004,76,59,67.5,9.2,0,3,0
11/20/2004,65,59,62,3.9,3,0,1.21
11/21/2004,77,65,71,13.2,0,6,0.77
11/22/2004,76,67,71.5,13.9,0,7,0
11/23/2004,81,70,75.5,18.1,0,11,0
11/24/2004,76,46,61,3.8,4,0,0.47
11/25/2004,58,40,49,-8,16,0,0
11/26/2004,66,37,51.5,-5.3,13,0,0
11/27/2004,73,47,60,3.4,5,0,0.79
11/28/2004,65,40,52.5,-3.9,12,0,0
11/29/2004,73,44,58.5,2.2,6,0,0
11/30/2004,77,46,61.5,5.4,3,0,0.61
12/1/2004,54,38,46,-9.9,19,0,0
12/2/2004,60,40,50,-5.8,15,0,0
12/3/2004,60,36,48,-7.6,17,0,0.05
12/4/2004,64,45,54.5,-0.9,10,0,0
12/5/2004,73,58,65.5,10.2,0,1,0
12/6/2004,79,72,75.5,20.4,0,11,0
12/7/2004,75,51,63,8,2,0,0.29
12/8/2004,70,48,59,4.2,6,0,0.35
12/9/2004,76,61,68.5,13.8,0,4,1.27
12/10/2004,67,50,58.5,4,6,0,0
12/11/2004,57,39,48,-6.4,17,0,0
12/12/2004,70,38,54,-0.2,11,0,0
12/13/2004,63,40,51.5,-2.6,13,0,0
12/14/2004,48,30,39,-15,26,0,0
12/15/2004,51,27,39,-14.8,26,0,0
12/16/2004,64,32,48,-5.7,17,0,0
12/17/2004,60,40,50,-3.6,15,0,0
12/18/2004,62,34,48,-5.4,17,0,0
12/19/2004,59,33,46,-7.3,19,0,0
12/20/2004,58,28,43,-10.2,22,0,0
12/21/2004,76,44,60,6.9,5,0,0
12/22/2004,76,38,57,4,8,0,1.17
12/23/2004,39,28,33.5,-19.3,31,0,0
12/24/2004,35,27,31,-21.7,34,0,0
12/25/2004,39,29,34,-18.6,31,0,0
12/26/2004,56,24,40,-12.5,25,0,0
12/27/2004,62,28,45,-7.4,20,0,0
12/28/2004,67,29,48,-4.3,17,0,0
12/29/2004,73,39,56,3.8,9,0,0
12/30/2004,73,49,61,8.9,4,0,0
12/31/2004,70,54,62,9.9,3,0,0.01
1/1/2005,72,63,67.5,15.5,0,3,0.01
1/2/2005,74,63,68.5,16.6,0,4,0
1/3/2005,77,61,69,17.2,0,4,0
1/4/2005,74,60,67,15.2,0,2,0
1/5/2005,79,66,72.5,20.8,0,8,0
1/6/2005,70,54,62,10.3,3,0,0.09
1/7/2005,79,55,67,15.4,0,2,2.02
1/8/2005,65,47,56,4.4,9,0,0
1/9/2005,64,42,53,1.4,12,0,0
1/10/2005,71,56,63.5,11.9,1,0,0
1/11/2005,80,64,72,20.5,0,7,0
1/12/2005,79,65,72,20.5,0,7,0
1/13/2005,73,49,61,9.4,4,0,1.14
1/14/2005,59,41,50,-1.6,15,0,0
1/15/2005,59,35,47,-4.6,18,0,0
1/16/2005,56,35,45.5,-6.1,19,0,0
1/17/2005,50,27,38.5,-13.2,26,0,0
1/18/2005,51,30,40.5,-11.2,24,0,0
1/19/2005,55,29,42,-9.8,23,0,0
1/20/2005,72,49,60.5,8.7,4,0,0
1/21/2005,75,52,63.5,11.6,1,0,0
1/22/2005,73,40,56.5,4.5,8,0,0.03
1/23/2005,45,28,36.5,-15.6,28,0,0
1/24/2005,53,27,40,-12.2,25,0,0
1/25/2005,69,39,54,1.7,11,0,0
1/26/2005,75,56,65.5,13.1,0,1,0
1/27/2005,60,45,52.5,0,12,0,0
1/28/2005,59,49,54,1.3,11,0,0.74
1/29/2005,58,47,52.5,-0.3,12,0,0
1/30/2005,54,47,50.5,-2.4,14,0,0
1/31/2005,49,45,47,-6.1,18,0,1.86
2/1/2005,54,46,50,-3.2,15,0,0.81
2/2/2005,54,47,50.5,-2.9,14,0,0.06
2/3/2005,48,45,46.5,-7.1,18,0,0
2/4/2005,58,40,49,-4.8,16,0,0
2/5/2005,65,37,51,-2.9,14,0,0
2/6/2005,65,51,58,3.9,7,0,0
2/7/2005,69,60,64.5,10.2,0,0,0.14
2/8/2005,72,61,66.5,12,0,2,0.23
2/9/2005,68,53,60.5,5.8,4,0,0.18
2/10/2005,58,38,48,-6.9,17,0,0
2/11/2005,64,33,48.5,-6.6,16,0,0
2/12/2005,66,40,53,-2.4,12,0,0
2/13/2005,64,50,57,1.4,8,0,1.14
2/14/2005,77,55,66,10.2,0,1,0.23
2/15/2005,76,58,67,11,0,2,0
2/16/2005,78,56,67,10.8,0,2,0
2/17/2005,65,50,57.5,1.1,7,0,0
2/18/2005,61,43,52,-4.7,13,0,0
2/19/2005,69,40,54.5,-2.4,10,0,0
2/20/2005,76,56,66,8.9,0,1,0
2/21/2005,82,68,75,17.7,0,10,0
2/22/2005,80,63,71.5,14,0,7,0
2/23/2005,71,61,66,8.2,0,1,0.5
2/24/2005,61,48,54.5,-3.5,10,0,0.61
2/25/2005,66,46,56,-2.2,9,0,0
2/26/2005,59,42,50.5,-7.9,14,0,0
2/27/2005,69,51,60,1.4,5,0,0.06
2/28/2005,64,50,57,-1.9,8,0,0
3/1/2005,64,40,52,-7.1,13,0,0
3/2/2005,56,39,47.5,-11.8,17,0,0.02
3/3/2005,58,46,52,-7.5,13,0,0.05
3/4/2005,67,40,53.5,-6.2,11,0,0
3/5/2005,73,48,60.5,0.6,4,0,0
3/6/2005,66,48,57,-3.1,8,0,0
3/7/2005,74,48,61,0.7,4,0,0.26
3/8/2005,65,49,57,-3.5,8,0,0
3/9/2005,64,46,55,-5.7,10,0,0.09
3/10/2005,65,37,51,-9.9,14,0,0
3/11/2005,72,46,59,-2.1,6,0,0
3/12/2005,79,42,60.5,-0.8,4,0,0
3/13/2005,81,62,71.5,10,0,7,0
3/14/2005,69,49,59,-2.7,6,0,0.01
3/15/2005,60,47,53.5,-8.4,11,0,0.54
3/16/2005,52,44,48,-14,17,0,0.11
3/17/2005,59,40,49.5,-12.7,15,0,0
3/18/2005,66,34,50,-12.4,15,0,0
3/19/2005,78,48,63,0.4,2,0,0
3/20/2005,70,55,62.5,-0.3,2,0,0.29
3/21/2005,77,57,67,4,0,2,0
3/22/2005,79,59,69,5.9,0,4,0.4
3/23/2005,71,50,60.5,-2.8,4,0,0
3/24/2005,78,48,63,-0.5,2,0,0
3/25/2005,83,52,67.5,3.8,0,3,0
3/26/2005,75,63,69,5.1,0,4,0.13
3/27/2005,70,51,60.5,-3.5,4,0,0
3/28/2005,71,47,59,-5.2,6,0,0
3/29/2005,77,44,60.5,-3.9,4,0,0
3/30/2005,76,57,66.5,1.9,0,2,0.04
3/31/2005,75,69,72,7.2,0,7,0.12
4/1/2005,73,59,66,1,0,1,0.12
4/2/2005,71,46,58.5,-6.7,6,0,0
4/3/2005,77,41,59,-6.3,6,0,0
4/4/2005,76,47,61.5,-4,3,0,0
4/5/2005,80,56,68,2.3,0,3,0
4/6/2005,84,62,73,7.1,0,8,0.07
4/7/2005,75,54,64.5,-1.6,0,0,0
4/8/2005,76,58,67,0.7,0,2,0
4/9/2005,81,52,66.5,0,0,2,0
4/10/2005,82,59,70.5,3.8,0,6,0
4/11/2005,83,62,72.5,5.6,0,8,0.94
4/12/2005,80,53,66.5,-0.6,0,2,0
4/13/2005,77,50,63.5,-3.9,1,0,0
4/14/2005,73,52,62.5,-5.1,2,0,0
4/15/2005,77,48,62.5,-5.3,2,0,0
4/16/2005,83,50,66.5,-1.5,0,2,0
4/17/2005,80,50,65,-3.2,0,0,0
4/18/2005,77,51,64,-4.5,1,0,0
4/19/2005,79,59,69,0.3,0,4,0
4/20/2005,84,59,71.5,2.6,0,7,0
4/21/2005,85,62,73.5,4.3,0,9,0
4/22/2005,85,65,75,5.6,0,10,0
4/23/2005,74,49,61.5,-8.1,3,0,0
4/24/2005,71,45,58,-11.9,7,0,0
4/25/2005,64,52,58,-12.1,7,0,0.42
4/26/2005,83,53,68,-2.4,0,3,0.03
4/27/2005,81,48,64.5,-6.1,0,0,0
4/28/2005,86,55,70.5,-0.4,0,6,0
4/29/2005,86,60,73,1.9,0,8,0.02
4/30/2005,76,55,65.5,-5.9,0,1,0.46
5/1/2005,75,49,62,-9.6,3,0,0
5/2/2005,78,48,63,-8.9,2,0,0
5/3/2005,76,53,64.5,-7.7,0,0,0
5/4/2005,74,54,64,-8.4,1,0,0
5/5/2005,79,50,64.5,-8.2,0,0,0
5/6/2005,83,49,66,-6.9,0,1,0
5/7/2005,84,55,69.5,-3.7,0,5,0
5/8/2005,84,59,71.5,-2,0,7,0
5/9/2005,79,65,72,-1.7,0,7,0.18
5/10/2005,89,60,74.5,0.5,0,10,0
5/11/2005,90,63,76.5,2.2,0,12,0
5/12/2005,91,63,77,2.5,0,12,0.12
5/13/2005,87,67,77,2.2,0,12,0.1
5/14/2005,84,65,74.5,-0.5,0,10,0
5/15/2005,85,64,74.5,-0.8,0,10,0
5/16/2005,83,59,71,-4.5,0,6,0
5/17/2005,86,62,74,-1.8,0,9,0
5/18/2005,89,64,76.5,0.5,0,12,0.26
5/19/2005,89,67,78,1.7,0,13,0
5/20/2005,91,68,79.5,3,0,15,0
5/21/2005,94,70,82,5.2,0,17,0
5/22/2005,94,66,80,3,0,15,0
5/23/2005,94,76,85,7.8,0,20,0
5/24/2005,94,74,84,6.5,0,19,0
5/25/2005,89,70,79.5,1.8,0,15,0
5/26/2005,88,67,77.5,-0.4,0,13,0
5/27/2005,89,64,76.5,-1.6,0,12,0
5/28/2005,90,66,78,-0.3,0,13,0.72
5/29/2005,87,69,78,-0.5,0,13,0.52
5/30/2005,80,68,74,-4.7,0,9,0.72
5/31/2005,78,68,73,-5.9,0,8,0.76
6/1/2005,81,70,75.5,-3.6,0,11,0
6/2/2005,89,68,78.5,-0.8,0,14,0
6/3/2005,92,69,80.5,1,0,16,0
6/4/2005,91,70,80.5,0.9,0,16,0
6/5/2005,92,72,82,2.2,0,17,0.65
6/6/2005,86,70,78,-2,0,13,0.04
6/7/2005,91,70,80.5,0.4,0,16,0
6/8/2005,92,70,81,0.7,0,16,0.28
6/9/2005,89,71,80,-0.4,0,15,0.43
6/10/2005,91,72,81.5,1,0,17,0
6/11/2005,86,71,78.5,-2.2,0,14,0
6/12/2005,92,68,80,-0.8,0,15,0
6/13/2005,94,73,83.5,2.6,0,19,0
6/14/2005,94,75,84.5,3.5,0,20,0
6/15/2005,96,77,86.5,5.4,0,22,0
6/16/2005,95,71,83,1.8,0,18,0.1
6/17/2005,88,70,79,-2.3,0,14,0.1
6/18/2005,89,72,80.5,-0.9,0,16,0.33
6/19/2005,90,65,77.5,-4,0,13,0
6/20/2005,90,66,78,-3.6,0,13,0
6/21/2005,91,68,79.5,-2.2,0,15,0
6/22/2005,93,69,81,-0.8,0,16,0
6/23/2005,92,71,81.5,-0.3,0,17,0
6/24/2005,93,70,81.5,-0.4,0,17,0
6/25/2005,92,71,81.5,-0.5,0,17,0
6/26/2005,93,69,81,-1,0,16,0
6/27/2005,93,71,82,-0.1,0,17,0.03
6/28/2005,94,71,82.5,0.3,0,18,0.02
6/29/2005,95,74,84.5,2.3,0,20,0
6/30/2005,95,76,85.5,3.2,0,21,0
7/1/2005,96,76,86,3.7,0,21,0.01
7/2/2005,95,70,82.5,0.1,0,18,0.03
7/3/2005,92,70,81,-1.4,0,16,0
7/4/2005,95,74,84.5,2,0,20,0
7/5/2005,88,74,81,-1.5,0,16,0.07
7/6/2005,92,72,82,-0.5,0,17,0
7/7/2005,93,71,82,-0.6,0,17,0
7/8/2005,93,73,83,0.4,0,18,0.01
7/9/2005,95,72,83.5,0.8,0,19,0.01
7/10/2005,88,72,80,-2.7,0,15,0
7/11/2005,95,75,85,2.3,0,20,0
7/12/2005,94,75,84.5,1.7,0,20,0
7/13/2005,93,75,84,1.2,0,19,0
7/14/2005,84,76,80,-2.8,0,15,0.24
7/15/2005,85,75,80,-2.9,0,15,0.14
7/16/2005,93,76,84.5,1.6,0,20,0.06
7/17/2005,94,74,84,1.1,0,19,0.18
7/18/2005,94,74,84,1,0,19,0
7/19/2005,94,75,84.5,1.5,0,20,0
7/20/2005,94,76,85,2,0,20,0.15
7/21/2005,95,75,85,2,0,20,0.34
7/22/2005,94,74,84,0.9,0,19,0
7/23/2005,96,76,86,2.9,0,21,0.06
7/24/2005,95,77,86,2.9,0,21,0
7/25/2005,97,76,86.5,3.4,0,22,0
7/26/2005,96,74,85,1.9,0,20,0.23
7/27/2005,94,76,85,1.8,0,20,0
7/28/2005,97,76,86.5,3.3,0,22,0
7/29/2005,92,75,83.5,0.3,0,19,0
7/30/2005,95,73,84,0.8,0,19,0.2
7/31/2005,94,72,83,-0.2,0,18,0.21
8/1/2005,93,71,82,-1.2,0,17,0
8/2/2005,91,73,82,-1.2,0,17,0
8/3/2005,92,73,82.5,-0.7,0,18,0.16
8/4/2005,91,72,81.5,-1.7,0,17,0.4
8/5/2005,91,71,81,-2.2,0,16,0
8/6/2005,91,70,80.5,-2.7,0,16,0
8/7/2005,93,70,81.5,-1.7,0,17,0.12
8/8/2005,93,73,83,-0.2,0,18,0
8/9/2005,94,73,83.5,0.3,0,19,0
8/10/2005,93,73,83,-0.1,0,18,0
8/11/2005,93,73,83,-0.1,0,18,0
8/12/2005,95,75,85,1.9,0,20,0.12
8/13/2005,95,73,84,0.9,0,19,0.4
8/14/2005,95,73,84,1,0,19,0
8/15/2005,94,73,83.5,0.5,0,19,0
8/16/2005,96,71,83.5,0.6,0,19,0
8/17/2005,96,74,85,2.1,0,20,0
8/18/2005,96,76,86,3.2,0,21,0
8/19/2005,97,75,86,3.2,0,21,0
8/20/2005,98,75,86.5,3.8,0,22,0.01
8/21/2005,98,74,86,3.4,0,21,2.72
8/22/2005,93,75,84,1.5,0,19,0
8/23/2005,96,74,85,2.5,0,20,0
8/24/2005,97,76,86.5,4.1,0,22,0
8/25/2005,96,77,86.5,4.2,0,22,0
8/26/2005,97,77,87,4.8,0,22,0
8/27/2005,96,76,86,3.9,0,21,0
8/28/2005,97,75,86,4,0,21,0.15
8/29/2005,81,75,78,-3.9,0,13,2.24
8/30/2005,92,72,82,0.2,0,17,0
8/31/2005,97,75,86,4.3,0,21,0
9/1/2005,91,74,82.5,1,0,18,0
9/2/2005,93,71,82,0.6,0,17,0
9/3/2005,94,73,83.5,2.2,0,19,0
9/4/2005,93,68,80.5,-0.6,0,16,0
9/5/2005,92,70,81,0,0,16,0
9/6/2005,89,69,79,-1.8,0,14,0
9/7/2005,92,70,81,0.3,0,16,0
9/8/2005,91,69,80,-0.5,0,15,0
9/9/2005,92,68,80,-0.3,0,15,0
9/10/2005,93,68,80.5,0.4,0,16,0
9/11/2005,92,67,79.5,-0.5,0,15,0
9/12/2005,92,64,78,-1.8,0,13,0
9/13/2005,92,66,79,-0.6,0,14,0
9/14/2005,94,73,83.5,4.1,0,19,0
9/15/2005,95,77,86,6.8,0,21,0
9/16/2005,94,74,84,5.1,0,19,2.37
9/17/2005,94,73,83.5,4.8,0,19,0
9/18/2005,96,75,85.5,7,0,21,0
9/19/2005,96,74,85,6.8,0,20,0
9/20/2005,98,74,86,8,0,21,0
9/21/2005,96,72,84,6.2,0,19,0
9/22/2005,94,72,83,5.5,0,18,0.02
9/23/2005,81,76,78.5,1.3,0,14,4.21
9/24/2005,86,73,79.5,2.5,0,15,5.09
9/25/2005,90,80,85,8.3,0,20,0
9/26/2005,93,79,86,9.6,0,21,0
9/27/2005,94,76,85,8.9,0,20,0
9/28/2005,94,70,82,6.2,0,17,0
9/29/2005,91,67,79,3.5,0,14,0
9/30/2005,91,66,78.5,3.3,0,14,0
10/1/2005,91,72,81.5,6.6,0,17,0
10/2/2005,91,74,82.5,7.9,0,18,0.29
10/3/2005,90,73,81.5,7.3,0,17,0.85
10/4/2005,90,70,80,6.1,0,15,0
10/5/2005,91,71,81,7.4,0,16,0
10/6/2005,90,69,79.5,6.3,0,15,0
10/7/2005,75,63,69,-3.9,0,4,0
10/8/2005,79,57,68,-4.5,0,3,0
10/9/2005,81,55,68,-4.2,0,3,0
10/10/2005,82,56,69,-2.8,0,4,0
10/11/2005,87,60,73.5,2.1,0,9,0
10/12/2005,86,62,74,2.9,0,9,0
10/13/2005,87,62,74.5,3.8,0,10,0
10/14/2005,87,64,75.5,5.2,0,11,0
10/15/2005,84,55,69.5,-0.4,0,5,0
10/16/2005,88,54,71,1.4,0,6,0
10/17/2005,85,50,67.5,-1.7,0,3,0
10/18/2005,87,50,68.5,-0.3,0,4,0
10/19/2005,88,53,70.5,2.1,0,6,0
10/20/2005,85,55,70,2,0,5,0
10/21/2005,86,62,74,6.4,0,9,0
10/22/2005,77,54,65.5,-1.8,0,1,0
10/23/2005,80,49,64.5,-2.4,0,0,0
10/24/2005,63,42,52.5,-14,12,0,0
10/25/2005,66,40,53,-13.1,12,0,0
10/26/2005,68,35,51.5,-14.2,13,0,0
10/27/2005,71,38,54.5,-10.9,10,0,0
10/28/2005,70,40,55,-10,10,0,0
10/29/2005,74,38,56,-8.6,9,0,0
10/30/2005,77,41,59,-5.3,6,0,0
10/31/2005,79,47,63,-0.9,2,0,0.03
11/1/2005,64,45,54.5,-9.1,10,0,0.02
11/2/2005,75,40,57.5,-5.7,7,0,0
11/3/2005,78,40,59,-3.9,6,0,0
11/4/2005,83,51,67,4.5,0,2,0
11/5/2005,84,67,75.5,13.3,0,11,0
11/6/2005,86,64,75,13.1,0,10,0
11/7/2005,85,62,73.5,11.9,0,9,0
11/8/2005,83,59,71,9.7,0,6,0
11/9/2005,82,60,71,10,0,6,0
11/10/2005,78,57,67.5,6.8,0,3,0
11/11/2005,77,51,64,3.6,1,0,0
11/12/2005,81,47,64,3.9,1,0,0
11/13/2005,82,57,69.5,9.7,0,5,0.66
11/14/2005,81,67,74,14.5,0,9,0.06
11/15/2005,85,57,71,11.7,0,6,0.45
11/16/2005,57,41,49,-10,16,0,0.03
11/17/2005,57,33,45,-13.8,20,0,0
11/18/2005,62,29,45.5,-13,19,0,0
11/19/2005,61,41,51,-7.3,14,0,0
11/20/2005,60,42,51,-7.1,14,0,0
11/21/2005,61,44,52.5,-5.3,12,0,0
11/22/2005,70,39,54.5,-3.1,10,0,0
11/23/2005,77,36,56.5,-0.9,8,0,0
11/24/2005,81,48,64.5,7.3,0,0,0
11/25/2005,69,49,59,2,6,0,0
11/26/2005,77,55,66,9.2,0,1,1.02
11/27/2005,81,59,70,13.4,0,5,0.01
11/28/2005,73,49,61,4.6,4,0,0.63
11/29/2005,61,40,50.5,-5.8,14,0,0
11/30/2005,63,39,51,-5.1,14,0,0
12/1/2005,74,37,55.5,-0.4,9,0,0
12/2/2005,58,39,48.5,-7.3,16,0,0
12/3/2005,79,49,64,8.4,1,0,0
12/4/2005,81,52,66.5,11.1,0,2,0.8
12/5/2005,52,35,43.5,-11.8,21,0,0.67
12/6/2005,54,28,41,-14.1,24,0,0
12/7/2005,59,36,47.5,-7.5,17,0,0
12/8/2005,53,38,45.5,-9.3,19,0,0.08
12/9/2005,51,34,42.5,-12.2,22,0,0
12/10/2005,55,33,44,-10.5,21,0,0
12/11/2005,62,34,48,-6.4,17,0,0
12/12/2005,71,38,54.5,0.3,10,0,0
12/13/2005,69,34,51.5,-2.6,13,0,0
12/14/2005,75,47,61,7,4,0,2.15
12/15/2005,58,37,47.5,-6.3,17,0,0.02
12/16/2005,51,34,42.5,-11.2,22,0,0
12/17/2005,46,41,43.5,-10.1,21,0,0.18
12/18/2005,61,36,48.5,-4.9,16,0,0
12/19/2005,57,37,47,-6.3,18,0,0
12/20/2005,57,31,44,-9.2,21,0,0
12/21/2005,51,33,42,-11.1,23,0,0
12/22/2005,56,28,42,-11,23,0,0
12/23/2005,65,29,47,-5.8,18,0,0
12/24/2005,67,40,53.5,0.8,11,0,0.3
12/25/2005,62,37,49.5,-3.1,15,0,0
12/26/2005,69,32,50.5,-2,14,0,0
12/27/2005,76,38,57,4.6,8,0,0
12/28/2005,74,53,63.5,11.2,1,0,0
12/29/2005,71,41,56,3.8,9,0,0
12/30/2005,77,45,61,8.9,4,0,0
12/31/2005,76,63,69.5,17.4,0,5,0
1/1/2006,81,64,72.5,20.5,0,8,0.13
1/2/2006,81,58,69.5,17.6,0,5,0
1/3/2006,74,45,59.5,7.7,5,0,0
1/4/2006,79,42,60.5,8.7,4,0,0
1/5/2006,64,48,56,4.3,9,0,0
1/6/2006,53,33,43,-8.7,22,0,0
1/7/2006,64,28,46,-5.6,19,0,0
1/8/2006,74,53,63.5,11.9,1,0,0
1/9/2006,78,53,65.5,13.9,0,1,0
1/10/2006,72,50,61,9.4,4,0,0
1/11/2006,67,39,53,1.5,12,0,0
1/12/2006,67,37,52,0.5,13,0,0
1/13/2006,69,48,58.5,6.9,6,0,0.21
1/14/2006,63,39,51,-0.6,14,0,0
1/15/2006,64,37,50.5,-1.1,14,0,0
1/16/2006,72,57,64.5,12.9,0,0,0
1/17/2006,69,40,54.5,2.8,10,0,0.78
1/18/2006,66,31,48.5,-3.2,16,0,0
1/19/2006,70,42,56,4.2,9,0,0
1/20/2006,71,59,65,13.2,0,0,0
1/21/2006,70,58,64,12.1,1,0,0
1/22/2006,78,58,68,16,0,3,0.11
1/23/2006,70,50,60,7.9,5,0,0.05
1/24/2006,67,43,55,2.8,10,0,0
1/25/2006,68,39,53.5,1.2,11,0,0
1/26/2006,56,38,47,-5.4,18,0,0
1/27/2006,69,44,56.5,4,8,0,0
1/28/2006,74,59,66.5,13.8,0,2,0.44
1/29/2006,76,56,66,13.2,0,1,0.05
1/30/2006,73,43,58,5.1,7,0,0
1/31/2006,67,35,51,-2.1,14,0,0
2/1/2006,74,38,56,2.8,9,0,0.03
2/2/2006,76,54,65,11.6,0,0,0.83
2/3/2006,77,47,62,8.4,3,0,0
2/4/2006,60,41,50.5,-3.3,14,0,0
2/5/2006,64,32,48,-5.9,17,0,0
2/6/2006,77,46,61.5,7.4,3,0,0.01
2/7/2006,60,37,48.5,-5.8,16,0,0
2/8/2006,66,31,48.5,-6,16,0,0
2/9/2006,61,39,50,-4.7,15,0,0
2/10/2006,66,39,52.5,-2.4,12,0,1.38
2/11/2006,51,37,44,-11.1,21,0,0
2/12/2006,48,31,39.5,-15.9,25,0,0
2/13/2006,57,27,42,-13.6,23,0,0
2/14/2006,67,31,49,-6.8,16,0,0
2/15/2006,76,48,62,6,3,0,0
2/16/2006,80,57,68.5,12.3,0,4,0
2/17/2006,66,57,61.5,5.1,3,0,0
2/18/2006,59,40,49.5,-7.2,15,0,0.26
2/19/2006,45,37,41,-15.9,24,0,0
2/20/2006,49,42,45.5,-11.6,19,0,0.23
2/21/2006,68,48,58,0.7,7,0,0.06
2/22/2006,82,60,71,13.5,0,6,0
2/23/2006,70,54,62,4.2,3,0,0
2/24/2006,64,48,56,-2,9,0,0.13
2/25/2006,58,52,55,-3.2,10,0,1.41
2/26/2006,65,41,53,-5.4,12,0,0
2/27/2006,68,33,50.5,-8.1,14,0,0
2/28/2006,76,44,60,1.1,5,0,0
3/1/2006,80,51,65.5,6.4,0,1,0
3/2/2006,80,55,67.5,8.2,0,3,0
3/3/2006,78,49,63.5,4,1,0,0
3/4/2006,73,45,59,-0.7,6,0,0
3/5/2006,78,46,62,2.1,3,0,0
3/6/2006,80,57,68.5,8.4,0,4,0
3/7/2006,80,50,65,4.7,0,0,0
3/8/2006,80,53,66.5,6,0,2,0
3/9/2006,79,64,71.5,10.8,0,7,0
3/10/2006,84,58,71,10.1,0,6,0
3/11/2006,87,71,79,17.9,0,14,0
3/12/2006,87,72,79.5,18.2,0,15,0
3/13/2006,84,68,76,14.5,0,11,0.19
3/14/2006,71,47,59,-2.7,6,0,0
3/15/2006,71,42,56.5,-5.4,8,0,0
3/16/2006,73,57,65,3,0,0,0.01
3/17/2006,81,59,70,7.8,0,5,0.03
3/18/2006,62,55,58.5,-3.9,6,0,0
3/19/2006,73,55,64,1.4,1,0,0
3/20/2006,81,62,71.5,8.7,0,7,0.01
3/21/2006,71,49,60,-3,5,0,0
3/22/2006,62,43,52.5,-10.6,12,0,0
3/23/2006,63,42,52.5,-10.8,12,0,0
3/24/2006,62,38,50,-13.5,15,0,0
3/25/2006,67,33,50,-13.7,15,0,0
3/26/2006,69,36,52.5,-11.4,12,0,0
3/27/2006,76,40,58,-6,7,0,0
3/28/2006,75,53,64,-0.2,1,0,0.01
3/29/2006,79,60,69.5,5.1,0,5,0.03
3/30/2006,80,59,69.5,4.9,0,5,0.01
3/31/2006,81,66,73.5,8.7,0,9,0.01
4/1/2006,86,67,76.5,11.5,0,12,0
4/2/2006,84,68,76,10.8,0,11,0
4/3/2006,84,67,75.5,10.2,0,11,0
4/4/2006,82,58,70,4.5,0,5,0
4/5/2006,83,57,70,4.3,0,5,0
4/6/2006,85,60,72.5,6.6,0,8,0
4/7/2006,87,71,79,12.9,0,14,0
4/8/2006,76,55,65.5,-0.8,0,1,0.02
4/9/2006,76,48,62,-4.5,3,0,0
4/10/2006,81,43,62,-4.7,3,0,0
4/11/2006,83,50,66.5,-0.4,0,2,0
4/12/2006,82,59,70.5,3.4,0,6,0
4/13/2006,86,56,71,3.6,0,6,0
4/14/2006,86,55,70.5,2.9,0,6,0
4/15/2006,84,59,71.5,3.7,0,7,0
4/16/2006,86,68,77,9,0,12,0
4/17/2006,91,70,80.5,12.3,0,16,0
4/18/2006,93,69,81,12.5,0,16,0
4/19/2006,90,68,79,10.3,0,14,0
4/20/2006,90,69,79.5,10.6,0,15,0
4/21/2006,82,68,75,5.8,0,10,0.21
4/22/2006,84,61,72.5,3.1,0,8,0
4/23/2006,88,56,72,2.4,0,7,0
4/24/2006,89,64,76.5,6.6,0,12,0
4/25/2006,85,66,75.5,5.4,0,11,0.03
4/26/2006,78,60,69,-1.4,0,4,0.75
4/27/2006,80,52,66,-4.6,0,1,0
4/28/2006,81,55,68,-2.9,0,3,0
4/29/2006,81,66,73.5,2.4,0,9,2
4/30/2006,83,59,71,-0.4,0,6,0
5/1/2006,86,56,71,-0.6,0,6,0
5/2/2006,88,65,76.5,4.6,0,12,0
5/3/2006,87,63,75,2.8,0,10,0
5/4/2006,85,65,75,2.6,0,10,0
5/5/2006,85,65,75,2.3,0,10,0
5/6/2006,81,66,73.5,0.6,0,9,0.25
5/7/2006,81,69,75,1.8,0,10,0.76
5/8/2006,87,66,76.5,3,0,12,0
5/9/2006,87,72,79.5,5.8,0,15,0
5/10/2006,90,75,82.5,8.5,0,18,0
5/11/2006,79,58,68.5,-5.8,0,4,0
5/12/2006,79,53,66,-8.5,0,1,0
5/13/2006,87,57,72,-2.8,0,7,0
5/14/2006,80,61,70.5,-4.5,0,6,0
5/15/2006,77,55,66,-9.3,0,1,0
5/16/2006,78,51,64.5,-11,0,0,0
5/17/2006,81,55,68,-7.8,0,3,0
5/18/2006,86,56,71,-5,0,6,0
5/19/2006,89,68,78.5,2.2,0,14,0
5/20/2006,88,66,77,0.5,0,12,0
5/21/2006,89,60,74.5,-2.3,0,10,0
5/22/2006,90,66,78,1,0,13,0.01
5/23/2006,91,67,79,1.8,0,14,0
5/24/2006,92,69,80.5,3,0,16,0
5/25/2006,92,69,80.5,2.8,0,16,0
5/26/2006,92,68,80,2.1,0,15,0
5/27/2006,91,68,79.5,1.4,0,15,0
5/28/2006,91,71,81,2.7,0,16,0
5/29/2006,92,69,80.5,2,0,16,0.1
5/30/2006,91,69,80,1.3,0,15,0.14
5/31/2006,92,70,81,2.1,0,16,0
6/1/2006,94,69,81.5,2.4,0,17,0.14
6/2/2006,91,70,80.5,1.2,0,16,0.15
6/3/2006,90,69,79.5,0,0,15,0
6/4/2006,90,61,75.5,-4.1,0,11,0
6/5/2006,93,65,79,-0.8,0,14,0
6/6/2006,93,65,79,-1,0,14,0
6/7/2006,90,66,78,-2.1,0,13,0
6/8/2006,95,70,82.5,2.2,0,18,0
6/9/2006,97,68,82.5,2.1,0,18,0
6/10/2006,96,68,82,1.5,0,17,0
6/11/2006,95,73,84,3.3,0,19,0
6/12/2006,99,70,84.5,3.7,0,20,0
6/13/2006,92,73,82.5,1.6,0,18,0
6/14/2006,93,69,81,0,0,16,0
6/15/2006,95,69,82,0.9,0,17,0
6/16/2006,90,74,82,0.8,0,17,0.28
6/17/2006,95,74,84.5,3.2,0,20,0
6/18/2006,92,74,83,1.6,0,18,0.23
6/19/2006,94,71,82.5,1,0,18,0.07
6/20/2006,95,71,83,1.4,0,18,0
6/21/2006,95,74,84.5,2.8,0,20,0
6/22/2006,96,74,85,3.2,0,20,0.1
6/23/2006,96,74,85,3.2,0,20,0
6/24/2006,96,71,83.5,1.6,0,19,0.3
6/25/2006,94,71,82.5,0.5,0,18,0
6/26/2006,93,71,82,0,0,17,0
6/27/2006,93,70,81.5,-0.6,0,17,0
6/28/2006,91,64,77.5,-4.7,0,13,0
6/29/2006,96,65,80.5,-1.7,0,16,0
6/30/2006,97,69,83,0.7,0,18,0
7/1/2006,93,71,82,-0.3,0,17,0
7/2/2006,89,74,81.5,-0.9,0,17,0
7/3/2006,88,72,80,-2.4,0,15,0.04
7/4/2006,88,75,81.5,-1,0,17,0.26
7/5/2006,86,75,80.5,-2,0,16,0.63
7/6/2006,93,73,83,0.5,0,18,0.23
7/7/2006,90,75,82.5,-0.1,0,18,0
7/8/2006,93,74,83.5,0.9,0,19,0
7/9/2006,92,73,82.5,-0.2,0,18,0.08
7/10/2006,87,72,79.5,-3.2,0,15,1.59
7/11/2006,92,72,82,-0.7,0,17,0
7/12/2006,93,74,83.5,0.7,0,19,0
7/13/2006,94,74,84,1.2,0,19,0
7/14/2006,95,74,84.5,1.7,0,20,0.8
7/15/2006,97,73,85,2.1,0,20,0
7/16/2006,96,76,86,3.1,0,21,0
7/17/2006,98,75,86.5,3.6,0,22,0
7/18/2006,95,74,84.5,1.5,0,20,0.52
7/19/2006,94,73,83.5,0.5,0,19,0.02
7/20/2006,95,71,83,0,0,18,0.95
7/21/2006,94,72,83,0,0,18,0
7/22/2006,94,75,84.5,1.4,0,20,0.07
7/23/2006,89,74,81.5,-1.6,0,17,0
7/24/2006,84,73,78.5,-4.6,0,14,0.19
7/25/2006,85,72,78.5,-4.6,0,14,0.12
7/26/2006,91,73,82,-1.1,0,17,0
7/27/2006,92,74,83,-0.2,0,18,0.18
7/28/2006,95,76,85.5,2.3,0,21,0
7/29/2006,95,71,83,-0.2,0,18,1.4
7/30/2006,94,72,83,-0.2,0,18,0.08
7/31/2006,93,74,83.5,0.3,0,19,0
8/1/2006,92,75,83.5,0.3,0,19,0
8/2/2006,93,75,84,0.8,0,19,0
8/3/2006,95,75,85,1.8,0,20,0
8/4/2006,96,73,84.5,1.3,0,20,0.3
8/5/2006,95,73,84,0.8,0,19,1.3
8/6/2006,89,72,80.5,-2.7,0,16,0.63
8/7/2006,93,72,82.5,-0.7,0,18,0.06
8/8/2006,95,75,85,1.8,0,20,0
8/9/2006,95,71,83,-0.2,0,18,1.24
8/10/2006,93,72,82.5,-0.6,0,18,0
8/11/2006,93,76,84.5,1.4,0,20,0
8/12/2006,90,75,82.5,-0.6,0,18,0
8/13/2006,94,75,84.5,1.4,0,20,0
8/14/2006,94,76,85,2,0,20,0
8/15/2006,98,78,88,5,0,23,0
8/16/2006,99,76,87.5,4.6,0,23,0.1
8/17/2006,95,74,84.5,1.6,0,20,0
8/18/2006,96,75,85.5,2.7,0,21,0.01
8/19/2006,95,75,85,2.2,0,20,0
8/20/2006,97,75,86,3.3,0,21,0
8/21/2006,98,77,87.5,4.9,0,23,0.05
8/22/2006,93,76,84.5,2,0,20,0.28
8/23/2006,92,74,83,0.5,0,18,0
8/24/2006,93,75,84,1.6,0,19,0.09
8/25/2006,91,73,82,-0.3,0,17,0.31
8/26/2006,85,75,80,-2.2,0,15,0.56
8/27/2006,93,74,83.5,1.4,0,19,1.03
8/28/2006,93,73,83,1,0,18,0
8/29/2006,94,77,85.5,3.6,0,21,0
8/30/2006,89,73,81,-0.8,0,16,0
8/31/2006,88,68,78,-3.7,0,13,0
9/1/2006,89,67,78,-3.5,0,13,0
9/2/2006,91,67,79,-2.4,0,14,0
9/3/2006,92,70,81,-0.3,0,16,0
9/4/2006,90,68,79,-2.1,0,14,0
9/5/2006,91,67,79,-2,0,14,0
9/6/2006,91,69,80,-0.8,0,15,0
9/7/2006,93,66,79.5,-1.2,0,15,0
9/8/2006,94,68,81,0.5,0,16,0.34
9/9/2006,84,73,78.5,-1.8,0,14,0
9/10/2006,88,73,80.5,0.4,0,16,1.42
9/11/2006,87,72,79.5,-0.5,0,15,1.49
9/12/2006,90,75,82.5,2.7,0,18,0.01
9/13/2006,90,72,81,1.4,0,16,0.09
9/14/2006,90,66,78,-1.4,0,13,0
9/15/2006,91,65,78,-1.2,0,13,0
9/16/2006,94,72,83,4.1,0,18,0
9/17/2006,92,73,82.5,3.8,0,18,0.04
9/18/2006,87,73,80,1.5,0,15,0.25
9/19/2006,87,61,74,-4.2,0,9,0
9/20/2006,85,58,71.5,-6.5,0,7,0
9/21/2006,81,55,68,-9.8,0,3,0.02
9/22/2006,93,76,84.5,7,0,20,0.16
9/23/2006,91,76,83.5,6.3,0,19,0.17
9/24/2006,87,70,78.5,1.5,0,14,0.29
9/25/2006,84,63,73.5,-3.2,0,9,0
9/26/2006,84,58,71,-5.4,0,6,0
9/27/2006,87,57,72,-4.1,0,7,0
9/28/2006,89,61,75,-0.8,0,10,0
9/29/2006,84,57,70.5,-5,0,6,0
9/30/2006,89,62,75.5,0.3,0,11,0.23
10/1/2006,93,68,80.5,5.6,0,16,0
10/2/2006,91,70,80.5,5.9,0,16,0
10/3/2006,95,71,83,8.8,0,18,0
10/4/2006,94,72,83,9.1,0,18,0
10/5/2006,97,73,85,11.4,0,20,0
10/6/2006,88,65,76.5,3.3,0,12,0
10/7/2006,87,57,72,-0.9,0,7,0
10/8/2006,86,55,70.5,-2,0,6,0
10/9/2006,88,59,73.5,1.3,0,9,0
10/10/2006,85,61,73,1.2,0,8,0
10/11/2006,84,62,73,1.6,0,8,0.25
10/12/2006,85,58,71.5,0.4,0,7,0
10/13/2006,75,50,62.5,-8.2,2,0,0.16
10/14/2006,82,48,65,-5.3,0,0,0
10/15/2006,80,58,69,-0.9,0,4,0.09
10/16/2006,85,72,78.5,8.9,0,14,0.74
10/17/2006,88,67,77.5,8.3,0,13,0.05
10/18/2006,82,65,73.5,4.7,0,9,2.35
10/19/2006,80,60,70,1.6,0,5,0.84
10/20/2006,72,52,62,-6,3,0,0
10/21/2006,79,56,67.5,-0.1,0,3,1.14
10/22/2006,71,49,60,-7.3,5,0,0.01
10/23/2006,70,45,57.5,-9.4,7,0,0
10/24/2006,74,43,58.5,-8,6,0,0
10/25/2006,70,53,61.5,-4.6,3,0,0
10/26/2006,74,65,69.5,3.8,0,5,2.53
10/27/2006,76,57,66.5,1.1,0,2,0.89
10/28/2006,71,50,60.5,-4.5,4,0,0
10/29/2006,75,46,60.5,-4.1,4,0,0
10/30/2006,79,50,64.5,0.2,0,0,0
10/31/2006,83,62,72.5,8.6,0,8,0
11/1/2006,83,59,71,7.4,0,6,0
11/2/2006,66,45,55.5,-7.7,9,0,0
11/3/2006,66,40,53,-9.9,12,0,0
11/4/2006,72,37,54.5,-8,10,0,0
11/5/2006,77,51,64,1.8,1,0,0
11/6/2006,78,56,67,5.1,0,2,0.51
11/7/2006,71,52,61.5,-0.1,3,0,0.06
11/8/2006,75,49,62,0.7,3,0,0
11/9/2006,81,52,66.5,5.5,0,2,0
11/10/2006,82,61,71.5,10.8,0,7,0
11/11/2006,72,43,57.5,-2.9,7,0,0.07
11/12/2006,64,37,50.5,-9.6,14,0,0
11/13/2006,69,40,54.5,-5.3,10,0,0
11/14/2006,73,49,61,1.5,4,0,1.39
11/15/2006,74,53,63.5,4.2,1,0,0.54
11/16/2006,58,41,49.5,-9.5,15,0,0
11/17/2006,64,37,50.5,-8.3,14,0,0
11/18/2006,68,37,52.5,-6,12,0,0
11/19/2006,61,38,49.5,-8.8,15,0,0
11/20/2006,57,33,45,-13.1,20,0,0
11/21/2006,60,31,45.5,-12.3,19,0,0
11/22/2006,66,31,48.5,-9.1,16,0,0
11/23/2006,73,34,53.5,-3.9,11,0,0
11/24/2006,74,37,55.5,-1.7,9,0,0
11/25/2006,75,39,57,0,8,0,0
11/26/2006,76,51,63.5,6.7,1,0,0
11/27/2006,76,53,64.5,7.9,0,0,0
11/28/2006,80,61,70.5,14.1,0,6,0
11/29/2006,77,65,71,14.7,0,6,0
11/30/2006,76,42,59,2.9,6,0,0.29
12/1/2006,52,32,42,-13.9,23,0,0
12/2/2006,59,31,45,-10.8,20,0,0
12/3/2006,57,35,46,-9.6,19,0,0
12/4/2006,50,30,40,-15.4,25,0,0
12/5/2006,58,23,40.5,-14.8,24,0,0
12/6/2006,67,31,49,-6.1,16,0,0
12/7/2006,60,33,46.5,-8.5,18,0,0
12/8/2006,47,24,35.5,-19.3,29,0,0
12/9/2006,54,22,38,-16.7,27,0,0
12/10/2006,68,45,56.5,2,8,0,0
12/11/2006,75,57,66,11.6,0,1,0
12/12/2006,77,56,66.5,12.3,0,2,0.42
12/13/2006,73,52,62.5,8.4,2,0,0
12/14/2006,68,54,61,7,4,0,0
12/15/2006,73,51,62,8.2,3,0,0
12/16/2006,72,47,59.5,5.8,5,0,0
12/17/2006,75,54,64.5,10.9,0,0,0
12/18/2006,68,57,62.5,9.1,2,0,0
12/19/2006,75,59,67,13.7,0,2,0
12/20/2006,68,59,63.5,10.3,1,0,0.57
12/21/2006,70,62,66,12.9,0,1,1.79
12/22/2006,63,45,54,1,11,0,0.4
12/23/2006,65,39,52,-0.8,13,0,0
12/24/2006,57,48,52.5,-0.2,12,0,0.66
12/25/2006,57,44,50.5,-2.1,14,0,0.02
12/26/2006,51,34,42.5,-10,22,0,0
12/27/2006,57,30,43.5,-8.9,21,0,0
12/28/2006,68,39,53.5,1.2,11,0,0
12/29/2006,73,61,67,14.8,0,2,0
12/30/2006,68,57,62.5,10.4,2,0,4.27
12/31/2006,65,51,58,5.9,7,0,0
1/1/2007,56,39,47.5,-4.5,17,0,0
1/2/2007,56,34,45,-6.9,20,0,0
1/3/2007,57,34,45.5,-6.3,19,0,0
1/4/2007,71,54,62.5,10.7,2,0,3.09
1/5/2007,72,54,63,11.3,2,0,0
1/6/2007,75,60,67.5,15.8,0,3,0
1/7/2007,74,51,62.5,10.9,2,0,0.97
1/8/2007,60,40,50,-1.6,15,0,0
1/9/2007,69,36,52.5,0.9,12,0,0
1/10/2007,60,38,49,-2.6,16,0,0
1/11/2007,70,41,55.5,4,9,0,0
1/12/2007,75,58,66.5,15,0,2,0.19
1/13/2007,77,64,70.5,18.9,0,6,0
1/14/2007,79,66,72.5,20.9,0,8,0
1/15/2007,72,45,58.5,6.9,6,0,0.46
1/16/2007,45,35,40,-11.6,25,0,0.08
1/17/2007,42,34,38,-13.7,27,0,0
1/18/2007,50,40,45,-6.7,20,0,0.25
1/19/2007,50,44,47,-4.8,18,0,0.17
1/20/2007,57,45,51,-0.8,14,0,0
1/21/2007,66,56,61,9.1,4,0,1.38
1/22/2007,57,48,52.5,0.5,12,0,0.07
1/23/2007,49,44,46.5,-5.6,18,0,0.06
1/24/2007,49,43,46,-6.2,19,0,0.04
1/25/2007,62,38,50,-2.3,15,0,0
1/26/2007,61,33,47,-5.4,18,0,0
1/27/2007,55,43,49,-3.5,16,0,0.91
1/28/2007,53,33,43,-9.7,22,0,0.01
1/29/2007,51,26,38.5,-14.3,26,0,0
1/30/2007,47,43,45,-7.9,20,0,0
1/31/2007,49,36,42.5,-10.6,22,0,0.1
2/1/2007,50,42,46,-7.2,19,0,0.35
2/2/2007,47,34,40.5,-12.9,24,0,0
2/3/2007,49,30,39.5,-14.1,25,0,0
2/4/2007,58,32,45,-8.8,20,0,0
2/5/2007,63,36,49.5,-4.4,15,0,0
2/6/2007,68,33,50.5,-3.6,14,0,0
2/7/2007,72,39,55.5,1.2,9,0,0
2/8/2007,74,50,62,7.5,3,0,0
2/9/2007,65,43,54,-0.7,11,0,0
2/10/2007,58,36,47,-7.9,18,0,0
2/11/2007,63,36,49.5,-5.6,15,0,0
2/12/2007,72,46,59,3.6,6,0,0.18
2/13/2007,74,46,60,4.4,5,0,0.88
2/14/2007,46,33,39.5,-16.3,25,0,0
2/15/2007,48,30,39,-17,26,0,0
2/16/2007,45,32,38.5,-17.7,26,0,0
2/17/2007,63,31,47,-9.4,18,0,0
2/18/2007,57,34,45.5,-11.2,19,0,0
2/19/2007,65,30,47.5,-9.4,17,0,0
2/20/2007,72,57,64.5,7.4,0,0,0
2/21/2007,77,56,66.5,9.2,0,2,0.27
2/22/2007,80,49,64.5,7,0,0,0
2/23/2007,77,52,64.5,6.7,0,0,0
2/24/2007,77,56,66.5,8.5,0,2,0.14
2/25/2007,72,47,59.5,1.3,5,0,0
2/26/2007,79,43,61,2.6,4,0,0
2/27/2007,81,55,68,9.4,0,3,0
2/28/2007,73,51,62,3.1,3,0,0.01
3/1/2007,80,58,69,9.9,0,4,0.02
3/2/2007,71,47,59,-0.3,6,0,0
3/3/2007,71,44,57.5,-2,7,0,0
3/4/2007,58,36,47,-12.7,18,0,0
3/5/2007,66,31,48.5,-11.4,16,0,0
3/6/2007,71,36,53.5,-6.6,11,0,0
3/7/2007,71,38,54.5,-5.8,10,0,0
3/8/2007,74,45,59.5,-1,5,0,0
3/9/2007,75,47,61,0.3,4,0,0
3/10/2007,79,48,63.5,2.6,1,0,0
3/11/2007,78,50,64,2.9,1,0,0
3/12/2007,78,59,68.5,7.2,0,4,0.9
3/13/2007,78,63,70.5,9,0,6,0
3/14/2007,76,60,68,6.3,0,3,0.76
3/15/2007,76,59,67.5,5.6,0,3,0.38
3/16/2007,70,51,60.5,-1.5,4,0,0
3/17/2007,68,39,53.5,-8.7,11,0,0
3/18/2007,74,50,62,-0.4,3,0,0
3/19/2007,77,54,65.5,2.9,0,1,0
3/20/2007,79,57,68,5.2,0,3,0
3/21/2007,78,61,69.5,6.5,0,5,0
3/22/2007,81,60,70.5,7.4,0,6,0
3/23/2007,82,55,68.5,5.2,0,4,0
3/24/2007,84,63,73.5,10,0,9,0
3/25/2007,81,63,72,8.3,0,7,0
3/26/2007,82,58,70,6.1,0,5,0
3/27/2007,85,66,75.5,11.5,0,11,0
3/28/2007,85,65,75,10.8,0,10,0
3/29/2007,84,62,73,8.6,0,8,0
3/30/2007,85,59,72,7.4,0,7,0
3/31/2007,80,63,71.5,6.7,0,7,0.25
4/1/2007,81,63,72,7,0,7,0
4/2/2007,84,64,74,8.8,0,9,0
4/3/2007,84,65,74.5,9.2,0,10,0
4/4/2007,72,58,65,-0.5,0,0,0.17
4/5/2007,68,50,59,-6.7,6,0,0
4/6/2007,67,46,56.5,-9.4,8,0,0
4/7/2007,50,40,45,-21.1,20,0,0.08
4/8/2007,59,38,48.5,-17.8,16,0,0.08
4/9/2007,70,50,60,-6.5,5,0,0
4/10/2007,71,56,63.5,-3.2,1,0,0.82
4/11/2007,82,56,69,2.1,0,4,0
4/12/2007,80,46,63,-4.1,2,0,0
4/13/2007,84,53,68.5,1.1,0,4,0
4/14/2007,81,52,66.5,-1.1,0,2,0.7
4/15/2007,67,47,57,-10.8,8,0,0
4/16/2007,74,42,58,-10,7,0,0
4/17/2007,77,51,64,-4.2,1,0,0
4/18/2007,76,57,66.5,-2,0,2,0.05
4/19/2007,82,53,67.5,-1.2,0,3,0
4/20/2007,82,55,68.5,-0.4,0,4,0
4/21/2007,80,51,65.5,-3.7,0,1,0
4/22/2007,82,53,67.5,-1.9,0,3,0
4/23/2007,85,68,76.5,6.9,0,12,0
4/24/2007,85,66,75.5,5.6,0,11,0
4/25/2007,83,64,73.5,3.4,0,9,1.9
4/26/2007,78,58,68,-2.4,0,3,0.07
4/27/2007,79,55,67,-3.6,0,2,0
4/28/2007,86,55,70.5,-0.4,0,6,0
4/29/2007,88,57,72.5,1.4,0,8,0
4/30/2007,88,61,74.5,3.1,0,10,0
5/1/2007,87,64,75.5,3.9,0,11,0
5/2/2007,85,63,74,2.1,0,9,0
5/3/2007,82,65,73.5,1.3,0,9,0.57
5/4/2007,79,67,73,0.6,0,8,4.75
5/5/2007,89,69,79,6.3,0,14,0
5/6/2007,89,71,80,7.1,0,15,0
5/7/2007,83,67,75,1.8,0,10,0
5/8/2007,85,65,75,1.5,0,10,0
5/9/2007,88,62,75,1.3,0,10,0
5/10/2007,89,67,78,4,0,13,0
5/11/2007,87,65,76,1.7,0,11,0
5/12/2007,91,66,78.5,4,0,14,0
5/13/2007,91,67,79,4.2,0,14,0
5/14/2007,91,69,80,5,0,15,0
5/15/2007,85,67,76,0.7,0,11,1.88
5/16/2007,83,65,74,-1.5,0,9,0
5/17/2007,79,60,69.5,-6.3,0,5,0
5/18/2007,78,56,67,-9,0,2,0
5/19/2007,81,53,67,-9.3,0,2,0
5/20/2007,85,54,69.5,-7,0,5,0
5/21/2007,86,59,72.5,-4.3,0,8,0
5/22/2007,83,64,73.5,-3.5,0,9,0.15
5/23/2007,84,66,75,-2.2,0,10,0.01
5/24/2007,86,65,75.5,-2,0,11,0
5/25/2007,86,64,75,-2.7,0,10,0
5/26/2007,87,65,76,-1.9,0,11,0
5/27/2007,86,62,74,-4.1,0,9,0
5/28/2007,86,65,75.5,-2.8,0,11,0
5/29/2007,83,71,77,-1.5,0,12,0
5/30/2007,81,69,75,-3.7,0,10,0.23
5/31/2007,85,69,77,-1.9,0,12,0.64
6/1/2007,87,68,77.5,-1.6,0,13,0
6/2/2007,88,64,76,-3.3,0,11,0
6/3/2007,89,70,79.5,0,0,15,0.02
6/4/2007,87,69,78,-1.6,0,13,0.38
6/5/2007,89,68,78.5,-1.3,0,14,0
6/6/2007,91,72,81.5,1.5,0,17,0
6/7/2007,92,78,85,4.9,0,20,0
6/8/2007,94,77,85.5,5.2,0,21,0
6/9/2007,94,74,84,3.6,0,19,0.02
6/10/2007,96,72,84,3.5,0,19,0
6/11/2007,95,74,84.5,3.8,0,20,0.01
6/12/2007,94,73,83.5,2.7,0,19,0
6/13/2007,96,74,85,4.1,0,20,0
6/14/2007,93,71,82,1,0,17,0
6/15/2007,90,73,81.5,0.4,0,17,0
6/16/2007,92,73,82.5,1.3,0,18,0
6/17/2007,92,71,81.5,0.2,0,17,0
6/18/2007,90,74,82,0.6,0,17,0.49
6/19/2007,93,70,81.5,0,0,17,0.95
6/20/2007,94,69,81.5,-0.1,0,17,0
6/21/2007,94,70,82,0.3,0,17,0
6/22/2007,95,68,81.5,-0.3,0,17,0
6/23/2007,93,71,82,0.2,0,17,0
6/24/2007,88,70,79,-2.9,0,14,1.23
6/25/2007,91,74,82.5,0.5,0,18,0.36
6/26/2007,92,74,83,1,0,18,0.27
6/27/2007,91,73,82,-0.1,0,17,0
6/28/2007,91,73,82,-0.2,0,17,0.62
6/29/2007,93,72,82.5,0.3,0,18,0
6/30/2007,92,72,82,-0.3,0,17,0.11
7/1/2007,92,73,82.5,0.2,0,18,0
7/2/2007,94,73,83.5,1.1,0,19,0
7/3/2007,90,74,82,-0.4,0,17,0.25
7/4/2007,87,73,80,-2.5,0,15,0.68
7/5/2007,86,73,79.5,-3,0,15,0.19
7/6/2007,84,72,78,-4.5,0,13,0.14
7/7/2007,90,76,83,0.4,0,18,0
7/8/2007,91,75,83,0.4,0,18,0.3
7/9/2007,89,75,82,-0.7,0,17,0.52
7/10/2007,92,76,84,1.3,0,19,0.04
7/11/2007,93,78,85.5,2.8,0,21,0
7/12/2007,94,76,85,2.2,0,20,0
7/13/2007,93,75,84,1.2,0,19,0.16
7/14/2007,85,74,79.5,-3.3,0,15,0.1
7/15/2007,79,71,75,-7.9,0,10,0.47
7/16/2007,86,72,79,-3.9,0,14,0.02
7/17/2007,89,73,81,-1.9,0,16,0.26
7/18/2007,93,74,83.5,0.5,0,19,0
7/19/2007,93,75,84,1,0,19,0.34
7/20/2007,92,73,82.5,-0.5,0,18,0
7/21/2007,92,73,82.5,-0.5,0,18,0.28
7/22/2007,91,73,82,-1.1,0,17,0
7/23/2007,90,67,78.5,-4.6,0,14,0
7/24/2007,92,69,80.5,-2.6,0,16,0
7/25/2007,92,70,81,-2.1,0,16,0.58
7/26/2007,91,73,82,-1.1,0,17,0.02
7/27/2007,87,74,80.5,-2.7,0,16,0.79
7/28/2007,89,73,81,-2.2,0,16,0.84
7/29/2007,90,74,82,-1.2,0,17,0
7/30/2007,92,75,83.5,0.3,0,19,2.26
7/31/2007,89,75,82,-1.2,0,17,0.64
8/1/2007,93,74,83.5,0.3,0,19,0.58
8/2/2007,90,72,81,-2.2,0,16,0
8/3/2007,95,73,84,0.8,0,19,0
8/4/2007,94,75,84.5,1.3,0,20,0
8/5/2007,92,76,84,0.8,0,19,0
8/6/2007,95,78,86.5,3.3,0,22,0
8/7/2007,94,78,86,2.8,0,21,0
8/8/2007,96,79,87.5,4.3,0,23,0
8/9/2007,97,80,88.5,5.3,0,24,0
8/10/2007,98,79,88.5,5.4,0,24,0
8/11/2007,104,81,92.5,9.4,0,28,0
8/12/2007,103,76,89.5,6.4,0,25,0
8/13/2007,103,76,89.5,6.4,0,25,0
8/14/2007,102,76,89,6,0,24,0
8/15/2007,97,77,87,4,0,22,0
8/16/2007,96,78,87,4.1,0,22,0
8/17/2007,96,77,86.5,3.6,0,22,0.14
8/18/2007,95,75,85,2.2,0,20,0
8/19/2007,93,75,84,1.2,0,19,0.11
8/20/2007,96,73,84.5,1.8,0,20,0
8/21/2007,98,75,86.5,3.9,0,22,0
8/22/2007,97,75,86,3.5,0,21,0
8/23/2007,97,74,85.5,3,0,21,0
8/24/2007,92,73,82.5,0.1,0,18,0
8/25/2007,96,75,85.5,3.2,0,21,0.08
8/26/2007,96,74,85,2.8,0,20,0
8/27/2007,93,73,83,0.9,0,18,0.56
8/28/2007,94,72,83,1,0,18,0.01
8/29/2007,89,75,82,0.1,0,17,0.11
8/30/2007,94,76,85,3.2,0,20,0.02
8/31/2007,92,74,83,1.3,0,18,0.46
9/1/2007,92,74,83,1.5,0,18,0.05
9/2/2007,89,73,81,-0.4,0,16,0
9/3/2007,94,74,84,2.7,0,19,0
9/4/2007,95,75,85,3.9,0,20,0.26
9/5/2007,93,75,84,3,0,19,0
9/6/2007,93,75,84,3.2,0,19,0
9/7/2007,95,75,85,4.3,0,20,0.62
9/8/2007,92,74,83,2.5,0,18,0
9/9/2007,94,73,83.5,3.2,0,19,0
9/10/2007,94,70,82,1.9,0,17,0
9/11/2007,93,73,83,3,0,18,0
9/12/2007,89,73,81,1.2,0,16,0.75
9/13/2007,83,73,78,-1.6,0,13,1.37
9/14/2007,86,73,79.5,0.1,0,15,0
9/15/2007,89,68,78.5,-0.7,0,14,0
9/16/2007,88,61,74.5,-4.4,0,10,0
9/17/2007,91,62,76.5,-2.2,0,12,0
9/18/2007,90,70,80,1.5,0,15,0
9/19/2007,90,67,78.5,0.3,0,14,0
9/20/2007,89,64,76.5,-1.5,0,12,0
9/21/2007,90,65,77.5,-0.3,0,13,0
9/22/2007,86,70,78,0.5,0,13,0.11
9/23/2007,91,72,81.5,4.3,0,17,0
9/24/2007,79,74,76.5,-0.5,0,12,0.4
9/25/2007,84,74,79,2.3,0,14,0.07
9/26/2007,90,71,80.5,4.1,0,16,0
9/27/2007,92,69,80.5,4.4,0,16,0
9/28/2007,91,69,80,4.2,0,15,0
9/29/2007,91,67,79,3.5,0,14,0
9/30/2007,89,70,79.5,4.3,0,15,0
10/1/2007,89,65,77,2.1,0,12,0
10/2/2007,89,59,74,-0.6,0,9,0
10/3/2007,91,62,76.5,2.3,0,12,0
10/4/2007,89,72,80.5,6.6,0,16,0.28
10/5/2007,90,75,82.5,8.9,0,18,0.17
10/6/2007,91,77,84,10.8,0,19,0
10/7/2007,89,74,81.5,8.6,0,17,0.07
10/8/2007,90,73,81.5,9,0,17,0.25
10/9/2007,90,72,81,8.8,0,16,0.24
10/10/2007,86,62,74,2.2,0,9,0
10/11/2007,86,59,72.5,1.1,0,8,0
10/12/2007,79,53,66,-5.1,0,1,0
10/13/2007,81,50,65.5,-5.2,0,1,0
10/14/2007,83,52,67.5,-2.8,0,3,0
10/15/2007,84,65,74.5,4.6,0,10,0.01
10/16/2007,89,68,78.5,8.9,0,14,0.1
10/17/2007,84,74,79,9.8,0,14,0.92
10/18/2007,89,78,83.5,14.7,0,19,0.02
10/19/2007,83,56,69.5,1.1,0,5,0
10/20/2007,83,51,67,-1,0,2,0
10/21/2007,84,52,68,0.4,0,3,0
10/22/2007,85,60,72.5,5.2,0,8,0.87
10/23/2007,60,48,54,-12.9,11,0,0
10/24/2007,64,45,54.5,-12,10,0,0
10/25/2007,63,47,55,-11.1,10,0,0
10/26/2007,73,44,58.5,-7.2,6,0,0
10/27/2007,72,49,60.5,-4.9,4,0,0
10/28/2007,75,50,62.5,-2.5,2,0,0
10/29/2007,76,52,64,-0.6,1,0,0
10/30/2007,78,52,65,0.7,0,0,0
10/31/2007,83,58,70.5,6.6,0,6,0
11/1/2007,83,57,70,6.4,0,5,0
11/2/2007,80,59,69.5,6.3,0,5,0
11/3/2007,75,53,64,1.1,1,0,0
11/4/2007,78,50,64,1.5,1,0,0
11/5/2007,79,49,64,1.8,1,0,0
11/6/2007,69,46,57.5,-4.4,7,0,0
11/7/2007,64,40,52,-9.6,13,0,0
11/8/2007,68,37,52.5,-8.8,12,0,0
11/9/2007,78,51,64.5,3.5,0,0,0
11/10/2007,81,59,70,9.3,0,5,0.02
11/11/2007,77,59,68,7.6,0,3,0
11/12/2007,77,61,69,8.9,0,4,0
11/13/2007,81,59,70,10.2,0,5,0
11/14/2007,82,61,71.5,12,0,7,0
11/15/2007,70,38,54,-5.3,11,0,0.01
11/16/2007,65,33,49,-10,16,0,0
11/17/2007,75,44,59.5,0.7,5,0,0.03
11/18/2007,72,63,67.5,9,0,3,0.01
11/19/2007,80,60,70,11.7,0,5,0
11/20/2007,82,59,70.5,12.4,0,6,0
11/21/2007,82,62,72,14.2,0,7,0.19
11/22/2007,64,43,53.5,-4.1,11,0,0.16
11/23/2007,58,43,50.5,-6.9,14,0,0.01
11/24/2007,52,43,47.5,-9.7,17,0,0.82
11/25/2007,70,52,61,4,4,0,2.03
11/26/2007,59,48,53.5,-3.3,11,0,0.01
11/27/2007,64,42,53,-3.6,12,0,0
11/28/2007,69,36,52.5,-3.9,12,0,0
11/29/2007,72,51,61.5,5.2,3,0,0
11/30/2007,72,45,58.5,2.4,6,0,0
12/1/2007,76,46,61,5.1,4,0,0
12/2/2007,84,63,73.5,17.7,0,9,0
12/3/2007,70,38,54,-1.6,11,0,0
12/4/2007,63,31,47,-8.4,18,0,0
12/5/2007,73,38,55.5,0.2,9,0,0
12/6/2007,65,44,54.5,-0.6,10,0,0
12/7/2007,81,51,66,11,0,1,0
12/8/2007,83,64,73.5,18.7,0,9,0
12/9/2007,83,70,76.5,21.8,0,12,0
12/10/2007,82,68,75,20.5,0,10,0
12/11/2007,83,68,75.5,21.1,0,11,0
12/12/2007,82,69,75.5,21.3,0,11,0.09
12/13/2007,75,57,66,11.9,0,1,0.2
12/14/2007,62,57,59.5,5.5,5,0,0
12/15/2007,81,44,62.5,8.7,2,0,0.27
12/16/2007,51,35,43,-10.7,22,0,0
12/17/2007,57,29,43,-10.6,22,0,0
12/18/2007,64,42,53,-0.4,12,0,0
12/19/2007,76,53,64.5,11.2,0,0,0.41
12/20/2007,70,58,64,10.8,1,0,1.51
12/21/2007,70,59,64.5,11.4,0,0,0
12/22/2007,76,52,64,11,1,0,0.51
12/23/2007,54,34,44,-8.8,21,0,0
12/24/2007,51,32,41.5,-11.2,23,0,0
12/25/2007,61,38,49.5,-3.1,15,0,0
12/26/2007,62,38,50,-2.5,15,0,0.19
12/27/2007,59,46,52.5,0.1,12,0,0
12/28/2007,69,51,60,7.7,5,0,0.1
12/29/2007,59,47,53,0.8,12,0,0.01
12/30/2007,65,40,52.5,0.4,12,0,0.2
12/31/2007,70,36,53,0.9,12,0,0
1/1/2008,55,38,46.5,-5.5,18,0,0
1/2/2008,44,29,36.5,-15.4,28,0,0
1/3/2008,45,24,34.5,-17.3,30,0,0
1/4/2008,63,31,47,-4.8,18,0,0
1/5/2008,74,51,62.5,10.8,2,0,0
1/6/2008,80,57,68.5,16.8,0,4,0.01
1/7/2008,81,60,70.5,18.9,0,6,0
1/8/2008,81,61,71,19.4,0,6,0.45
1/9/2008,67,53,60,8.4,5,0,0.02
1/10/2008,76,56,66,14.4,0,1,0.52
1/11/2008,63,42,52.5,1,12,0,0
1/12/2008,67,38,52.5,1,12,0,0
1/13/2008,64,41,52.5,0.9,12,0,0
1/14/2008,63,33,48,-3.6,17,0,0
1/15/2008,63,42,52.5,0.9,12,0,0.07
1/16/2008,51,46,48.5,-3.1,16,0,1.41
1/17/2008,56,46,51,-0.7,14,0,0
1/18/2008,57,43,50,-1.7,15,0,0.13
1/19/2008,45,33,39,-12.8,26,0,1.49
1/20/2008,50,28,39,-12.8,26,0,0
1/21/2008,58,29,43.5,-8.4,21,0,0
1/22/2008,73,50,61.5,9.5,3,0,0
1/23/2008,56,52,54,1.9,11,0,0.01
1/24/2008,53,42,47.5,-4.7,17,0,1.56
1/25/2008,42,38,40,-12.3,25,0,1.32
1/26/2008,52,42,47,-5.4,18,0,0.12
1/27/2008,60,40,50,-2.5,15,0,0
1/28/2008,66,34,50,-2.7,15,0,0
1/29/2008,72,49,60.5,7.7,4,0,0.24
1/30/2008,56,35,45.5,-7.4,19,0,0
1/31/2008,68,44,56,2.9,9,0,2.04
2/1/2008,57,36,46.5,-6.7,18,0,0
2/2/2008,70,35,52.5,-0.9,12,0,0
2/3/2008,78,55,66.5,12.9,0,2,0
2/4/2008,82,69,75.5,21.7,0,11,0
2/5/2008,83,72,77.5,23.6,0,13,0
2/6/2008,75,43,59,4.9,6,0,0.04
2/7/2008,65,35,50,-4.3,15,0,0
2/8/2008,70,37,53.5,-1,11,0,0
2/9/2008,79,51,65,10.3,0,0,0
2/10/2008,76,41,58.5,3.6,6,0,0
2/11/2008,75,40,57.5,2.4,7,0,0
2/12/2008,78,47,62.5,7.1,2,0,0.79
2/13/2008,53,34,43.5,-12.1,21,0,0
2/14/2008,67,33,50,-5.8,15,0,0
2/15/2008,64,51,57.5,1.5,7,0,0.01
2/16/2008,73,58,65.5,9.3,0,1,0.14
2/17/2008,75,57,66,9.6,0,1,0.53
2/18/2008,65,42,53.5,-3.2,11,0,0
2/19/2008,69,36,52.5,-4.4,12,0,0
2/20/2008,70,45,57.5,0.4,7,0,0
2/21/2008,76,64,70,12.7,0,5,0.69
2/22/2008,74,50,62,4.5,3,0,0.02
2/23/2008,70,46,58,0.2,7,0,0
2/24/2008,77,47,62,4,3,0,0
2/25/2008,77,50,63.5,5.3,1,0,0
2/26/2008,73,45,59,0.6,6,0,0.06
2/27/2008,56,37,46.5,-12.1,18,0,0
2/28/2008,67,35,51,-7.9,14,0,0
2/29/2008,73,51,62,3,3,0,0
3/1/2008,79,50,64.5,5.4,0,0,0
3/2/2008,80,56,68,8.7,0,3,0
3/3/2008,82,56,69,9.5,0,4,1.37
3/4/2008,56,39,47.5,-12.2,17,0,0
3/5/2008,66,34,50,-9.9,15,0,0
3/6/2008,72,42,57,-3.1,8,0,1.09
3/7/2008,55,38,46.5,-13.8,18,0,0.11
3/8/2008,56,35,45.5,-15,19,0,0
3/9/2008,67,32,49.5,-11.2,15,0,0
3/10/2008,73,48,60.5,-0.4,4,0,0.48
3/11/2008,67,49,58,-3.1,7,0,0.45
3/12/2008,71,43,57,-4.3,8,0,0
3/13/2008,75,45,60,-1.5,5,0,0
3/14/2008,81,63,72,10.3,0,7,0
3/15/2008,86,65,75.5,13.6,0,11,0
3/16/2008,80,53,66.5,4.5,0,2,0
3/17/2008,83,58,70.5,8.3,0,6,0
3/18/2008,85,71,78,15.6,0,13,0
3/19/2008,77,50,63.5,0.9,1,0,0.18
3/20/2008,73,41,57,-5.8,8,0,0
3/21/2008,76,42,59,-4,6,0,0
3/22/2008,78,49,63.5,0.4,1,0,0
3/23/2008,69,48,58.5,-4.8,6,0,0
3/24/2008,65,38,51.5,-12,13,0,0
3/25/2008,71,35,53,-10.7,12,0,0
3/26/2008,76,48,62,-1.9,3,0,0
3/27/2008,81,52,66.5,2.5,0,2,0
3/28/2008,82,60,71,6.8,0,6,0
3/29/2008,79,60,69.5,5.1,0,5,0.06
3/30/2008,80,66,73,8.4,0,8,0
3/31/2008,82,66,74,9.2,0,9,0
4/1/2008,82,70,76,11,0,11,0.09
4/2/2008,83,66,74.5,9.3,0,10,0.73
4/3/2008,85,70,77.5,12.2,0,13,0
4/4/2008,84,61,72.5,7,0,8,0.76
4/5/2008,66,57,61.5,-4.2,3,0,0.04
4/6/2008,79,55,67,1.1,0,2,0
4/7/2008,84,54,69,2.9,0,4,0
4/8/2008,84,59,71.5,5.2,0,7,0
4/9/2008,83,68,75.5,9,0,11,0
4/10/2008,88,74,81,14.3,0,16,0
4/11/2008,88,68,78,11.1,0,13,0.36
4/12/2008,73,57,65,-2.1,0,0,0
4/13/2008,71,48,59.5,-7.9,5,0,0
4/14/2008,61,41,51,-16.6,14,0,0
4/15/2008,67,36,51.5,-16.3,13,0,0
4/16/2008,74,42,58,-10,7,0,0
4/17/2008,77,56,66.5,-1.7,0,2,0
4/18/2008,79,56,67.5,-1,0,3,0.02
4/19/2008,78,44,61,-7.7,4,0,0
4/20/2008,83,50,66.5,-2.4,0,2,0
4/21/2008,86,52,69,-0.2,0,4,0
4/22/2008,90,64,77,7.6,0,12,0.2
4/23/2008,89,68,78.5,8.9,0,14,0
4/24/2008,86,66,76,6.1,0,11,0
4/25/2008,82,62,72,1.9,0,7,0
4/26/2008,84,65,74.5,4.1,0,10,0.02
4/27/2008,80,63,71.5,0.9,0,7,0.45
4/28/2008,73,52,62.5,-8.4,2,0,0
4/29/2008,80,49,64.5,-6.6,0,0,0
4/30/2008,82,52,67,-4.4,0,2,0
5/1/2008,85,65,75,3.4,0,10,0
5/2/2008,84,73,78.5,6.6,0,14,0.18
5/3/2008,85,63,74,1.8,0,9,1.1
5/4/2008,81,56,68.5,-3.9,0,4,0
5/5/2008,77,57,67,-5.7,0,2,0
5/6/2008,83,59,71,-1.9,0,6,0
5/7/2008,87,61,74,0.8,0,9,0
5/8/2008,88,74,81,7.5,0,16,0
5/9/2008,88,73,80.5,6.8,0,16,0
5/10/2008,89,74,81.5,7.5,0,17,0
5/11/2008,83,57,70,-4.3,0,5,0
5/12/2008,82,50,66,-8.5,0,1,0
5/13/2008,85,59,72,-2.8,0,7,0
5/14/2008,85,69,77,2,0,12,3.9
5/15/2008,84,68,76,0.7,0,11,2.61
5/16/2008,74,61,67.5,-8,0,3,0.05
5/17/2008,77,55,66,-9.8,0,1,0
5/18/2008,83,59,71,-5,0,6,0
5/19/2008,88,66,77,0.7,0,12,0
5/20/2008,90,71,80.5,4,0,16,0
5/21/2008,89,73,81,4.2,0,16,0
5/22/2008,88,70,79,2,0,14,0.92
5/23/2008,88,69,78.5,1.3,0,14,0.01
5/24/2008,92,77,84.5,7,0,20,0
5/25/2008,93,74,83.5,5.8,0,19,0
5/26/2008,91,73,82,4.1,0,17,0
5/27/2008,89,73,81,2.9,0,16,0.04
5/28/2008,90,68,79,0.7,0,14,0
5/29/2008,90,69,79.5,1,0,15,0
5/30/2008,89,69,79,0.3,0,14,0
5/31/2008,91,70,80.5,1.6,0,16,0
6/1/2008,92,72,82,2.9,0,17,0
6/2/2008,93,72,82.5,3.2,0,18,0
6/3/2008,92,77,84.5,5,0,20,0
6/4/2008,93,76,84.5,4.9,0,20,0
6/5/2008,93,77,85,5.2,0,20,0
6/6/2008,94,76,85,5,0,20,0
6/7/2008,94,77,85.5,5.4,0,21,0.14
6/8/2008,93,74,83.5,3.2,0,19,0
6/9/2008,92,73,82.5,2.1,0,18,0
6/10/2008,92,74,83,2.5,0,18,0.05
6/11/2008,93,72,82.5,1.8,0,18,0
6/12/2008,91,73,82,1.2,0,17,0
6/13/2008,94,73,83.5,2.6,0,19,0
6/14/2008,90,72,81,0,0,16,0.01
6/15/2008,93,73,83,1.9,0,18,0
6/16/2008,95,71,83,1.8,0,18,0
6/17/2008,95,73,84,2.7,0,19,0
6/18/2008,93,73,83,1.6,0,18,0
6/19/2008,92,73,82.5,1,0,18,0
6/20/2008,92,70,81,-0.6,0,16,1.31
6/21/2008,93,71,82,0.3,0,17,0
6/22/2008,92,72,82,0.2,0,17,0
6/23/2008,94,71,82.5,0.7,0,18,0
6/24/2008,95,73,84,2.1,0,19,0
6/25/2008,86,69,77.5,-4.5,0,13,0.57
6/26/2008,92,69,80.5,-1.5,0,16,0.58
6/27/2008,89,71,80,-2.1,0,15,0
6/28/2008,90,71,80.5,-1.7,0,16,0.51
6/29/2008,91,72,81.5,-0.7,0,17,0.22
6/30/2008,89,73,81,-1.3,0,16,0.13
7/1/2008,92,67,79.5,-2.8,0,15,0
7/2/2008,94,66,80,-2.4,0,15,0
7/3/2008,92,73,82.5,0.1,0,18,1.27
7/4/2008,91,71,81,-1.5,0,16,0
7/5/2008,92,73,82.5,0,0,18,0
7/6/2008,94,74,84,1.5,0,19,0.51
7/7/2008,93,72,82.5,-0.1,0,18,0
7/8/2008,95,74,84.5,1.9,0,20,0.58
7/9/2008,93,74,83.5,0.8,0,19,0
7/10/2008,92,76,84,1.3,0,19,0.02
7/11/2008,94,75,84.5,1.8,0,20,0
7/12/2008,95,78,86.5,3.7,0,22,0
7/13/2008,94,77,85.5,2.7,0,21,0
7/14/2008,93,77,85,2.2,0,20,0.07
7/15/2008,95,73,84,1.1,0,19,0
7/16/2008,97,68,82.5,-0.4,0,18,0
7/17/2008,96,72,84,1.1,0,19,0
7/18/2008,95,74,84.5,1.5,0,20,0
7/19/2008,95,73,84,1,0,19,0
7/20/2008,98,75,86.5,3.5,0,22,0
7/21/2008,98,76,87,4,0,22,0
7/22/2008,94,75,84.5,1.4,0,20,0
7/23/2008,91,74,82.5,-0.6,0,18,0.46
7/24/2008,90,73,81.5,-1.6,0,17,0.26
7/25/2008,94,75,84.5,1.4,0,20,0
7/26/2008,95,78,86.5,3.4,0,22,0
7/27/2008,98,77,87.5,4.3,0,23,0
7/28/2008,97,76,86.5,3.3,0,22,0
7/29/2008,94,79,86.5,3.3,0,22,0.1
7/30/2008,92,79,85.5,2.3,0,21,0
7/31/2008,89,76,82.5,-0.7,0,18,0.1
8/1/2008,94,74,84,0.8,0,19,1.01
8/2/2008,95,74,84.5,1.3,0,20,0
8/3/2008,96,74,85,1.8,0,20,0.48
8/4/2008,91,75,83,-0.2,0,18,0
8/5/2008,90,76,83,-0.2,0,18,0.2
8/6/2008,94,74,84,0.8,0,19,0
8/7/2008,94,77,85.5,2.3,0,21,0
8/8/2008,86,75,80.5,-2.7,0,16,0
8/9/2008,93,70,81.5,-1.7,0,17,0
8/10/2008,95,68,81.5,-1.6,0,17,0
8/11/2008,89,76,82.5,-0.6,0,18,0.74
8/12/2008,90,76,83,-0.1,0,18,0.38
8/13/2008,89,73,81,-2.1,0,16,0.98
8/14/2008,94,68,81,-2,0,16,0
8/15/2008,92,72,82,-1,0,17,0
8/16/2008,87,75,81,-1.9,0,16,0.07
8/17/2008,91,73,82,-0.9,0,17,0
8/18/2008,92,73,82.5,-0.3,0,18,0
8/19/2008,91,75,83,0.2,0,18,0.56
8/20/2008,88,75,81.5,-1.2,0,17,0
8/21/2008,92,74,83,0.4,0,18,0.06
8/22/2008,94,74,84,1.5,0,19,0.01
8/23/2008,94,76,85,2.5,0,20,0
8/24/2008,77,73,75,-7.4,0,10,3.04
8/25/2008,87,74,80.5,-1.8,0,16,0.04
8/26/2008,90,73,81.5,-0.7,0,17,0
8/27/2008,93,72,82.5,0.4,0,18,0
8/28/2008,95,74,84.5,2.5,0,20,0.12
8/29/2008,96,76,86,4.1,0,21,0
8/30/2008,95,74,84.5,2.7,0,20,0
8/31/2008,92,72,82,0.3,0,17,0.17
9/1/2008,80,76,78,-3.5,0,13,2.06
9/2/2008,83,75,79,-2.4,0,14,3.77
9/3/2008,88,79,83.5,2.2,0,19,0.18
9/4/2008,90,72,81,-0.1,0,16,1.1
9/5/2008,84,69,76.5,-4.5,0,12,0
9/6/2008,79,71,75,-5.8,0,10,0
9/7/2008,90,68,79,-1.7,0,14,0
9/8/2008,94,73,83.5,3,0,19,0.71
9/9/2008,93,72,82.5,2.2,0,18,0
9/10/2008,94,75,84.5,4.4,0,20,0.02
9/11/2008,91,76,83.5,3.5,0,19,0.03
9/12/2008,88,74,81,1.2,0,16,0.41
9/13/2008,90,82,86,6.4,0,21,0
9/14/2008,91,74,82.5,3.1,0,18,0.44
9/15/2008,80,67,73.5,-5.7,0,9,0
9/16/2008,81,63,72,-6.9,0,7,0
9/17/2008,82,60,71,-7.7,0,6,0
9/18/2008,84,63,73.5,-5,0,9,0
9/19/2008,82,72,77,-1.2,0,12,0
9/20/2008,79,71,75,-3,0,10,0
9/21/2008,89,71,80,2.2,0,15,0.05
9/22/2008,86,67,76.5,-1,0,12,0
9/23/2008,87,69,78,0.8,0,13,0
9/24/2008,83,67,75,-2,0,10,0
9/25/2008,82,62,72,-4.7,0,7,0
9/26/2008,84,59,71.5,-4.9,0,7,0
9/27/2008,86,60,73,-3.1,0,8,0
9/28/2008,87,62,74.5,-1.3,0,10,0
9/29/2008,89,66,77.5,2,0,13,0
9/30/2008,87,66,76.5,1.3,0,12,0
10/1/2008,80,60,70,-4.9,0,5,0
10/2/2008,84,55,69.5,-5.1,0,5,0
10/3/2008,86,60,73,-1.2,0,8,0
10/4/2008,85,64,74.5,0.6,0,10,0
10/5/2008,84,61,72.5,-1.1,0,8,0
10/6/2008,89,66,77.5,4.3,0,13,0
10/7/2008,88,71,79.5,6.6,0,15,0.05
10/8/2008,78,60,69,-3.5,0,4,0
10/9/2008,83,57,70,-2.2,0,5,0
10/10/2008,85,59,72,0.2,0,7,0
10/11/2008,86,63,74.5,3.1,0,10,0
10/12/2008,85,63,74,2.9,0,9,0
10/13/2008,88,67,77.5,6.8,0,13,0
10/14/2008,88,71,79.5,9.2,0,15,0
10/15/2008,88,70,79,9.1,0,14,0
10/16/2008,87,66,76.5,6.9,0,12,0
10/17/2008,77,55,66,-3.2,0,1,0
10/18/2008,79,51,65,-3.8,0,0,0
10/19/2008,76,49,62.5,-5.9,2,0,0
10/20/2008,80,47,63.5,-4.5,1,0,0
10/21/2008,80,52,66,-1.6,0,1,0
10/22/2008,79,53,66,-1.3,0,1,0
10/23/2008,68,57,62.5,-4.4,2,0,0.21
10/24/2008,77,49,63,-3.5,2,0,0
10/25/2008,79,45,62,-4.1,3,0,0
10/26/2008,82,48,65,-0.7,0,0,0
10/27/2008,66,40,53,-12.4,12,0,0
10/28/2008,64,36,50,-15,15,0,0
10/29/2008,67,34,50.5,-14.1,14,0,0
10/30/2008,75,40,57.5,-6.8,7,0,0
10/31/2008,78,41,59.5,-4.4,5,0,0
11/1/2008,77,44,60.5,-3.1,4,0,0
11/2/2008,77,44,60.5,-2.7,4,0,0
11/3/2008,80,45,62.5,-0.4,2,0,0
11/4/2008,80,47,63.5,1,1,0,0
11/5/2008,80,55,67.5,5.3,0,3,0
11/6/2008,82,56,69,7.1,0,4,0.02
11/7/2008,70,46,58,-3.6,7,0,0.08
11/8/2008,76,41,58.5,-2.8,6,0,0
11/9/2008,73,40,56.5,-4.5,8,0,0
11/10/2008,72,42,57,-3.7,8,0,0
11/11/2008,79,50,64.5,4.1,0,0,0
11/12/2008,67,60,63.5,3.4,1,0,0.23
11/13/2008,73,57,65,5.2,0,0,0
11/14/2008,82,60,71,11.5,0,6,0.07
11/15/2008,65,44,54.5,-4.8,10,0,0.01
11/16/2008,58,35,46.5,-12.5,18,0,0
11/17/2008,71,35,53,-5.8,12,0,0
11/18/2008,62,37,49.5,-9,15,0,0
11/19/2008,66,32,49,-9.3,16,0,0
11/20/2008,76,43,59.5,1.4,5,0,0
11/21/2008,56,36,46,-11.8,19,0,0
11/22/2008,65,32,48.5,-9.1,16,0,0
11/23/2008,75,53,64,6.6,1,0,0
11/24/2008,79,52,65.5,8.3,0,1,0.19
11/25/2008,66,38,52,-5,13,0,0
11/26/2008,70,35,52.5,-4.3,12,0,0
11/27/2008,76,55,65.5,8.9,0,1,0.02
11/28/2008,82,65,73.5,17.1,0,9,0
11/29/2008,72,58,65,8.7,0,0,0.47
11/30/2008,62,44,53,-3.1,12,0,0
12/1/2008,56,35,45.5,-10.4,19,0,0
12/2/2008,58,30,44,-11.8,21,0,0
12/3/2008,75,39,57,1.4,8,0,0
12/4/2008,65,40,52.5,-2.9,12,0,0.94
12/5/2008,56,34,45,-10.3,20,0,0
12/6/2008,58,36,47,-8.1,18,0,0
12/7/2008,64,33,48.5,-6.5,16,0,0
12/8/2008,71,34,52.5,-2.3,12,0,0
12/9/2008,77,58,67.5,12.8,0,3,0.57
12/10/2008,58,40,49,-5.5,16,0,1.21
12/11/2008,44,32,38,-16.4,27,0,0.28
12/12/2008,60,32,46,-8.2,19,0,0
12/13/2008,61,34,47.5,-6.6,17,0,0
12/14/2008,74,55,64.5,10.5,0,0,0
12/15/2008,75,51,63,9.2,2,0,0.15
12/16/2008,60,45,52.5,-1.2,12,0,0
12/17/2008,80,60,70,16.4,0,5,0
12/18/2008,78,64,71,17.6,0,6,0
12/19/2008,82,68,75,21.7,0,10,0
12/20/2008,79,65,72,18.8,0,7,0
12/21/2008,70,38,54,0.9,11,0,0.01
12/22/2008,44,31,37.5,-15.5,27,0,0
12/23/2008,71,41,56,3.2,9,0,0
12/24/2008,79,62,70.5,17.8,0,6,0.78
12/25/2008,76,61,68.5,15.9,0,4,0
12/26/2008,83,66,74.5,22,0,10,0
12/27/2008,82,52,67,14.6,0,2,0.08
12/28/2008,54,51,52.5,0.2,12,0,1.82
12/29/2008,67,43,55,2.8,10,0,0
12/30/2008,69,37,53,0.9,12,0,0
12/31/2008,64,42,53,0.9,12,0,0
1/1/2009,63,37,50,-2,15,0,0
1/2/2009,80,57,68.5,16.6,0,4,0
1/3/2009,73,64,68.5,16.7,0,4,0.15
1/4/2009,77,65,71,19.2,0,6,0.95
1/5/2009,73,60,66.5,14.8,0,2,0.05
1/6/2009,77,55,66,14.3,0,1,1.42
1/7/2009,64,42,53,1.4,12,0,0
1/8/2009,73,47,60,8.4,5,0,0
1/9/2009,75,47,61,9.4,4,0,0
1/10/2009,80,53,66.5,14.9,0,2,0.59
1/11/2009,53,39,46,-5.5,19,0,0
1/12/2009,60,32,46,-5.5,19,0,0
1/13/2009,55,34,44.5,-7.1,20,0,0
1/14/2009,57,30,43.5,-8.1,21,0,0
1/15/2009,57,31,44,-7.6,21,0,0
1/16/2009,49,28,38.5,-13.1,26,0,0
1/17/2009,59,33,46,-5.7,19,0,0
1/18/2009,69,50,59.5,7.8,5,0,0.04
1/19/2009,65,36,50.5,-1.3,14,0,0
1/20/2009,51,32,41.5,-10.3,23,0,0
1/21/2009,53,27,40,-11.9,25,0,0
1/22/2009,73,34,53.5,1.5,11,0,0
1/23/2009,75,52,63.5,11.4,1,0,0
1/24/2009,71,44,57.5,5.3,7,0,0.05
1/25/2009,53,44,48.5,-3.8,16,0,0
1/26/2009,74,48,61,8.6,4,0,0
1/27/2009,81,59,70,17.5,0,5,0
1/28/2009,70,41,55.5,2.8,9,0,0.08
1/29/2009,60,35,47.5,-5.3,17,0,0
1/30/2009,62,36,49,-3.9,16,0,0
1/31/2009,68,37,52.5,-0.6,12,0,0
2/1/2009,71,46,58.5,5.3,6,0,0.13
2/2/2009,60,37,48.5,-4.9,16,0,0.06
2/3/2009,64,31,47.5,-6.1,17,0,0
2/4/2009,52,31,41.5,-12.3,23,0,0
2/5/2009,60,29,44.5,-9.4,20,0,0
2/6/2009,73,37,55,0.9,10,0,0
2/7/2009,77,50,63.5,9.2,1,0,0
2/8/2009,79,52,65.5,11,0,1,0
2/9/2009,78,57,67.5,12.8,0,3,0
2/10/2009,79,61,70,15.1,0,5,0
2/11/2009,74,48,61,5.9,4,0,0.09
2/12/2009,75,42,58.5,3.1,6,0,0
2/13/2009,78,54,66,10.4,0,1,0.82
2/14/2009,71,59,65,9.2,0,0,0.39
2/15/2009,67,50,58.5,2.5,6,0,0.11
2/16/2009,64,43,53.5,-2.7,11,0,0
2/17/2009,70,45,57.5,1.1,7,0,0
2/18/2009,76,66,71,14.3,0,6,0.18
2/19/2009,68,39,53.5,-3.4,11,0,0
2/20/2009,63,33,48,-9.1,17,0,0
2/21/2009,68,35,51.5,-5.8,13,0,0.29
2/22/2009,61,40,50.5,-7,14,0,0
2/23/2009,63,34,48.5,-9.3,16,0,0
2/24/2009,71,35,53,-5,12,0,0
2/25/2009,78,59,68.5,10.3,0,4,0
2/26/2009,82,59,70.5,12.1,0,6,0
2/27/2009,83,68,75.5,16.9,0,11,0
2/28/2009,73,42,57.5,-1.4,7,0,0
3/1/2009,55,33,44,-15.1,21,0,0
3/2/2009,59,33,46,-13.3,19,0,0
3/3/2009,63,36,49.5,-10,15,0,0
3/4/2009,71,38,54.5,-5.2,10,0,0
3/5/2009,76,51,63.5,3.6,1,0,0
3/6/2009,82,58,70,9.9,0,5,0
3/7/2009,83,63,73,12.7,0,8,0
3/8/2009,83,66,74.5,14,0,10,0
3/9/2009,84,64,74,13.3,0,9,0
3/10/2009,85,63,74,13.1,0,9,0
3/11/2009,85,60,72.5,11.4,0,8,0.09
3/12/2009,76,55,65.5,4.2,0,1,0.1
3/13/2009,68,55,61.5,0,3,0,0.08
3/14/2009,61,53,57,-4.7,8,0,1.23
3/15/2009,67,52,59.5,-2.4,5,0,1.07
3/16/2009,66,61,63.5,1.5,1,0,0.68
3/17/2009,79,55,67,4.8,0,2,0
3/18/2009,81,49,65,2.6,0,0,0
3/19/2009,82,51,66.5,3.9,0,2,0
3/20/2009,79,53,66,3.2,0,1,0
3/21/2009,81,50,65.5,2.5,0,1,0
3/22/2009,79,54,66.5,3.4,0,2,0
3/23/2009,79,58,68.5,5.2,0,4,0
3/24/2009,82,63,72.5,9,0,8,0
3/25/2009,78,65,71.5,7.8,0,7,0.05
3/26/2009,74,60,67,3.1,0,2,2.69
3/27/2009,83,64,73.5,9.5,0,9,0.14
3/28/2009,75,50,62.5,-1.7,2,0,0.03
3/29/2009,70,45,57.5,-6.9,7,0,0
3/30/2009,75,44,59.5,-5.1,5,0,0
3/31/2009,81,64,72.5,7.7,0,8,0
4/1/2009,71,54,62.5,-2.5,2,0,0
4/2/2009,82,59,70.5,5.3,0,6,0.47
4/3/2009,73,52,62.5,-2.8,2,0,0
4/4/2009,79,51,65,-0.5,0,0,0
4/5/2009,84,59,71.5,5.8,0,7,0
4/6/2009,64,46,55,-10.9,10,0,0
4/7/2009,62,41,51.5,-14.6,13,0,0
4/8/2009,77,39,58,-8.3,7,0,0
4/9/2009,78,54,66,-0.5,0,1,0
4/10/2009,86,69,77.5,10.8,0,13,0
4/11/2009,78,57,67.5,0.6,0,3,0
4/12/2009,74,61,67.5,0.4,0,3,1.4
4/13/2009,84,60,72,4.6,0,7,0
4/14/2009,69,50,59.5,-8.1,5,0,0
4/15/2009,77,46,61.5,-6.3,3,0,0
4/16/2009,76,52,64,-4,1,0,0
4/17/2009,78,58,68,-0.2,0,3,0.75
4/18/2009,77,63,70,1.5,0,5,1.22
4/19/2009,80,63,71.5,2.8,0,7,0.16
4/20/2009,74,54,64,-4.9,1,0,0
4/21/2009,83,53,68,-1.2,0,3,0
4/22/2009,87,58,72.5,3.1,0,8,0
4/23/2009,86,64,75,5.4,0,10,0
4/24/2009,85,63,74,4.1,0,9,0
4/25/2009,87,67,77,6.9,0,12,0
4/26/2009,84,63,73.5,3.1,0,9,0
4/27/2009,85,70,77.5,6.9,0,13,0.04
4/28/2009,82,66,74,3.1,0,9,0
4/29/2009,84,63,73.5,2.4,0,9,0
4/30/2009,85,60,72.5,1.1,0,8,0
5/1/2009,88,69,78.5,6.9,0,14,0
5/2/2009,87,68,77.5,5.6,0,13,0
5/3/2009,81,66,73.5,1.3,0,9,0.55
5/4/2009,84,71,77.5,5.1,0,13,0.11
5/5/2009,89,70,79.5,6.8,0,15,0
5/6/2009,85,74,79.5,6.6,0,15,0
5/7/2009,88,74,81,7.8,0,16,0
5/8/2009,88,71,79.5,6,0,15,0
5/9/2009,89,73,81,7.3,0,16,0
5/10/2009,89,71,80,6,0,15,0
5/11/2009,91,68,79.5,5.2,0,15,0.3
5/12/2009,90,67,78.5,4,0,14,0
5/13/2009,89,71,80,5.2,0,15,0
5/14/2009,89,69,79,4,0,14,0
5/15/2009,87,69,78,2.7,0,13,0.09
5/16/2009,87,68,77.5,2,0,13,0.46
5/17/2009,75,58,66.5,-9.3,0,2,0.14
5/18/2009,77,52,64.5,-11.5,0,0,0
5/19/2009,79,55,67,-9.3,0,2,0
5/20/2009,86,52,69,-7.5,0,4,0
5/21/2009,83,67,75,-1.8,0,10,0
5/22/2009,84,69,76.5,-0.5,0,12,0.29
5/23/2009,82,68,75,-2.2,0,10,0.02
5/24/2009,85,66,75.5,-2,0,11,0.05
5/25/2009,83,69,76,-1.7,0,11,0.02
5/26/2009,87,68,77.5,-0.4,0,13,0.01
5/27/2009,89,69,79,0.9,0,14,0.15
5/28/2009,87,67,77,-1.3,0,12,0
5/29/2009,85,62,73.5,-5,0,9,0
5/30/2009,88,61,74.5,-4.2,0,10,0
5/31/2009,91,63,77,-1.9,0,12,0
6/1/2009,91,67,79,-0.1,0,14,0
6/2/2009,86,65,75.5,-3.8,0,11,0.39
6/3/2009,86,68,77,-2.5,0,12,0.07
6/4/2009,84,68,76,-3.6,0,11,0.13
6/5/2009,82,64,73,-6.8,0,8,0
6/6/2009,87,59,73,-7,0,8,0
6/7/2009,88,64,76,-4.1,0,11,0
6/8/2009,91,67,79,-1.3,0,14,0
6/9/2009,93,73,83,2.6,0,18,0
6/10/2009,94,74,84,3.5,0,19,0
6/11/2009,93,75,84,3.3,0,19,0
6/12/2009,92,74,83,2.2,0,18,0
6/13/2009,94,71,82.5,1.6,0,18,0
6/14/2009,93,75,84,3,0,19,0
6/15/2009,94,74,84,2.9,0,19,0
6/16/2009,95,74,84.5,3.3,0,20,0
6/17/2009,95,72,83.5,2.2,0,19,0
6/18/2009,96,74,85,3.6,0,20,0
6/19/2009,97,75,86,4.5,0,21,0
6/20/2009,96,76,86,4.4,0,21,0
6/21/2009,96,76,86,4.3,0,21,0
6/22/2009,97,76,86.5,4.7,0,22,0
6/23/2009,99,77,88,6.2,0,23,0
6/24/2009,100,78,89,7.1,0,24,0
6/25/2009,100,75,87.5,5.5,0,23,0
6/26/2009,99,77,88,6,0,23,0
6/27/2009,99,78,88.5,6.4,0,24,0
6/28/2009,98,81,89.5,7.3,0,25,0
6/29/2009,99,77,88,5.8,0,23,0
6/30/2009,98,74,86,3.7,0,21,0
7/1/2009,99,73,86,3.7,0,21,0
7/2/2009,102,78,90,7.6,0,25,0
7/3/2009,98,75,86.5,4.1,0,22,0
7/4/2009,99,79,89,6.5,0,24,0
7/5/2009,96,80,88,5.5,0,23,0
7/6/2009,91,75,83,0.5,0,18,0.61
7/7/2009,89,75,82,-0.6,0,17,0.35
7/8/2009,91,75,83,0.4,0,18,0.18
7/9/2009,93,75,84,1.3,0,19,0.18
7/10/2009,97,74,85.5,2.8,0,21,0
7/11/2009,95,76,85.5,2.8,0,21,0
7/12/2009,95,76,85.5,2.7,0,21,1.1
7/13/2009,95,76,85.5,2.7,0,21,0
7/14/2009,93,78,85.5,2.7,0,21,0
7/15/2009,94,74,84,1.1,0,19,0.95
7/16/2009,94,74,84,1.1,0,19,0.12
7/17/2009,87,74,80.5,-2.4,0,16,0.01
7/18/2009,91,72,81.5,-1.5,0,17,0
7/19/2009,90,69,79.5,-3.5,0,15,0
7/20/2009,91,69,80,-3,0,15,0
7/21/2009,91,71,81,-2,0,16,0
7/22/2009,85,75,80,-3.1,0,15,0.16
7/23/2009,90,72,81,-2.1,0,16,0
7/24/2009,93,71,82,-1.1,0,17,0
7/25/2009,95,69,82,-1.1,0,17,0
7/26/2009,93,73,83,-0.1,0,18,0.06
7/27/2009,91,73,82,-1.2,0,17,0.1
7/28/2009,90,74,82,-1.2,0,17,0.43
7/29/2009,92,79,85.5,2.3,0,21,0.06
7/30/2009,93,77,85,1.8,0,20,0.34
7/31/2009,92,80,86,2.8,0,21,0
8/1/2009,93,77,85,1.8,0,20,0
8/2/2009,87,74,80.5,-2.7,0,16,0.39
8/3/2009,93,75,84,0.8,0,19,0
8/4/2009,94,75,84.5,1.3,0,20,0
8/5/2009,93,75,84,0.8,0,19,0
8/6/2009,93,74,83.5,0.3,0,19,0.18
8/7/2009,96,73,84.5,1.3,0,20,0
8/8/2009,91,74,82.5,-0.7,0,18,0.71
8/9/2009,92,75,83.5,0.3,0,19,0.36
8/10/2009,96,76,86,2.9,0,21,0
8/11/2009,92,77,84.5,1.4,0,20,0
8/12/2009,94,76,85,1.9,0,20,0
8/13/2009,94,74,84,0.9,0,19,0
8/14/2009,92,76,84,1,0,19,1.03
8/15/2009,93,74,83.5,0.5,0,19,0
8/16/2009,92,75,83.5,0.6,0,19,0.01
8/17/2009,92,74,83,0.1,0,18,0
8/18/2009,90,74,82,-0.8,0,17,1.58
8/19/2009,92,73,82.5,-0.3,0,18,0.91
8/20/2009,88,76,82,-0.7,0,17,0.2
8/21/2009,88,75,81.5,-1.1,0,17,0.78
8/22/2009,91,71,81,-1.5,0,16,0.03
8/23/2009,87,65,76,-6.5,0,11,0
8/24/2009,88,63,75.5,-6.9,0,11,0
8/25/2009,89,63,76,-6.3,0,11,0
8/26/2009,91,67,79,-3.2,0,14,0
8/27/2009,92,67,79.5,-2.6,0,15,0
8/28/2009,89,71,80,-2,0,15,0
8/29/2009,89,71,80,-1.9,0,15,0.36
8/30/2009,89,71,80,-1.8,0,15,0
8/31/2009,89,70,79.5,-2.2,0,15,0
9/1/2009,88,65,76.5,-5,0,12,0
9/2/2009,87,63,75,-6.4,0,10,0
9/3/2009,90,67,78.5,-2.8,0,14,0
9/4/2009,92,70,81,-0.1,0,16,0.44
9/5/2009,90,71,80.5,-0.5,0,16,0.06
9/6/2009,91,73,82,1.2,0,17,0
9/7/2009,91,73,82,1.3,0,17,0
9/8/2009,90,72,81,0.5,0,16,0.02
9/9/2009,88,72,80,-0.3,0,15,0.18
9/10/2009,86,72,79,-1.1,0,14,0
9/11/2009,79,73,76,-4,0,11,0.41
9/12/2009,78,70,74,-5.8,0,9,0.52
9/13/2009,79,74,76.5,-3.1,0,12,0.65
9/14/2009,90,75,82.5,3.1,0,18,0
9/15/2009,87,75,81,1.8,0,16,0
9/16/2009,88,73,80.5,1.6,0,16,0
9/17/2009,90,72,81,2.3,0,16,0
9/18/2009,85,73,79,0.5,0,14,1.74
9/19/2009,85,71,78,-0.2,0,13,0
9/20/2009,86,73,79.5,1.5,0,15,0
9/21/2009,91,74,82.5,4.7,0,18,0
9/22/2009,90,73,81.5,4,0,17,0.33
9/23/2009,88,74,81,3.8,0,16,1.07
9/24/2009,91,73,82,5,0,17,0
9/25/2009,91,75,83,6.3,0,18,0.05
9/26/2009,87,73,80,3.6,0,15,0.08
9/27/2009,90,70,80,3.9,0,15,0
9/28/2009,92,73,82.5,6.7,0,18,0
9/29/2009,80,63,71.5,-4,0,7,0
9/30/2009,83,55,69,-6.2,0,4,0
10/1/2009,86,57,71.5,-3.4,0,7,0
10/2/2009,82,67,74.5,-0.1,0,10,1.48
10/3/2009,83,66,74.5,0.3,0,10,0
10/4/2009,82,72,77,3.1,0,12,1.98
10/5/2009,85,71,78,4.4,0,13,0.17
10/6/2009,90,74,82,8.8,0,17,0
10/7/2009,93,76,84.5,11.6,0,20,0.01
10/8/2009,92,75,83.5,11,0,19,0
10/9/2009,91,69,80,7.8,0,15,0.11
10/10/2009,72,63,67.5,-4.3,0,3,0.5
10/11/2009,69,62,65.5,-5.9,0,1,3.53
10/12/2009,88,69,78.5,7.4,0,14,0.26
10/13/2009,83,70,76.5,5.8,0,12,0.15
10/14/2009,87,72,79.5,9.2,0,15,0.07
10/15/2009,89,74,81.5,11.6,0,17,1.21
10/16/2009,74,51,62.5,-7.1,2,0,0
10/17/2009,67,46,56.5,-12.7,8,0,0
10/18/2009,65,43,54,-14.8,11,0,0
10/19/2009,70,41,55.5,-12.9,9,0,0
10/20/2009,75,44,59.5,-8.5,5,0,0
10/21/2009,80,58,69,1.4,0,4,0
10/22/2009,80,64,72,4.7,0,7,0.88
10/23/2009,67,50,58.5,-8.4,6,0,0
10/24/2009,68,47,57.5,-9,7,0,0
10/25/2009,73,44,58.5,-7.6,6,0,0
10/26/2009,75,52,63.5,-2.2,1,0,0.15
10/27/2009,67,52,59.5,-5.9,5,0,0.19
10/28/2009,77,50,63.5,-1.5,1,0,0.13
10/29/2009,88,66,77,12.4,0,12,0.02
10/30/2009,83,53,68,3.7,0,3,1.91
10/31/2009,68,47,57.5,-6.4,7,0,0.07
11/1/2009,73,44,58.5,-5.1,6,0,0
11/2/2009,73,46,59.5,-3.7,5,0,0
11/3/2009,77,47,62,-0.9,3,0,0
11/4/2009,79,50,64.5,2,0,0,0
11/5/2009,78,49,63.5,1.3,1,0,0
11/6/2009,74,44,59,-2.9,6,0,0
11/7/2009,78,45,61.5,-0.1,3,0,0
11/8/2009,72,59,65.5,4.2,0,1,0
11/9/2009,72,63,67.5,6.5,0,3,0.06
11/10/2009,75,63,69,8.3,0,4,0
11/11/2009,76,57,66.5,6.1,0,2,0
11/12/2009,70,45,57.5,-2.6,7,0,0
11/13/2009,71,39,55,-4.8,10,0,0
11/14/2009,74,43,58.5,-1,6,0,0
11/15/2009,77,49,63,3.7,2,0,0
11/16/2009,81,49,65,6,0,0,0.43
11/17/2009,58,41,49.5,-9.3,15,0,0
11/18/2009,62,38,50,-8.5,15,0,0
11/19/2009,68,41,54.5,-3.8,10,0,0
11/20/2009,67,43,55,-3.1,10,0,0.01
11/21/2009,58,53,55.5,-2.3,9,0,0.39
11/22/2009,60,55,57.5,-0.1,7,0,0.02
11/23/2009,70,52,61,3.6,4,0,0
11/24/2009,71,49,60,2.8,5,0,0
11/25/2009,67,41,54,-3,11,0,0
11/26/2009,61,36,48.5,-8.3,16,0,0
11/27/2009,60,32,46,-10.6,19,0,0
11/28/2009,66,44,55,-1.4,10,0,0
11/29/2009,76,46,61,4.7,4,0,0
11/30/2009,66,47,56.5,0.4,8,0,0.62
12/1/2009,55,44,49.5,-6.4,15,0,0.9
12/2/2009,57,46,51.5,-4.3,13,0,0.4
12/3/2009,54,41,47.5,-8.1,17,0,0
12/4/2009,49,33,41,-14.4,24,0,0.31
12/5/2009,47,29,38,-17.3,27,0,0
12/6/2009,57,32,44.5,-10.6,20,0,0.06
12/7/2009,62,53,57.5,2.5,7,0,1.47
12/8/2009,75,61,68,13.2,0,3,3.52
12/9/2009,74,43,58.5,3.8,6,0,0
12/10/2009,52,38,45,-9.5,20,0,0
12/11/2009,48,40,44,-10.4,21,0,0.08
12/12/2009,55,39,47,-7.2,18,0,1.98
12/13/2009,69,55,62,7.9,3,0,0
12/14/2009,73,61,67,13,0,2,0.36
12/15/2009,65,47,56,2.2,9,0,0.59
12/16/2009,62,43,52.5,-1.2,12,0,0
12/17/2009,48,44,46,-7.6,19,0,2.41
12/18/2009,62,44,53,-0.4,12,0,0.29
12/19/2009,59,39,49,-4.3,16,0,0
12/20/2009,57,32,44.5,-8.7,20,0,0
12/21/2009,63,32,47.5,-5.6,17,0,0
12/22/2009,70,37,53.5,0.5,11,0,0
12/23/2009,72,55,63.5,10.7,1,0,0.02
12/24/2009,69,41,55,2.3,10,0,0.72
12/25/2009,48,32,40,-12.6,25,0,0
12/26/2009,56,32,44,-8.5,21,0,0
12/27/2009,57,40,48.5,-3.9,16,0,0
12/28/2009,52,30,41,-11.3,24,0,0
12/29/2009,55,27,41,-11.2,24,0,0
12/30/2009,56,46,51,-1.1,14,0,1.75
12/31/2009,68,50,59,6.9,6,0,0
1/1/2010,54,37,45.5,-6.5,19,0,0.05
1/2/2010,53,32,42.5,-9.4,22,0,0
1/3/2010,51,30,40.5,-11.3,24,0,0
1/4/2010,39,29,34,-17.8,31,0,0
1/5/2010,44,24,34,-17.7,31,0,0
1/6/2010,52,25,38.5,-13.2,26,0,0
1/7/2010,50,31,40.5,-11.1,24,0,0.29
1/8/2010,32,25,28.5,-23.1,36,0,0
1/9/2010,38,19,28.5,-23.1,36,0,0
1/10/2010,42,19,30.5,-21.1,34,0,0
1/11/2010,48,18,33,-18.5,32,0,0
1/12/2010,60,29,44.5,-7,20,0,0
1/13/2010,55,25,40,-11.6,25,0,0
1/14/2010,63,33,48,-3.6,17,0,0
1/15/2010,63,41,52,0.4,13,0,0.04
1/16/2010,57,49,53,1.4,12,0,0.63
1/17/2010,55,44,49.5,-2.2,15,0,0
1/18/2010,65,37,51,-0.7,14,0,0
1/19/2010,72,42,57,5.2,8,0,0
1/20/2010,77,56,66.5,14.7,0,2,0.44
1/21/2010,79,52,65.5,13.6,0,1,0.01
1/22/2010,75,43,59,7,6,0,0
1/23/2010,69,49,59,6.9,6,0,0
1/24/2010,70,54,62,9.8,3,0,0.04
1/25/2010,65,41,53,0.7,12,0,0
1/26/2010,66,38,52,-0.4,13,0,0
1/27/2010,66,35,50.5,-2,14,0,0
1/28/2010,67,39,53,0.3,12,0,0
1/29/2010,67,44,55.5,2.7,9,0,0.88
1/30/2010,44,32,38,-14.9,27,0,0
1/31/2010,55,32,43.5,-9.6,21,0,0
2/1/2010,48,33,40.5,-12.7,24,0,0.08
2/2/2010,64,46,55,1.6,10,0,0
2/3/2010,54,42,48,-5.6,17,0,0.15
2/4/2010,54,46,50,-3.8,15,0,2.77
2/5/2010,53,44,48.5,-5.4,16,0,0.04
2/6/2010,51,42,46.5,-7.6,18,0,0
2/7/2010,53,34,43.5,-10.8,21,0,0
2/8/2010,65,36,50.5,-4,14,0,0.42
2/9/2010,53,36,44.5,-10.2,20,0,0.27
2/10/2010,48,29,38.5,-16.4,26,0,0
2/11/2010,41,36,38.5,-16.6,26,0,0.51
2/12/2010,39,31,35,-20.4,30,0,0.55
2/13/2010,51,29,40,-15.6,25,0,0
2/14/2010,62,30,46,-9.8,19,0,0.38
2/15/2010,49,32,40.5,-15.5,24,0,0.07
2/16/2010,49,27,38,-18.2,27,0,0
2/17/2010,51,30,40.5,-15.9,24,0,0
2/18/2010,60,29,44.5,-12.2,20,0,0
2/19/2010,63,33,48,-8.9,17,0,0
2/20/2010,70,33,51.5,-5.6,13,0,0
2/21/2010,67,48,57.5,0.2,7,0,0.24
2/22/2010,68,49,58.5,1,6,0,0
2/23/2010,53,41,47,-10.8,18,0,0.01
2/24/2010,53,34,43.5,-14.5,21,0,0.02
2/25/2010,56,27,41.5,-16.7,23,0,0
2/26/2010,57,36,46.5,-11.9,18,0,0.9
2/27/2010,57,41,49,-9.6,16,0,0.1
2/28/2010,65,38,51.5,-7.4,13,0,0
3/1/2010,54,41,47.5,-11.6,17,0,1.31
3/2/2010,46,39,42.5,-16.8,22,0,0.08
3/3/2010,55,37,46,-13.5,19,0,0
3/4/2010,63,31,47,-12.7,18,0,0
3/5/2010,64,34,49,-10.9,16,0,0
3/6/2010,70,36,53,-7.1,12,0,0
3/7/2010,71,38,54.5,-5.8,10,0,0
3/8/2010,64,46,55,-5.5,10,0,0.07
3/9/2010,70,52,61,0.3,4,0,0.05
3/10/2010,79,65,72,11.1,0,7,0.04
3/11/2010,81,59,70,8.9,0,5,0
3/12/2010,69,49,59,-2.3,6,0,0
3/13/2010,68,48,58,-3.5,7,0,0
3/14/2010,75,42,58.5,-3.2,6,0,0
3/15/2010,73,47,60,-1.9,5,0,0
3/16/2010,66,44,55,-7,10,0,0
3/17/2010,69,47,58,-4.2,7,0,0.01
3/18/2010,69,44,56.5,-5.9,8,0,0
3/19/2010,72,41,56.5,-6.1,8,0,0
3/20/2010,72,46,59,-3.8,6,0,0.33
3/21/2010,45,38,41.5,-21.5,23,0,0
3/22/2010,67,41,54,-9.1,11,0,0
3/23/2010,73,42,57.5,-5.8,7,0,0
3/24/2010,73,47,60,-3.5,5,0,0
3/25/2010,75,55,65,1.3,0,0,0.65
3/26/2010,73,52,62.5,-1.4,2,0,0
3/27/2010,74,48,61,-3,4,0,0
3/28/2010,68,51,59.5,-4.7,5,0,0
3/29/2010,69,46,57.5,-6.9,7,0,0
3/30/2010,75,41,58,-6.6,7,0,0
3/31/2010,77,46,61.5,-3.3,3,0,0
4/1/2010,79,53,66,1,0,1,0
4/2/2010,81,61,71,5.8,0,6,0
4/3/2010,83,66,74.5,9.2,0,10,0.17
4/4/2010,83,66,74.5,9,0,10,0
4/5/2010,84,65,74.5,8.8,0,10,0
4/6/2010,82,65,73.5,7.6,0,9,0
4/7/2010,82,63,72.5,6.4,0,8,0.14
4/8/2010,71,49,60,-6.3,5,0,0.01
4/9/2010,76,44,60,-6.5,5,0,0
4/10/2010,78,50,64,-2.7,1,0,0
4/11/2010,81,50,65.5,-1.4,0,1,0
4/12/2010,83,50,66.5,-0.6,0,2,0
4/13/2010,81,56,68.5,1.1,0,4,0
4/14/2010,83,55,69,1.4,0,4,0
4/15/2010,82,59,70.5,2.7,0,6,0
4/16/2010,83,57,70,2,0,5,0
4/17/2010,84,55,69.5,1.3,0,5,0
4/18/2010,81,63,72,3.5,0,7,0.03
4/19/2010,80,62,71,2.3,0,6,0
4/20/2010,73,56,64.5,-4.4,0,0,0
4/21/2010,82,51,66.5,-2.7,0,2,0
4/22/2010,83,57,70,0.6,0,5,0
4/23/2010,79,65,72,2.4,0,7,0.06
4/24/2010,87,65,76,6.1,0,11,0.54
4/25/2010,88,61,74.5,4.4,0,10,0
4/26/2010,83,57,70,-0.4,0,5,0
4/27/2010,76,53,64.5,-6.1,0,0,0.01
4/28/2010,80,48,64,-6.9,1,0,0
4/29/2010,85,55,70,-1.1,0,5,0
4/30/2010,83,72,77.5,6.1,0,13,0
5/1/2010,81,77,79,7.4,0,14,0.01
5/2/2010,85,74,79.5,7.6,0,15,0.05
5/3/2010,90,65,77.5,5.3,0,13,0
5/4/2010,91,63,77,4.6,0,12,0
5/5/2010,90,64,77,4.3,0,12,0
5/6/2010,90,58,74,1.1,0,9,0
5/7/2010,92,69,80.5,7.3,0,16,0
5/8/2010,82,62,72,-1.5,0,7,0
5/9/2010,78,58,68,-5.7,0,3,0
5/10/2010,90,59,74.5,0.5,0,10,0
5/11/2010,91,69,80,5.7,0,15,0
5/12/2010,93,75,84,9.5,0,19,0
5/13/2010,90,75,82.5,7.7,0,18,0
5/14/2010,91,70,80.5,5.5,0,16,0
5/15/2010,86,70,78,2.7,0,13,1.13
5/16/2010,82,68,75,-0.5,0,10,1.25
5/17/2010,90,68,79,3.2,0,14,0
5/18/2010,88,70,79,3,0,14,0
5/19/2010,88,67,77.5,1.2,0,13,2.97
5/20/2010,90,70,80,3.5,0,15,0
5/21/2010,91,73,82,5.2,0,17,0
5/22/2010,92,73,82.5,5.5,0,18,0
5/23/2010,92,73,82.5,5.3,0,18,0
5/24/2010,95,71,83,5.5,0,18,0
5/25/2010,94,68,81,3.3,0,16,0.55
5/26/2010,90,68,79,1.1,0,14,0
5/27/2010,89,69,79,0.9,0,14,0.11
5/28/2010,91,71,81,2.7,0,16,0.73
5/29/2010,92,68,80,1.5,0,15,0
5/30/2010,90,67,78.5,-0.2,0,14,0.08
5/31/2010,89,70,79.5,0.6,0,15,0.04
6/1/2010,90,72,81,1.9,0,16,0
6/2/2010,88,71,79.5,0.2,0,15,0.04
6/3/2010,83,71,77,-2.5,0,12,0.3
6/4/2010,77,69,73,-6.6,0,8,1.22
6/5/2010,88,74,81,1.2,0,16,0.23
6/6/2010,93,74,83.5,3.5,0,19,0
6/7/2010,94,73,83.5,3.4,0,19,0.44
6/8/2010,93,73,83,2.7,0,18,0.02
6/9/2010,94,77,85.5,5.1,0,21,0
6/10/2010,93,78,85.5,5,0,21,0
6/11/2010,93,75,84,3.3,0,19,0
6/12/2010,95,76,85.5,4.7,0,21,0
6/13/2010,95,76,85.5,4.6,0,21,0
6/14/2010,95,77,86,5,0,21,0
6/15/2010,90,75,82.5,1.4,0,18,0.8
6/16/2010,96,74,85,3.8,0,20,0.04
6/17/2010,94,75,84.5,3.2,0,20,0
6/18/2010,95,77,86,4.6,0,21,0
6/19/2010,94,78,86,4.5,0,21,0
6/20/2010,96,76,86,4.4,0,21,0
6/21/2010,98,76,87,5.3,0,22,0
6/22/2010,94,74,84,2.2,0,19,0
6/23/2010,91,75,83,1.2,0,18,0.08
6/24/2010,96,74,85,3.1,0,20,0
6/25/2010,96,75,85.5,3.5,0,21,0
6/26/2010,96,74,85,3,0,20,0
6/27/2010,96,74,85,2.9,0,20,1.21
6/28/2010,92,73,82.5,0.3,0,18,0.21
6/29/2010,88,73,80.5,-1.7,0,16,0.1
6/30/2010,87,76,81.5,-0.8,0,17,1.72
7/1/2010,86,75,80.5,-1.8,0,16,0.07
7/2/2010,90,74,82,-0.4,0,17,0
7/3/2010,91,75,83,0.6,0,18,0
7/4/2010,92,74,83,0.5,0,18,0
7/5/2010,88,74,81,-1.5,0,16,0.75
7/6/2010,82,75,78.5,-4,0,14,0.15
7/7/2010,87,76,81.5,-1.1,0,17,0.7
7/8/2010,92,74,83,0.4,0,18,0
7/9/2010,95,73,84,1.3,0,19,0
7/10/2010,91,76,83.5,0.8,0,19,0.36
7/11/2010,93,74,83.5,0.8,0,19,0
7/12/2010,93,77,85,2.2,0,20,0
7/13/2010,93,79,86,3.2,0,21,0
7/14/2010,94,76,85,2.2,0,20,0
7/15/2010,94,77,85.5,2.6,0,21,0
7/16/2010,95,77,86,3.1,0,21,0.09
7/17/2010,94,75,84.5,1.6,0,20,1.06
7/18/2010,87,75,81,-2,0,16,0
7/19/2010,93,76,84.5,1.5,0,20,0
7/20/2010,92,75,83.5,0.5,0,19,0
7/21/2010,94,77,85.5,2.5,0,21,0
7/22/2010,95,77,86,2.9,0,21,0
7/23/2010,95,75,85,1.9,0,20,0
7/24/2010,89,78,83.5,0.4,0,19,0
7/25/2010,94,76,85,1.9,0,20,0.15
7/26/2010,93,77,85,1.9,0,20,0
7/27/2010,92,74,83,-0.2,0,18,0.11
7/28/2010,93,72,82.5,-0.7,0,18,0
7/29/2010,94,75,84.5,1.3,0,20,0
7/30/2010,95,77,86,2.8,0,21,0
7/31/2010,97,78,87.5,4.3,0,23,0
8/1/2010,99,80,89.5,6.3,0,25,0
8/2/2010,100,80,90,6.8,0,25,0
8/3/2010,98,82,90,6.8,0,25,0.38
8/4/2010,96,78,87,3.8,0,22,0.21
8/5/2010,82,73,77.5,-5.7,0,13,1.19
8/6/2010,93,74,83.5,0.3,0,19,0
8/7/2010,94,76,85,1.8,0,20,0
8/8/2010,95,79,87,3.8,0,22,0
8/9/2010,96,76,86,2.8,0,21,0.51
8/10/2010,96,74,85,1.9,0,20,0
8/11/2010,96,77,86.5,3.4,0,22,0
8/12/2010,93,77,85,1.9,0,20,0.01
8/13/2010,87,77,82,-1.1,0,17,0.36
8/14/2010,94,79,86.5,3.5,0,22,0.07
8/15/2010,96,78,87,4,0,22,0.01
8/16/2010,96,74,85,2.1,0,20,0.54
8/17/2010,86,77,81.5,-1.4,0,17,4.41
8/18/2010,83,76,79.5,-3.3,0,15,2.23
8/19/2010,91,79,85,2.2,0,20,0
8/20/2010,91,77,84,1.3,0,19,0.07
8/21/2010,94,79,86.5,3.9,0,22,0.09
8/22/2010,94,75,84.5,2,0,20,1.6
8/23/2010,93,74,83.5,1,0,19,0
8/24/2010,94,74,84,1.6,0,19,0
8/25/2010,92,70,81,-1.3,0,16,0
8/26/2010,90,71,80.5,-1.7,0,16,0
8/27/2010,93,76,84.5,2.4,0,20,0
8/28/2010,86,75,80.5,-1.5,0,16,0
8/29/2010,87,75,81,-0.9,0,16,0.57
8/30/2010,92,75,83.5,1.7,0,19,0.7
8/31/2010,87,75,81,-0.7,0,16,0.04
9/1/2010,90,72,81,-0.5,0,16,0
9/2/2010,92,71,81.5,0.1,0,17,0
9/3/2010,92,69,80.5,-0.8,0,16,0
9/4/2010,85,70,77.5,-3.6,0,13,0
9/5/2010,88,65,76.5,-4.5,0,12,0
9/6/2010,92,69,80.5,-0.3,0,16,0.43
9/7/2010,91,75,83,2.3,0,18,1.34
9/8/2010,91,74,82.5,2,0,18,0
9/9/2010,92,73,82.5,2.2,0,18,0
9/10/2010,93,74,83.5,3.4,0,19,0
9/11/2010,94,77,85.5,5.5,0,21,0
9/12/2010,95,75,85,5.2,0,20,0
9/13/2010,92,67,79.5,-0.1,0,15,0
9/14/2010,92,61,76.5,-2.9,0,12,0
9/15/2010,93,65,79,-0.2,0,14,0
9/16/2010,93,72,82.5,3.6,0,18,0
9/17/2010,93,71,82,3.3,0,17,0
9/18/2010,94,72,83,4.5,0,18,0
9/19/2010,93,74,83.5,5.3,0,19,0
9/20/2010,93,72,82.5,4.5,0,18,0
9/21/2010,90,70,80,2.2,0,15,0
9/22/2010,92,73,82.5,5,0,18,0
9/23/2010,92,70,81,3.8,0,16,0
9/24/2010,92,71,81.5,4.5,0,17,0.01
9/25/2010,91,71,81,4.3,0,16,0.01
9/26/2010,86,68,77,0.6,0,12,0.11
9/27/2010,79,60,69.5,-6.6,0,5,0
9/28/2010,81,56,68.5,-7.3,0,4,0
9/29/2010,86,55,70.5,-5,0,6,0
9/30/2010,86,55,70.5,-4.7,0,6,0
10/1/2010,86,60,73,-1.9,0,8,0
10/2/2010,84,54,69,-5.6,0,4,0
10/3/2010,77,55,66,-8.2,0,1,0
10/4/2010,75,47,61,-12.9,4,0,0
10/5/2010,77,43,60,-13.6,5,0,0
10/6/2010,82,46,64,-9.2,1,0,0
10/7/2010,84,45,64.5,-8.4,0,0,0
10/8/2010,88,50,69,-3.5,0,4,0
10/9/2010,90,55,72.5,0.3,0,8,0
10/10/2010,87,59,73,1.2,0,8,0
10/11/2010,85,56,70.5,-0.9,0,6,0.47
10/12/2010,83,64,73.5,2.4,0,9,0.76
10/13/2010,81,57,69,-1.7,0,4,0
10/14/2010,80,51,65.5,-4.8,0,1,0
10/15/2010,80,45,62.5,-7.4,2,0,0
10/16/2010,85,50,67.5,-2.1,0,3,0
10/17/2010,84,52,68,-1.2,0,3,0
10/18/2010,81,56,68.5,-0.3,0,4,0
10/19/2010,83,55,69,0.6,0,4,0.08
10/20/2010,82,61,71.5,3.5,0,7,0.02
10/21/2010,83,56,69.5,1.9,0,5,0
10/22/2010,84,53,68.5,1.2,0,4,0
10/23/2010,84,54,69,2.1,0,4,0
10/24/2010,87,65,76,9.5,0,11,0
10/25/2010,87,70,78.5,12.4,0,14,0
10/26/2010,88,77,82.5,16.8,0,18,0.06
10/27/2010,88,77,82.5,17.1,0,18,0.28
10/28/2010,79,53,66,1,0,1,0
10/29/2010,74,45,59.5,-5.1,5,0,0
10/30/2010,77,39,58,-6.3,7,0,0
10/31/2010,79,47,63,-0.9,2,0,0
11/1/2010,78,61,69.5,5.9,0,5,0.71
11/2/2010,68,64,66,2.8,0,1,0.89
11/3/2010,74,63,68.5,5.6,0,4,0.24
11/4/2010,67,46,56.5,-6,8,0,0.05
11/5/2010,60,37,48.5,-13.7,16,0,0
11/6/2010,66,33,49.5,-12.4,15,0,0
11/7/2010,66,37,51.5,-10.1,13,0,0
11/8/2010,71,36,53.5,-7.8,11,0,0
11/9/2010,76,40,58,-3,7,0,0
11/10/2010,77,49,63,2.3,2,0,0
11/11/2010,77,50,63.5,3.1,1,0,0
11/12/2010,79,45,62,1.9,3,0,0
11/13/2010,78,53,65.5,5.7,0,1,0
11/14/2010,58,50,54,-5.5,11,0,0.04
11/15/2010,70,56,63,3.7,2,0,1.15
11/16/2010,69,45,57,-2,8,0,0
11/17/2010,68,39,53.5,-5.3,11,0,0
11/18/2010,63,47,55,-3.5,10,0,0
11/19/2010,67,48,57.5,-0.8,7,0,0
11/20/2010,70,45,57.5,-0.6,7,0,0
11/21/2010,80,51,65.5,7.7,0,1,0
11/22/2010,80,57,68.5,10.9,0,4,0
11/23/2010,84,68,76,18.6,0,11,0
11/24/2010,82,67,74.5,17.3,0,10,0
11/25/2010,83,68,75.5,18.5,0,11,0
11/26/2010,72,32,52,-4.8,13,0,1.69
11/27/2010,61,30,45.5,-11.1,19,0,0
11/28/2010,64,33,48.5,-7.9,16,0,0
11/29/2010,80,56,68,11.7,0,3,0.03
11/30/2010,74,39,56.5,0.4,8,0,0.16
12/1/2010,58,32,45,-10.9,20,0,0
12/2/2010,65,31,48,-7.8,17,0,0
12/3/2010,71,37,54,-1.6,11,0,0
12/4/2010,76,46,61,5.6,4,0,0
12/5/2010,60,36,48,-7.3,17,0,0
12/6/2010,51,29,40,-15.1,25,0,0
12/7/2010,54,25,39.5,-15.5,25,0,0
12/8/2010,49,33,41,-13.8,24,0,0
12/9/2010,53,26,39.5,-15.2,25,0,0
12/10/2010,67,29,48,-6.5,17,0,0
12/11/2010,74,52,63,8.6,2,0,0.23
12/12/2010,55,38,46.5,-7.7,18,0,0
12/13/2010,46,29,37.5,-16.6,27,0,0
12/14/2010,52,26,39,-15,26,0,0
12/15/2010,67,41,54,0.2,11,0,0
12/16/2010,77,58,67.5,13.8,0,3,0
12/17/2010,59,43,51,-2.6,14,0,0.01
12/18/2010,56,40,48,-5.4,17,0,0
12/19/2010,59,32,45.5,-7.8,19,0,0
12/20/2010,66,31,48.5,-4.7,16,0,0
12/21/2010,75,53,64,10.9,1,0,0
12/22/2010,77,52,64.5,11.5,0,0,0
12/23/2010,60,40,50,-2.8,15,0,0
12/24/2010,63,36,49.5,-3.2,15,0,0
12/25/2010,50,38,44,-8.6,21,0,0.56
12/26/2010,42,26,34,-18.5,31,0,0
12/27/2010,47,23,35,-17.4,30,0,0
12/28/2010,57,25,41,-11.3,24,0,0
12/29/2010,68,37,52.5,0.3,12,0,3.66
12/30/2010,74,53,63.5,11.4,1,0,0.12
12/31/2010,77,67,72,19.9,0,7,0.01
1/1/2011,71,44,57.5,5.5,7,0,0.23
1/2/2011,54,34,44,-7.9,21,0,0
1/3/2011,58,28,43,-8.8,22,0,0
1/4/2011,69,38,53.5,1.7,11,0,0
1/5/2011,71,52,61.5,9.8,3,0,1.18
1/6/2011,62,42,52,0.3,13,0,0
1/7/2011,70,40,55,3.4,10,0,0
1/8/2011,60,38,49,-2.6,16,0,0
1/9/2011,44,37,40.5,-11.1,24,0,0.53
1/10/2011,42,36,39,-12.6,26,0,0
1/11/2011,47,32,39.5,-12,25,0,0
1/12/2011,42,25,33.5,-18,31,0,0
1/13/2011,45,21,33,-18.6,32,0,0
1/14/2011,49,26,37.5,-14.1,27,0,0
1/15/2011,62,36,49,-2.6,16,0,0
1/16/2011,59,44,51.5,-0.1,13,0,0.04
1/17/2011,67,46,56.5,4.8,8,0,0.07
1/18/2011,65,51,58,6.3,7,0,1.12
1/19/2011,63,42,52.5,0.7,12,0,0
1/20/2011,63,39,51,-0.8,14,0,0
1/21/2011,49,31,40,-11.9,25,0,0
1/22/2011,50,25,37.5,-14.5,27,0,0
1/23/2011,61,27,44,-8.1,21,0,0
1/24/2011,65,42,53.5,1.3,11,0,1.38
1/25/2011,56,41,48.5,-3.8,16,0,0.3
1/26/2011,56,33,44.5,-7.9,20,0,0
1/27/2011,62,30,46,-6.5,19,0,0
1/28/2011,72,40,56,3.3,9,0,0
1/29/2011,69,42,55.5,2.7,9,0,0
1/30/2011,61,53,57,4.1,8,0,0.43
1/31/2011,73,52,62.5,9.4,2,0,0
2/1/2011,70,30,50,-3.2,15,0,0.38
2/2/2011,36,25,30.5,-22.9,34,0,0
2/3/2011,32,30,31,-22.6,34,0,0
2/4/2011,37,32,34.5,-19.3,30,0,0.73
2/5/2011,48,27,37.5,-16.4,27,0,0
2/6/2011,65,28,46.5,-7.6,18,0,0
2/7/2011,54,32,43,-11.3,22,0,0.13
2/8/2011,54,27,40.5,-14,24,0,0
2/9/2011,59,34,46.5,-8.2,18,0,0.48
2/10/2011,42,29,35.5,-19.4,29,0,0
2/11/2011,50,24,37,-18.1,28,0,0
2/12/2011,60,25,42.5,-12.9,22,0,0
2/13/2011,66,29,47.5,-8.1,17,0,0
2/14/2011,72,41,56.5,0.7,8,0,0
2/15/2011,72,42,57,1,8,0,0
2/16/2011,72,41,56.5,0.3,8,0,0
2/17/2011,77,52,64.5,8.1,0,0,0
2/18/2011,80,48,64,7.3,1,0,0
2/19/2011,78,50,64,7.1,1,0,0
2/20/2011,79,52,65.5,8.4,0,1,0
2/21/2011,81,58,69.5,12.2,0,5,0
2/22/2011,73,61,67,9.5,0,2,0
2/23/2011,79,56,67.5,9.7,0,3,0
2/24/2011,83,67,75,17,0,10,0.18
2/25/2011,79,55,67,8.8,0,2,0
2/26/2011,82,50,66,7.6,0,1,0
2/27/2011,85,67,76,17.4,0,11,0
2/28/2011,87,58,72.5,13.6,0,8,0
3/1/2011,75,46,60.5,1.4,4,0,0
3/2/2011,76,44,60,0.7,5,0,0
3/3/2011,77,48,62.5,3,2,0,0
3/4/2011,73,64,68.5,8.8,0,4,0.75
3/5/2011,70,49,59.5,-0.4,5,0,0.68
3/6/2011,59,41,50,-10.1,15,0,0
3/7/2011,62,38,50,-10.3,15,0,0
3/8/2011,73,55,64,3.5,1,0,2.88
3/9/2011,75,55,65,4.3,0,0,0.87
3/10/2011,63,43,53,-7.9,12,0,0
3/11/2011,70,38,54,-7.1,11,0,0
3/12/2011,74,43,58.5,-2.8,6,0,0
3/13/2011,78,51,64.5,3,0,0,0
3/14/2011,78,56,67,5.3,0,2,0.13
3/15/2011,68,47,57.5,-4.4,7,0,0
3/16/2011,76,44,60,-2,5,0,0
3/17/2011,80,49,64.5,2.3,0,0,0
3/18/2011,82,63,72.5,10.1,0,8,0
3/19/2011,82,58,70,7.4,0,5,0
3/20/2011,81,53,67,4.2,0,2,0
3/21/2011,83,58,70.5,7.5,0,6,0
3/22/2011,83,66,74.5,11.4,0,10,0
3/23/2011,83,66,74.5,11.2,0,10,0
3/24/2011,81,54,67.5,4,0,3,0
3/25/2011,79,55,67,3.3,0,2,0
3/26/2011,86,67,76.5,12.6,0,12,0
3/27/2011,85,62,73.5,9.5,0,9,0
3/28/2011,75,55,65,0.8,0,0,0
3/29/2011,80,55,67.5,3.1,0,3,1.2
3/30/2011,67,49,58,-6.6,7,0,0.42
3/31/2011,64,48,56,-8.8,9,0,0
4/1/2011,81,48,64.5,-0.5,0,0,0
4/2/2011,82,57,69.5,4.3,0,5,0
4/3/2011,86,61,73.5,8.2,0,9,0
4/4/2011,84,51,67.5,2,0,3,0.16
4/5/2011,66,43,54.5,-11.2,10,0,0
4/6/2011,75,42,58.5,-7.4,6,0,0
4/7/2011,84,53,68.5,2.4,0,4,0
4/8/2011,85,73,79,12.7,0,14,0
4/9/2011,87,68,77.5,11,0,13,0
4/10/2011,88,72,80,13.3,0,15,0
4/11/2011,85,64,74.5,7.6,0,10,0.1
4/12/2011,80,51,65.5,-1.6,0,1,0
4/13/2011,82,49,65.5,-1.9,0,1,0
4/14/2011,83,57,70,2.4,0,5,0
4/15/2011,86,62,74,6.2,0,9,0
4/16/2011,75,50,62.5,-5.5,2,0,0
4/17/2011,76,46,61,-7.2,4,0,0
4/18/2011,86,59,72.5,4,0,8,0
4/19/2011,89,70,79.5,10.8,0,15,0
4/20/2011,89,71,80,11.1,0,15,0
4/21/2011,89,71,80,10.8,0,15,0
4/22/2011,88,70,79,9.6,0,14,0
4/23/2011,89,63,76,6.4,0,11,0
4/24/2011,89,69,79,9.1,0,14,0
4/25/2011,89,68,78.5,8.4,0,14,0
4/26/2011,88,65,76.5,6.1,0,12,0.72
4/27/2011,86,66,76,5.4,0,11,0.01
4/28/2011,76,53,64.5,-6.4,0,0,0
4/29/2011,81,48,64.5,-6.6,0,0,0
4/30/2011,82,55,68.5,-2.9,0,4,0
5/1/2011,89,68,78.5,6.9,0,14,0
5/2/2011,90,71,80.5,8.6,0,16,0
5/3/2011,77,48,62.5,-9.7,2,0,0.28
5/4/2011,75,43,59,-13.4,6,0,0
5/5/2011,76,50,63,-9.7,2,0,0
5/6/2011,82,50,66,-6.9,0,1,0
5/7/2011,85,54,69.5,-3.7,0,5,0
5/8/2011,88,70,79,5.5,0,14,0
5/9/2011,90,70,80,6.3,0,15,0
5/10/2011,90,66,78,4,0,13,0
5/11/2011,89,64,76.5,2.2,0,12,0
5/12/2011,92,70,81,6.5,0,16,0
5/13/2011,88,67,77.5,2.7,0,13,0.29
5/14/2011,74,57,65.5,-9.5,0,1,0
5/15/2011,74,53,63.5,-11.8,1,0,0
5/16/2011,73,54,63.5,-12,1,0,0
5/17/2011,76,46,61,-14.8,4,0,0
5/18/2011,84,51,67.5,-8.5,0,3,0
5/19/2011,89,58,73.5,-2.8,0,9,0
5/20/2011,93,71,82,5.5,0,17,0
5/21/2011,93,74,83.5,6.7,0,19,0
5/22/2011,93,74,83.5,6.5,0,19,0
5/23/2011,93,73,83,5.8,0,18,0
5/24/2011,92,72,82,4.5,0,17,0
5/25/2011,92,75,83.5,5.8,0,19,0
5/26/2011,93,67,80,2.1,0,15,0.02
5/27/2011,92,62,77,-1.1,0,12,0
5/28/2011,94,68,81,2.7,0,16,0
5/29/2011,94,69,81.5,3,0,17,0
5/30/2011,95,72,83.5,4.8,0,19,0
5/31/2011,96,69,82.5,3.6,0,18,0
6/1/2011,100,71,85.5,6.4,0,21,0
6/2/2011,103,74,88.5,9.2,0,24,0
6/3/2011,98,71,84.5,5,0,20,0
6/4/2011,100,73,86.5,6.9,0,22,0.12
6/5/2011,101,72,86.5,6.7,0,22,0.01
6/6/2011,97,69,83,3,0,18,0.43
6/7/2011,95,68,81.5,1.4,0,17,0
6/8/2011,94,68,81,0.7,0,16,0.01
6/9/2011,92,69,80.5,0.1,0,16,0.05
6/10/2011,95,68,81.5,1,0,17,0
6/11/2011,95,71,83,2.3,0,18,0.03
6/12/2011,93,69,81,0.2,0,16,0.24
6/13/2011,95,71,83,2.1,0,18,0
6/14/2011,95,74,84.5,3.5,0,20,0
6/15/2011,96,74,85,3.9,0,20,0
6/16/2011,96,77,86.5,5.3,0,22,0
6/17/2011,96,78,87,5.7,0,22,0
6/18/2011,96,79,87.5,6.1,0,23,0
6/19/2011,96,79,87.5,6,0,23,0
6/20/2011,96,78,87,5.4,0,22,0
6/21/2011,90,69,79.5,-2.2,0,15,2.89
6/22/2011,87,73,80,-1.8,0,15,0.64
6/23/2011,84,74,79,-2.8,0,14,0.02
6/24/2011,91,71,81,-0.9,0,16,0
6/25/2011,92,72,82,0,0,17,0
6/26/2011,94,74,84,2,0,19,0
6/27/2011,95,78,86.5,4.4,0,22,0
6/28/2011,96,75,85.5,3.3,0,21,0
6/29/2011,94,73,83.5,1.3,0,19,0.15
6/30/2011,96,73,84.5,2.2,0,20,0
7/1/2011,98,75,86.5,4.2,0,22,0
7/2/2011,97,77,87,4.6,0,22,0
7/3/2011,98,76,87,4.6,0,22,0
7/4/2011,93,75,84,1.5,0,19,0
7/5/2011,96,73,84.5,2,0,20,0.03
7/6/2011,93,71,82,-0.5,0,17,0
7/7/2011,95,71,83,0.4,0,18,0
7/8/2011,95,77,86,3.4,0,21,0
7/9/2011,96,78,87,4.3,0,22,0
7/10/2011,96,77,86.5,3.8,0,22,0
7/11/2011,98,76,87,4.3,0,22,0
7/12/2011,92,76,84,1.2,0,19,1.44
7/13/2011,96,76,86,3.2,0,21,0
7/14/2011,90,75,82.5,-0.3,0,18,1.4
7/15/2011,86,76,81,-1.9,0,16,0.56
7/16/2011,91,76,83.5,0.6,0,19,0.01
7/17/2011,89,75,82,-0.9,0,17,0.44
7/18/2011,86,75,80.5,-2.5,0,16,0
7/19/2011,91,74,82.5,-0.5,0,18,0
7/20/2011,94,73,83.5,0.5,0,19,0
7/21/2011,95,75,85,2,0,20,0.91
7/22/2011,86,77,81.5,-1.6,0,17,0.1
7/23/2011,92,75,83.5,0.4,0,19,0.01
7/24/2011,85,76,80.5,-2.6,0,16,0.04
7/25/2011,89,75,82,-1.1,0,17,0
7/26/2011,84,75,79.5,-3.6,0,15,0.31
7/27/2011,89,74,81.5,-1.7,0,17,0.02
7/28/2011,92,76,84,0.8,0,19,0
7/29/2011,90,76,83,-0.2,0,18,0.32
7/30/2011,95,75,85,1.8,0,20,0
7/31/2011,96,73,84.5,1.3,0,20,0.63
8/1/2011,93,75,84,0.8,0,19,1.6
8/2/2011,96,76,86,2.8,0,21,0
8/3/2011,95,79,87,3.8,0,22,0
8/4/2011,96,79,87.5,4.3,0,23,0
8/5/2011,96,77,86.5,3.3,0,22,0
8/6/2011,96,76,86,2.8,0,21,0
8/7/2011,96,80,88,4.8,0,23,0
8/8/2011,95,79,87,3.8,0,22,0
8/9/2011,96,79,87.5,4.3,0,23,0
8/10/2011,96,79,87.5,4.4,0,23,0
8/11/2011,97,79,88,4.9,0,23,0
8/12/2011,97,80,88.5,5.4,0,24,0
8/13/2011,95,78,86.5,3.4,0,22,0
8/14/2011,96,76,86,3,0,21,0.32
8/15/2011,96,74,85,2,0,20,0
8/16/2011,97,74,85.5,2.6,0,21,0
8/17/2011,97,77,87,4.1,0,22,0
8/18/2011,101,77,89,6.2,0,24,0
8/19/2011,97,74,85.5,2.7,0,21,0.25
8/20/2011,96,75,85.5,2.8,0,21,0
8/21/2011,96,76,86,3.4,0,21,0
8/22/2011,97,77,87,4.5,0,22,0
8/23/2011,98,76,87,4.5,0,22,0
8/24/2011,96,73,84.5,2.1,0,20,0
8/25/2011,94,75,84.5,2.2,0,20,0
8/26/2011,99,77,88,5.8,0,23,0
8/27/2011,98,75,86.5,4.4,0,22,0
8/28/2011,100,69,84.5,2.5,0,20,0
8/29/2011,99,68,83.5,1.6,0,19,0
8/30/2011,100,71,85.5,3.7,0,21,0
8/31/2011,98,73,85.5,3.8,0,21,0
9/1/2011,93,76,84.5,3,0,20,0
9/2/2011,84,74,79,-2.4,0,14,0.35
9/3/2011,82,74,78,-3.3,0,13,6.34
9/4/2011,80,75,77.5,-3.6,0,13,1.51
9/5/2011,77,63,70,-11,0,5,0.61
9/6/2011,81,56,68.5,-12.3,0,4,0
9/7/2011,83,54,68.5,-12.2,0,4,0
9/8/2011,83,56,69.5,-11,0,5,0
9/9/2011,86,55,70.5,-9.8,0,6,0
9/10/2011,88,58,73,-7.1,0,8,0
9/11/2011,89,62,75.5,-4.5,0,11,0
9/12/2011,91,64,77.5,-2.3,0,13,0
9/13/2011,93,66,79.5,-0.1,0,15,0
9/14/2011,91,76,83.5,4.1,0,19,0
9/15/2011,81,64,72.5,-6.7,0,8,0
9/16/2011,84,60,72,-6.9,0,7,0
9/17/2011,87,62,74.5,-4.2,0,10,0
9/18/2011,88,69,78.5,0,0,14,0.66
9/19/2011,81,69,75,-3.2,0,10,0.01
9/20/2011,86,67,76.5,-1.5,0,12,0
9/21/2011,89,64,76.5,-1.3,0,12,0
9/22/2011,91,68,79.5,2,0,15,0.02
9/23/2011,87,67,77,-0.2,0,12,0
9/24/2011,85,64,74.5,-2.5,0,10,0
9/25/2011,90,61,75.5,-1.2,0,11,0
9/26/2011,92,72,82,5.6,0,17,0
9/27/2011,93,72,82.5,6.4,0,18,0
9/28/2011,92,67,79.5,3.7,0,15,0.4
9/29/2011,89,65,77,1.5,0,12,0
9/30/2011,83,56,69.5,-5.7,0,5,0
10/1/2011,80,49,64.5,-10.4,0,0,0
10/2/2011,76,47,61.5,-13.1,3,0,0
10/3/2011,79,49,64,-10.2,1,0,0
10/4/2011,82,48,65,-8.9,0,0,0
10/5/2011,84,52,68,-5.6,0,3,0
10/6/2011,85,58,71.5,-1.7,0,7,0
10/7/2011,86,61,73.5,0.6,0,9,0
10/8/2011,86,63,74.5,2,0,10,0
10/9/2011,84,66,75,2.8,0,10,0
10/10/2011,83,63,73,1.2,0,8,0
10/11/2011,83,61,72,0.6,0,7,0
10/12/2011,86,59,72.5,1.4,0,8,0.02
10/13/2011,84,57,70.5,-0.2,0,6,0
10/14/2011,85,52,68.5,-1.8,0,4,0
10/15/2011,86,53,69.5,-0.4,0,5,0
10/16/2011,89,53,71,1.4,0,6,0
10/17/2011,88,53,70.5,1.3,0,6,0
10/18/2011,80,48,64,-4.8,1,0,0
10/19/2011,65,41,53,-15.4,12,0,0
10/20/2011,69,36,52.5,-15.5,12,0,0
10/21/2011,77,39,58,-9.6,7,0,0
10/22/2011,78,48,63,-4.3,2,0,0
10/23/2011,81,54,67.5,0.6,0,3,0.1
10/24/2011,82,52,67,0.5,0,2,0.04
10/25/2011,82,49,65.5,-0.6,0,1,0
10/26/2011,82,53,67.5,1.8,0,3,0
10/27/2011,85,57,71,5.6,0,6,0
10/28/2011,63,48,55.5,-9.5,9,0,0.33
10/29/2011,68,41,54.5,-10.1,10,0,0
10/30/2011,69,38,53.5,-10.8,11,0,0
10/31/2011,74,41,57.5,-6.4,7,0,0
11/1/2011,75,42,58.5,-5.1,6,0,0
11/2/2011,80,53,66.5,3.3,0,2,0
11/3/2011,66,46,56,-6.9,9,0,0.09
11/4/2011,67,38,52.5,-10,12,0,0
11/5/2011,71,39,55,-7.2,10,0,0
11/6/2011,78,54,66,4.1,0,1,0
11/7/2011,80,59,69.5,7.9,0,5,0
11/8/2011,80,63,71.5,10.2,0,7,0
11/9/2011,71,53,62,1,3,0,0.83
11/10/2011,63,37,50,-10.7,15,0,0
11/11/2011,66,33,49.5,-10.9,15,0,0
11/12/2011,73,37,55,-5.1,10,0,0
11/13/2011,82,57,69.5,9.7,0,5,0
11/14/2011,83,57,70,10.5,0,5,0
11/15/2011,85,69,77,17.7,0,12,3.06
11/16/2011,80,62,71,12,0,6,0.6
11/17/2011,65,39,52,-6.8,13,0,0
11/18/2011,65,35,50,-8.5,15,0,0
11/19/2011,79,48,63.5,5.2,1,0,0
11/20/2011,79,61,70,11.9,0,5,0
11/21/2011,80,63,71.5,13.7,0,7,0
11/22/2011,80,64,72,14.4,0,7,1.63
11/23/2011,72,51,61.5,4.1,3,0,0
11/24/2011,69,46,57.5,0.3,7,0,0
11/25/2011,76,45,60.5,3.5,4,0,0
11/26/2011,77,60,68.5,11.7,0,4,1.16
11/27/2011,60,44,52,-4.6,13,0,0.03
11/28/2011,47,34,40.5,-15.9,24,0,0.04
11/29/2011,60,33,46.5,-9.8,18,0,0
11/30/2011,60,34,47,-9.1,18,0,0
12/1/2011,64,33,48.5,-7.4,16,0,0
12/2/2011,69,31,50,-5.8,15,0,0
12/3/2011,75,51,63,7.4,2,0,0.01
12/4/2011,77,60,68.5,13.1,0,4,0.02
12/5/2011,78,48,63,7.7,2,0,0.15
12/6/2011,48,40,44,-11.1,21,0,0.06
12/7/2011,45,30,37.5,-17.5,27,0,0
12/8/2011,50,27,38.5,-16.3,26,0,0
12/9/2011,55,29,42,-12.7,23,0,0
12/10/2011,58,37,47.5,-7,17,0,0
12/11/2011,55,36,45.5,-8.9,19,0,0
12/12/2011,65,35,50,-4.2,15,0,0
12/13/2011,72,46,59,4.9,6,0,0
12/14/2011,74,57,65.5,11.5,0,1,0
12/15/2011,80,65,72.5,18.7,0,8,0.02
12/16/2011,74,52,63,9.3,2,0,0.02
12/17/2011,64,40,52,-1.6,13,0,0
12/18/2011,64,33,48.5,-4.9,16,0,0
12/19/2011,69,36,52.5,-0.8,12,0,0
12/20/2011,77,56,66.5,13.3,0,2,0.75
12/21/2011,72,54,63,9.9,2,0,0.03
12/22/2011,71,52,61.5,8.5,3,0,0.62
12/23/2011,54,47,50.5,-2.3,14,0,0
12/24/2011,60,46,53,0.3,12,0,0
12/25/2011,55,50,52.5,-0.1,12,0,0.23
12/26/2011,59,46,52.5,0,12,0,0.89
12/27/2011,58,38,48,-4.4,17,0,0
12/28/2011,61,33,47,-5.3,18,0,0
12/29/2011,69,38,53.5,1.3,11,0,0
12/30/2011,76,47,61.5,9.4,3,0,0
12/31/2011,71,51,61,8.9,4,0,0.02
1/1/2012,70,49,59.5,7.5,5,0,0.02
1/2/2012,59,41,50,-1.9,15,0,0
1/3/2012,53,29,41,-10.8,24,0,0
1/4/2012,67,28,47.5,-4.3,17,0,0
1/5/2012,72,43,57.5,5.8,7,0,0
1/6/2012,74,46,60,8.3,5,0,0
1/7/2012,77,47,62,10.4,3,0,0
1/8/2012,79,58,68.5,16.9,0,4,0
1/9/2012,73,58,65.5,13.9,0,1,0.4
1/10/2012,73,50,61.5,9.9,3,0,0.69
1/11/2012,65,50,57.5,6,7,0,0
1/12/2012,59,36,47.5,-4,17,0,0
1/13/2012,50,29,39.5,-12.1,25,0,0
1/14/2012,63,27,45,-6.6,20,0,0
1/15/2012,67,31,49,-2.6,16,0,0
1/16/2012,74,50,62,10.4,3,0,0
1/17/2012,73,56,64.5,12.8,0,0,0.81
1/18/2012,63,40,51.5,-0.2,13,0,0
1/19/2012,68,37,52.5,0.7,12,0,0
1/20/2012,79,67,73,21.2,0,8,0
1/21/2012,80,67,73.5,21.6,0,9,0
1/22/2012,78,68,73,21,0,8,0.07
1/23/2012,77,58,67.5,15.4,0,3,0.14
1/24/2012,64,51,57.5,5.3,7,0,0.29
1/25/2012,80,59,69.5,17.2,0,5,1.4
1/26/2012,65,53,59,6.6,6,0,1.91
1/27/2012,67,45,56,3.5,9,0,0
1/28/2012,67,41,54,1.3,11,0,0
1/29/2012,64,36,50,-2.8,15,0,0
1/30/2012,66,37,51.5,-1.4,13,0,0
1/31/2012,77,54,65.5,12.4,0,1,0.02
2/1/2012,68,60,64,10.8,1,0,1.76
2/2/2012,75,61,68,14.6,0,3,0
2/3/2012,77,64,70.5,16.9,0,6,0.01
2/4/2012,76,60,68,14.2,0,3,0.34
2/5/2012,62,50,56,2.1,9,0,0.02
2/6/2012,64,44,54,-0.1,11,0,0
2/7/2012,70,44,57,2.7,8,0,0
2/8/2012,67,48,57.5,3,7,0,0
2/9/2012,61,42,51.5,-3.2,13,0,0.03
2/10/2012,51,42,46.5,-8.4,18,0,0.52
2/11/2012,50,31,40.5,-14.6,24,0,0
2/12/2012,50,28,39,-16.4,26,0,0
2/13/2012,59,39,49,-6.6,16,0,0.45
2/14/2012,68,48,58,2.2,7,0,0
2/15/2012,73,49,61,5,4,0,1.36
2/16/2012,71,59,65,8.8,0,0,0
2/17/2012,74,54,64,7.6,1,0,0.02
2/18/2012,61,56,58.5,1.8,6,0,2.91
2/19/2012,60,42,51,-5.9,14,0,0.01
2/20/2012,63,39,51,-6.1,14,0,0
2/21/2012,75,49,62,4.7,3,0,0
2/22/2012,80,58,69,11.5,0,4,0
2/23/2012,80,68,74,16.2,0,9,0
2/24/2012,73,51,62,4,3,0,0.07
2/25/2012,62,46,54,-4.2,11,0,0
2/26/2012,61,45,53,-5.4,12,0,0
2/27/2012,62,54,58,-0.6,7,0,0
2/28/2012,80,60,70,11.1,0,5,0.06
2/29/2012,81,69,75,16,0,10,0
3/1/2012,83,70,76.5,17.4,0,12,0
3/2/2012,84,70,77,17.7,0,12,0
3/3/2012,73,42,57.5,-2,7,0,0.31
3/4/2012,68,38,53,-6.7,12,0,0
3/5/2012,76,45,60.5,0.6,4,0,0
3/6/2012,76,45,60.5,0.4,4,0,0
3/7/2012,80,57,68.5,8.2,0,4,0
3/8/2012,85,68,76.5,16,0,12,0
3/9/2012,72,55,63.5,2.8,1,0,0.48
3/10/2012,66,51,58.5,-2.4,6,0,0
3/11/2012,78,60,69,7.9,0,4,0.22
3/12/2012,70,58,64,2.7,1,0,1.5
3/13/2012,82,57,69.5,8,0,5,0.01
3/14/2012,83,64,73.5,11.8,0,9,0
3/15/2012,82,62,72,10.1,0,7,0
3/16/2012,83,61,72,10,0,7,0
3/17/2012,83,60,71.5,9.3,0,7,0
3/18/2012,85,67,76,13.6,0,11,0
3/19/2012,80,67,73.5,10.9,0,9,0
3/20/2012,82,71,76.5,13.7,0,12,0.04
3/21/2012,74,56,65,2,0,0,3.37
3/22/2012,74,52,63,-0.1,2,0,0.15
3/23/2012,80,56,68,4.7,0,3,0
3/24/2012,80,53,66.5,3,0,2,0
3/25/2012,82,51,66.5,2.8,0,2,0
3/26/2012,84,57,70.5,6.6,0,6,0
3/27/2012,84,57,70.5,6.5,0,6,0
3/28/2012,83,60,71.5,7.3,0,7,0
3/29/2012,83,60,71.5,7.1,0,7,0.01
3/30/2012,82,64,73,8.4,0,8,0.33
3/31/2012,85,66,75.5,10.7,0,11,0
4/1/2012,86,66,76,11,0,11,0
4/2/2012,87,64,75.5,10.3,0,11,1.31
4/3/2012,87,61,74,8.7,0,9,0.04
4/4/2012,78,63,70.5,5,0,6,1.57
4/5/2012,82,62,72,6.3,0,7,0
4/6/2012,80,54,67,1.1,0,2,0
4/7/2012,81,54,67.5,1.4,0,3,0
4/8/2012,83,58,70.5,4.2,0,6,0
4/9/2012,83,58,70.5,4,0,6,0
4/10/2012,84,59,71.5,4.8,0,7,0
4/11/2012,84,60,72,5.1,0,7,0
4/12/2012,78,55,66.5,-0.6,0,2,0
4/13/2012,84,59,71.5,4.1,0,7,0
4/14/2012,85,60,72.5,4.9,0,8,0
4/15/2012,85,68,76.5,8.7,0,12,0
4/16/2012,84,68,76,8,0,11,0.16
4/17/2012,72,57,64.5,-3.7,0,0,0.15
4/18/2012,79,54,66.5,-2,0,2,0
4/19/2012,81,53,67,-1.7,0,2,0
4/20/2012,81,54,67.5,-1.4,0,3,0
4/21/2012,69,52,60.5,-8.7,4,0,0.04
4/22/2012,79,50,64.5,-4.9,0,0,0
4/23/2012,70,48,59,-10.6,6,0,0
4/24/2012,78,44,61,-8.9,4,0,0
4/25/2012,84,56,70,-0.1,0,5,0
4/26/2012,84,65,74.5,4.1,0,10,0
4/27/2012,85,63,74,3.4,0,9,0
4/28/2012,86,62,74,3.1,0,9,0
4/29/2012,88,62,75,3.9,0,10,0
4/30/2012,89,66,77.5,6.1,0,13,0
5/1/2012,88,63,75.5,3.9,0,11,0
5/2/2012,87,68,77.5,5.6,0,13,0.79
5/3/2012,90,70,80,7.8,0,15,0
5/4/2012,90,69,79.5,7.1,0,15,0
5/5/2012,90,72,81,8.3,0,16,0
5/6/2012,92,69,80.5,7.6,0,16,0
5/7/2012,90,66,78,4.8,0,13,1.3
5/8/2012,87,65,76,2.5,0,11,0
5/9/2012,83,63,73,-0.7,0,8,0
5/10/2012,83,58,70.5,-3.5,0,6,0
5/11/2012,72,63,67.5,-6.8,0,3,0.2
5/12/2012,80,67,73.5,-1,0,9,0.23
5/13/2012,79,65,72,-2.8,0,7,0
5/14/2012,83,61,72,-3,0,7,0
5/15/2012,86,61,73.5,-1.8,0,9,0
5/16/2012,88,66,77,1.5,0,12,0
5/17/2012,89,62,75.5,-0.3,0,11,0
5/18/2012,90,64,77,1,0,12,0
5/19/2012,89,64,76.5,0.2,0,12,0
5/20/2012,90,66,78,1.5,0,13,0
5/21/2012,92,66,79,2.2,0,14,0
5/22/2012,90,65,77.5,0.5,0,13,0
5/23/2012,91,67,79,1.8,0,14,0
5/24/2012,91,70,80.5,3,0,16,0
5/25/2012,91,67,79,1.3,0,14,0
5/26/2012,93,66,79.5,1.6,0,15,0
5/27/2012,94,69,81.5,3.4,0,17,0
5/28/2012,93,74,83.5,5.2,0,19,0
5/29/2012,92,72,82,3.5,0,17,0
5/30/2012,94,74,84,5.3,0,19,0
5/31/2012,90,71,80.5,1.6,0,16,0.25
6/1/2012,86,65,75.5,-3.6,0,11,0
6/2/2012,90,59,74.5,-4.8,0,10,0
6/3/2012,93,70,81.5,2,0,17,0
6/4/2012,92,75,83.5,3.9,0,19,0
6/5/2012,94,75,84.5,4.7,0,20,0
6/6/2012,96,71,83.5,3.5,0,19,0.41
6/7/2012,90,71,80.5,0.4,0,16,2
6/8/2012,88,72,80,-0.3,0,15,1
6/9/2012,84,72,78,-2.4,0,13,1.38
6/10/2012,83,73,78,-2.5,0,13,0.04
6/11/2012,92,76,84,3.3,0,19,0
6/12/2012,84,70,77,-3.8,0,12,0.01
6/13/2012,90,68,79,-1.9,0,14,0
6/14/2012,87,70,78.5,-2.5,0,14,0
6/15/2012,89,69,79,-2.1,0,14,0.28
6/16/2012,89,69,79,-2.2,0,14,0
6/17/2012,87,69,78,-3.3,0,13,0
6/18/2012,83,73,78,-3.4,0,13,0.38
6/19/2012,89,72,80.5,-1,0,16,0
6/20/2012,89,69,79,-2.6,0,14,0
6/21/2012,91,70,80.5,-1.2,0,16,0
6/22/2012,94,70,82,0.2,0,17,0
6/23/2012,95,74,84.5,2.7,0,20,0
6/24/2012,97,74,85.5,3.6,0,21,0
6/25/2012,101,77,89,7,0,24,0
6/26/2012,101,76,88.5,6.5,0,24,0
6/27/2012,97,74,85.5,3.4,0,21,0
6/28/2012,97,76,86.5,4.3,0,22,0
6/29/2012,97,78,87.5,5.3,0,23,0
6/30/2012,94,76,85,2.7,0,20,0
7/1/2012,95,76,85.5,3.2,0,21,0
7/2/2012,96,75,85.5,3.1,0,21,0.01
7/3/2012,96,75,85.5,3.1,0,21,0
7/4/2012,95,75,85,2.5,0,20,0.35
7/5/2012,96,73,84.5,2,0,20,0
7/6/2012,93,74,83.5,1,0,19,1.06
7/7/2012,92,73,82.5,-0.1,0,18,0
7/8/2012,87,73,80,-2.6,0,15,1.08
7/9/2012,88,74,81,-1.7,0,16,0
7/10/2012,85,73,79,-3.7,0,14,0.78
7/11/2012,86,73,79.5,-3.2,0,15,0.16
7/12/2012,90,73,81.5,-1.3,0,17,0.97
7/13/2012,88,72,80,-2.8,0,15,0.07
7/14/2012,92,71,81.5,-1.3,0,17,0.01
7/15/2012,87,75,81,-1.9,0,16,0.74
7/16/2012,92,74,83,0.1,0,18,0
7/17/2012,95,74,84.5,1.6,0,20,0
7/18/2012,94,76,85,2,0,20,0
7/19/2012,94,75,84.5,1.5,0,20,0.11
7/20/2012,92,72,82,-1,0,17,1.01
7/21/2012,84,73,78.5,-4.5,0,14,0.01
7/22/2012,90,74,82,-1.1,0,17,0
7/23/2012,93,75,84,0.9,0,19,0
7/24/2012,95,74,84.5,1.4,0,20,0
7/25/2012,94,77,85.5,2.4,0,21,0.04
7/26/2012,92,77,84.5,1.4,0,20,0.14
7/27/2012,91,77,84,0.8,0,19,0
7/28/2012,92,78,85,1.8,0,20,0.06
7/29/2012,97,76,86.5,3.3,0,22,0
7/30/2012,96,79,87.5,4.3,0,23,0
7/31/2012,94,78,86,2.8,0,21,0
8/1/2012,95,80,87.5,4.3,0,23,0
8/2/2012,90,78,84,0.8,0,19,0
8/3/2012,96,78,87,3.8,0,22,0.27
8/4/2012,93,77,85,1.8,0,20,0
8/5/2012,93,74,83.5,0.3,0,19,0.61
8/6/2012,94,74,84,0.8,0,19,0.03
8/7/2012,94,73,83.5,0.3,0,19,0
8/8/2012,92,75,83.5,0.3,0,19,0.02
8/9/2012,89,74,81.5,-1.7,0,17,0.46
8/10/2012,89,75,82,-1.1,0,17,0.01
8/11/2012,91,75,83,-0.1,0,18,0.07
8/12/2012,94,74,84,0.9,0,19,0
8/13/2012,93,76,84.5,1.4,0,20,0
8/14/2012,94,78,86,3,0,21,0
8/15/2012,94,77,85.5,2.5,0,21,0
8/16/2012,93,77,85,2.1,0,20,0
8/17/2012,93,75,84,1.1,0,19,0.01
8/18/2012,87,70,78.5,-4.3,0,14,2
8/19/2012,79,70,74.5,-8.3,0,10,0.45
8/20/2012,88,68,78,-4.7,0,13,0
8/21/2012,87,69,78,-4.6,0,13,0
8/22/2012,89,70,79.5,-3,0,15,0
8/23/2012,90,68,79,-3.5,0,14,0
8/24/2012,88,72,80,-2.4,0,15,0.5
8/25/2012,90,71,80.5,-1.8,0,16,0.04
8/26/2012,91,71,81,-1.2,0,16,0
8/27/2012,93,71,82,-0.1,0,17,0
8/28/2012,89,77,83,1,0,18,0
8/29/2012,81,75,78,-3.9,0,13,4.52
8/30/2012,87,74,80.5,-1.3,0,16,1.42
8/31/2012,86,76,81,-0.7,0,16,0.41
9/1/2012,91,75,83,1.5,0,18,0.09
9/2/2012,90,77,83.5,2.1,0,19,0.04
9/3/2012,92,77,84.5,3.2,0,20,0
9/4/2012,92,76,84,2.9,0,19,0
9/5/2012,92,76,84,3,0,19,0
9/6/2012,96,77,86.5,5.7,0,22,0
9/7/2012,94,74,84,3.3,0,19,0
9/8/2012,92,71,81.5,1,0,17,0
9/9/2012,84,62,73,-7.3,0,8,0
9/10/2012,86,60,73,-7.1,0,8,0
9/11/2012,88,61,74.5,-5.5,0,10,0
9/12/2012,90,69,79.5,-0.3,0,15,0
9/13/2012,90,71,80.5,0.9,0,16,0
9/14/2012,89,69,79,-0.4,0,14,0
9/15/2012,89,66,77.5,-1.7,0,13,0
9/16/2012,90,68,79,0.1,0,14,0
9/17/2012,81,69,75,-3.7,0,10,1.11
9/18/2012,84,67,75.5,-3,0,11,0.07
9/19/2012,80,60,70,-8.2,0,5,0
9/20/2012,83,57,70,-8,0,5,0
9/21/2012,88,62,75,-2.8,0,10,0
9/22/2012,90,64,77,-0.5,0,12,0
9/23/2012,91,67,79,1.8,0,14,0
9/24/2012,90,69,79.5,2.5,0,15,0
9/25/2012,89,70,79.5,2.8,0,15,0
9/26/2012,88,64,76,-0.4,0,11,0
9/27/2012,89,67,78,1.9,0,13,0
9/28/2012,84,70,77,1.2,0,12,0.78
9/29/2012,78,73,75.5,0,0,11,1.02
9/30/2012,82,64,73,-2.2,0,8,2.3
10/1/2012,68,60,64,-10.9,1,0,0.01
10/2/2012,80,57,68.5,-6.1,0,4,0
10/3/2012,83,59,71,-3.2,0,6,0
10/4/2012,86,63,74.5,0.6,0,10,0
10/5/2012,87,64,75.5,1.9,0,11,0
10/6/2012,83,58,70.5,-2.7,0,6,0
10/7/2012,66,53,59.5,-13.4,5,0,0
10/8/2012,70,51,60.5,-12,4,0,0
10/9/2012,77,48,62.5,-9.7,2,0,0
10/10/2012,85,57,71,-0.8,0,6,0
10/11/2012,86,62,74,2.6,0,9,0
10/12/2012,85,60,72.5,1.4,0,8,0
10/13/2012,86,62,74,3.3,0,9,0
10/14/2012,86,70,78,7.7,0,13,0
10/15/2012,82,57,69.5,-0.4,0,5,0.26
10/16/2012,79,55,67,-2.6,0,2,0
10/17/2012,85,60,72.5,3.3,0,8,0
10/18/2012,81,57,69,0.2,0,4,0.13
10/19/2012,79,48,63.5,-4.9,1,0,0
10/20/2012,82,46,64,-4,1,0,0
10/21/2012,84,51,67.5,-0.1,0,3,0
10/22/2012,83,55,69,1.7,0,4,0
10/23/2012,84,62,73,6.1,0,8,0
10/24/2012,85,64,74.5,8,0,10,0
10/25/2012,85,62,73.5,7.4,0,9,0
10/26/2012,84,51,67.5,1.8,0,3,0
10/27/2012,61,45,53,-12.4,12,0,0
10/28/2012,65,40,52.5,-12.5,12,0,0
10/29/2012,64,40,52,-12.6,13,0,0
10/30/2012,69,36,52.5,-11.8,12,0,0
10/31/2012,79,43,61,-2.9,4,0,0
11/1/2012,80,52,66,2.4,0,1,0
11/2/2012,83,56,69.5,6.3,0,5,0
11/3/2012,83,56,69.5,6.6,0,5,0
11/4/2012,72,58,65,2.5,0,0,0.01
11/5/2012,74,53,63.5,1.3,1,0,0
11/6/2012,65,46,55.5,-6.4,9,0,0
11/7/2012,71,43,57,-4.6,8,0,0
11/8/2012,68,37,52.5,-8.8,12,0,0
11/9/2012,75,40,57.5,-3.5,7,0,0
11/10/2012,80,50,65,4.3,0,0,0
11/11/2012,81,59,70,9.6,0,5,0.33
11/12/2012,70,42,56,-4.1,9,0,0.42
11/13/2012,60,37,48.5,-11.3,16,0,0
11/14/2012,63,38,50.5,-9,14,0,0
11/15/2012,65,36,50.5,-8.8,14,0,0
11/16/2012,68,42,55,-4,10,0,0
11/17/2012,70,38,54,-4.8,11,0,0
11/18/2012,69,37,53,-5.5,12,0,0
11/19/2012,72,39,55.5,-2.8,9,0,0
11/20/2012,75,44,59.5,1.4,5,0,0
11/21/2012,78,44,61,3.2,4,0,0
11/22/2012,76,40,58,0.4,7,0,0
11/23/2012,76,46,61,3.6,4,0,0
11/24/2012,61,36,48.5,-8.7,16,0,0
11/25/2012,67,31,49,-8,16,0,0
11/26/2012,73,48,60.5,3.7,4,0,0
11/27/2012,66,46,56,-0.6,9,0,0.45
11/28/2012,65,38,51.5,-4.9,13,0,0
11/29/2012,68,34,51,-5.3,14,0,0
11/30/2012,73,44,58.5,2.4,6,0,0
12/1/2012,77,46,61.5,5.6,3,0,0
12/2/2012,80,56,68,12.2,0,3,0
12/3/2012,80,55,67.5,11.9,0,3,0
12/4/2012,69,62,65.5,10.1,0,1,1.05
12/5/2012,63,60,61.5,6.2,3,0,0.44
12/6/2012,69,59,64,8.9,1,0,0
12/7/2012,75,54,64.5,9.5,0,0,0
12/8/2012,76,54,65,10.2,0,0,0
12/9/2012,79,54,66.5,11.8,0,2,0.01
12/10/2012,72,44,58,3.5,7,0,1.46
12/11/2012,49,37,43,-11.4,22,0,0
12/12/2012,58,33,45.5,-8.7,19,0,0
12/13/2012,63,30,46.5,-7.6,18,0,0
12/14/2012,68,32,50,-4,15,0,0
12/15/2012,76,55,65.5,11.7,0,1,0
12/16/2012,76,61,68.5,14.8,0,4,0.56
12/17/2012,68,50,59,5.4,6,0,1.72
12/18/2012,71,40,55.5,2.1,9,0,0
12/19/2012,77,46,61.5,8.2,3,0,0.02
12/20/2012,74,42,58,4.8,7,0,0.27
12/21/2012,58,34,46,-7.1,19,0,0
12/22/2012,64,30,47,-6,18,0,0
12/23/2012,67,46,56.5,3.7,8,0,0
12/24/2012,78,55,66.5,13.8,0,2,0.03
12/25/2012,74,44,59,6.4,6,0,0.97
12/26/2012,47,37,42,-10.5,23,0,0
12/27/2012,52,34,43,-9.4,22,0,0
12/28/2012,68,46,57,4.7,8,0,1.57
12/29/2012,50,36,43,-9.2,22,0,0
12/30/2012,52,28,40,-12.1,25,0,0
12/31/2012,60,38,49,-3.1,16,0,0
1/1/2013,66,48,57,5,8,0,1.46
1/2/2013,48,40,44,-7.9,21,0,0.04
1/3/2013,53,36,44.5,-7.3,20,0,0
1/4/2013,57,33,45,-6.8,20,0,0
1/5/2013,54,43,48.5,-3.2,16,0,0.04
1/6/2013,53,41,47,-4.7,18,0,0.67
1/7/2013,60,37,48.5,-3.1,16,0,0
1/8/2013,64,48,56,4.4,9,0,3.27
1/9/2013,66,60,63,11.4,2,0,2.29
1/10/2013,68,63,65.5,13.9,0,1,2.4
1/11/2013,71,62,66.5,15,0,2,0.19
1/12/2013,78,68,73,21.5,0,8,0
1/13/2013,76,46,61,9.4,4,0,1.22
1/14/2013,46,37,41.5,-10.1,23,0,1.41
1/15/2013,44,37,40.5,-11.1,24,0,0.76
1/16/2013,37,35,36,-15.6,29,0,0.06
1/17/2013,54,34,44,-7.7,21,0,0.01
1/18/2013,59,35,47,-4.7,18,0,0
1/19/2013,64,33,48.5,-3.3,16,0,0
1/20/2013,67,36,51.5,-0.3,13,0,0
1/21/2013,68,38,53,1.1,12,0,0
1/22/2013,65,42,53.5,1.5,11,0,0
1/23/2013,72,39,55.5,3.4,9,0,0
1/24/2013,74,48,61,8.8,4,0,0
1/25/2013,76,55,65.5,13.2,0,1,0
1/26/2013,75,52,63.5,11.1,1,0,0
1/27/2013,76,50,63,10.5,2,0,0
1/28/2013,76,56,66,13.3,0,1,0
1/29/2013,81,64,72.5,19.7,0,8,0
1/30/2013,74,42,58,5.1,7,0,0.85
1/31/2013,60,35,47.5,-5.6,17,0,0
2/1/2013,66,41,53.5,0.3,11,0,0
2/2/2013,70,38,54,0.6,11,0,0
2/3/2013,70,43,56.5,2.9,8,0,0
2/4/2013,61,42,51.5,-2.3,13,0,0.09
2/5/2013,72,52,62,8.1,3,0,0
2/6/2013,68,52,60,5.9,5,0,0.2
2/7/2013,70,54,62,7.7,3,0,0.55
2/8/2013,70,53,61.5,7,3,0,0
2/9/2013,65,49,57,2.3,8,0,0
2/10/2013,77,61,69,14.1,0,4,0.16
2/11/2013,70,53,61.5,6.4,3,0,1.62
2/12/2013,69,54,61.5,6.1,3,0,0.79
2/13/2013,58,40,49,-6.6,16,0,0.01
2/14/2013,61,35,48,-7.8,17,0,0
2/15/2013,66,36,51,-5,14,0,0
2/16/2013,53,34,43.5,-12.7,21,0,0
2/17/2013,63,32,47.5,-8.9,17,0,0
2/18/2013,66,43,54.5,-2.2,10,0,0.65
2/19/2013,66,44,55,-1.9,10,0,0.83
2/20/2013,60,39,49.5,-7.6,15,0,0
2/21/2013,72,50,61,3.7,4,0,0.36
2/22/2013,71,54,62.5,5,2,0,0.89
2/23/2013,64,50,57,-0.8,8,0,0
2/24/2013,72,43,57.5,-0.5,7,0,0.63
2/25/2013,67,54,60.5,2.3,4,0,0.59
2/26/2013,58,45,51.5,-6.9,13,0,0
2/27/2013,70,43,56.5,-2.1,8,0,0
2/28/2013,52,43,47.5,-11.4,17,0,0
3/1/2013,58,38,48,-11.1,17,0,0
3/2/2013,47,30,38.5,-20.8,26,0,0
3/3/2013,56,26,41,-18.5,24,0,0
3/4/2013,72,37,54.5,-5.2,10,0,0
3/5/2013,74,53,63.5,3.6,1,0,0
3/6/2013,64,38,51,-9.1,14,0,0
3/7/2013,66,32,49,-11.3,16,0,0
3/8/2013,72,36,54,-6.5,11,0,0
3/9/2013,71,48,59.5,-1.2,5,0,0
3/10/2013,80,54,67,6.1,0,2,0.44
3/11/2013,59,44,51.5,-9.6,13,0,1.9
3/12/2013,68,37,52.5,-8.8,12,0,0
3/13/2013,68,39,53.5,-8,11,0,0
3/14/2013,69,37,53,-8.7,12,0,0
3/15/2013,76,43,59.5,-2.4,5,0,0
3/16/2013,76,51,63.5,1.5,1,0,0
3/17/2013,80,55,67.5,5.3,0,3,0
3/18/2013,82,65,73.5,11.1,0,9,0
3/19/2013,78,51,64.5,1.9,0,0,0
3/20/2013,71,47,59,-3.8,6,0,0.03
3/21/2013,67,45,56,-7,9,0,0
3/22/2013,77,56,66.5,3.4,0,2,0.03
3/23/2013,70,64,67,3.7,0,2,0.01
3/24/2013,66,44,55,-8.5,10,0,0
3/25/2013,58,35,46.5,-17.2,18,0,0
3/26/2013,56,33,44.5,-19.4,20,0,0
3/27/2013,64,29,46.5,-17.5,18,0,0
3/28/2013,72,36,54,-10.2,11,0,0
3/29/2013,76,43,59.5,-4.9,5,0,0
3/30/2013,77,50,63.5,-1.1,1,0,0
3/31/2013,77,55,66,1.2,0,1,0.5
4/1/2013,77,52,64.5,-0.5,0,0,0
4/2/2013,79,50,64.5,-0.7,0,0,0.03
4/3/2013,63,51,57,-8.3,8,0,1.22
4/4/2013,55,48,51.5,-14,13,0,0
4/5/2013,69,47,58,-7.7,7,0,0
4/6/2013,74,44,59,-6.9,6,0,0
4/7/2013,79,55,67,0.9,0,2,0
4/8/2013,83,56,69.5,3.2,0,5,0
4/9/2013,87,71,79,12.5,0,14,0
4/10/2013,85,73,79,12.3,0,14,0
4/11/2013,75,50,62.5,-4.4,2,0,0.82
4/12/2013,76,44,60,-7.1,5,0,0
4/13/2013,79,50,64.5,-2.9,0,0,0.1
4/14/2013,76,56,66,-1.6,0,1,1.8
4/15/2013,80,64,72,4.2,0,7,0.03
4/16/2013,85,73,79,11,0,14,0
4/17/2013,86,72,79,10.8,0,14,0
4/18/2013,86,55,70.5,2,0,6,0.29
4/19/2013,62,44,53,-15.7,12,0,0.01
4/20/2013,70,39,54.5,-14.4,10,0,0
4/21/2013,74,44,59,-10.2,6,0,0
4/22/2013,80,50,65,-4.4,0,0,0
4/23/2013,85,65,75,5.4,0,10,0
4/24/2013,70,55,62.5,-7.4,2,0,1.31
4/25/2013,74,52,63,-7.1,2,0,0
4/26/2013,80,53,66.5,-3.9,0,2,0
4/27/2013,83,65,74,3.4,0,9,0
4/28/2013,78,63,70.5,-0.4,0,6,0.17
4/29/2013,83,57,70,-1.1,0,5,0
4/30/2013,75,62,68.5,-2.9,0,4,0.42
5/1/2013,79,66,72.5,0.9,0,8,0.07
5/2/2013,79,64,71.5,-0.4,0,7,0
5/3/2013,68,44,56,-16.2,9,0,0.01
5/4/2013,72,40,56,-16.4,9,0,0
5/5/2013,65,47,56,-16.7,9,0,0
5/6/2013,76,47,61.5,-11.4,3,0,0
5/7/2013,81,53,67,-6.2,0,2,0
5/8/2013,83,56,69.5,-4,0,5,0
5/9/2013,84,61,72.5,-1.2,0,8,0
5/10/2013,73,62,67.5,-6.5,0,3,3.16
5/11/2013,79,61,70,-4.3,0,5,0.59
5/12/2013,80,55,67.5,-7,0,3,0
5/13/2013,81,50,65.5,-9.3,0,1,0
5/14/2013,84,55,69.5,-5.5,0,5,0
5/15/2013,83,57,70,-5.3,0,5,0
5/16/2013,85,61,73,-2.5,0,8,0
5/17/2013,87,69,78,2.2,0,13,0
5/18/2013,88,74,81,5,0,16,0
5/19/2013,88,73,80.5,4.2,0,16,0
5/20/2013,91,75,83,6.5,0,18,0
5/21/2013,90,75,82.5,5.7,0,18,0
5/22/2013,82,67,74.5,-2.5,0,10,2.95
5/23/2013,90,66,78,0.8,0,13,0.05
5/24/2013,90,65,77.5,0,0,13,0
5/25/2013,86,66,76,-1.7,0,11,0
5/26/2013,86,66,76,-1.9,0,11,0
5/27/2013,88,65,76.5,-1.6,0,12,0
5/28/2013,87,67,77,-1.3,0,12,0.02
5/29/2013,86,66,76,-2.5,0,11,0
5/30/2013,87,73,80,1.3,0,15,0.11
5/31/2013,89,74,81.5,2.6,0,17,0.07
6/1/2013,90,73,81.5,2.4,0,17,0
6/2/2013,87,68,77.5,-1.8,0,13,2.18
6/3/2013,89,72,80.5,1,0,16,0
6/4/2013,91,72,81.5,1.9,0,17,0
6/5/2013,91,73,82,2.2,0,17,0
6/6/2013,88,69,78.5,-1.5,0,14,0.43
6/7/2013,87,70,78.5,-1.6,0,14,0
6/8/2013,88,69,78.5,-1.8,0,14,0
6/9/2013,89,70,79.5,-0.9,0,15,0.59
6/10/2013,90,72,81,0.5,0,16,0.04
6/11/2013,93,75,84,3.3,0,19,0
6/12/2013,93,74,83.5,2.7,0,19,0
6/13/2013,93,74,83.5,2.6,0,19,0
6/14/2013,95,74,84.5,3.5,0,20,0
6/15/2013,94,70,82,0.9,0,17,0
6/16/2013,93,76,84.5,3.3,0,20,0.01
6/17/2013,93,74,83.5,2.2,0,19,0
6/18/2013,91,72,81.5,0.1,0,17,0.06
6/19/2013,83,72,77.5,-4,0,13,0.74
6/20/2013,90,72,81,-0.6,0,16,0
6/21/2013,93,71,82,0.3,0,17,0
6/22/2013,92,72,82,0.2,0,17,0
6/23/2013,92,71,81.5,-0.3,0,17,1.4
6/24/2013,88,72,80,-1.9,0,15,0.77
6/25/2013,91,73,82,0,0,17,0
6/26/2013,92,72,82,0,0,17,0
6/27/2013,93,75,84,1.9,0,19,0
6/28/2013,93,77,85,2.8,0,20,0
6/29/2013,88,72,80,-2.2,0,15,0.25
6/30/2013,90,72,81,-1.3,0,16,0
7/1/2013,87,68,77.5,-4.8,0,13,0
7/2/2013,89,67,78,-4.4,0,13,0
7/3/2013,90,69,79.5,-2.9,0,15,0.48
7/4/2013,90,68,79,-3.5,0,14,0
7/5/2013,85,71,78,-4.5,0,13,0
7/6/2013,88,70,79,-3.5,0,14,0
7/7/2013,88,73,80.5,-2.1,0,16,0.05
7/8/2013,92,71,81.5,-1.1,0,17,0
7/9/2013,92,72,82,-0.7,0,17,0
7/10/2013,93,76,84.5,1.8,0,20,0
7/11/2013,91,73,82,-0.7,0,17,0.05
7/12/2013,96,71,83.5,0.7,0,19,0
7/13/2013,92,69,80.5,-2.3,0,16,0
7/14/2013,91,70,80.5,-2.3,0,16,0.9
7/15/2013,90,70,80,-2.9,0,15,0.92
7/16/2013,86,72,79,-3.9,0,14,0
7/17/2013,92,74,83,0.1,0,18,0
7/18/2013,90,73,81.5,-1.5,0,17,0.35
7/19/2013,92,71,81.5,-1.5,0,17,0
7/20/2013,92,73,82.5,-0.5,0,18,0.17
7/21/2013,86,74,80,-3,0,15,0.44
7/22/2013,90,76,83,-0.1,0,18,0
7/23/2013,93,76,84.5,1.4,0,20,0
7/24/2013,91,75,83,-0.1,0,18,0.01
7/25/2013,92,73,82.5,-0.6,0,18,0
7/26/2013,93,69,81,-2.1,0,16,0
7/27/2013,84,74,79,-4.2,0,14,1.28
7/28/2013,90,71,80.5,-2.7,0,16,0
7/29/2013,94,73,83.5,0.3,0,19,0
7/30/2013,93,76,84.5,1.3,0,20,0
7/31/2013,94,77,85.5,2.3,0,21,0
8/1/2013,93,76,84.5,1.3,0,20,0
8/2/2013,95,73,84,0.8,0,19,0.05
8/3/2013,94,75,84.5,1.3,0,20,0
8/4/2013,96,76,86,2.8,0,21,0
8/5/2013,94,77,85.5,2.3,0,21,0
8/6/2013,94,76,85,1.8,0,20,0
8/7/2013,95,77,86,2.8,0,21,0
8/8/2013,95,76,85.5,2.3,0,21,0
8/9/2013,93,77,85,1.8,0,20,0
8/10/2013,96,76,86,2.9,0,21,0
8/11/2013,90,75,82.5,-0.6,0,18,0.09
8/12/2013,91,75,83,-0.1,0,18,0.32
8/13/2013,91,71,81,-2.1,0,16,0.6
8/14/2013,79,72,75.5,-7.5,0,11,1.15
8/15/2013,89,71,80,-3,0,15,0
8/16/2013,90,71,80.5,-2.4,0,16,0
8/17/2013,88,71,79.5,-3.4,0,15,0
8/18/2013,85,70,77.5,-5.3,0,13,0
8/19/2013,88,71,79.5,-3.3,0,15,0.03
8/20/2013,92,72,82,-0.7,0,17,0.42
8/21/2013,91,72,81.5,-1.1,0,17,0.29
8/22/2013,92,73,82.5,0,0,18,0
8/23/2013,92,73,82.5,0,0,18,0
8/24/2013,86,73,79.5,-2.9,0,15,0
8/25/2013,88,72,80,-2.3,0,15,0
8/26/2013,89,73,81,-1.2,0,16,0.41
8/27/2013,89,69,79,-3.1,0,14,0
8/28/2013,89,66,77.5,-4.5,0,13,0
8/29/2013,90,66,78,-3.9,0,13,0
8/30/2013,92,69,80.5,-1.3,0,16,0
8/31/2013,92,70,81,-0.7,0,16,0
9/1/2013,94,74,84,2.5,0,19,0
9/2/2013,94,75,84.5,3.1,0,20,0
9/3/2013,95,75,85,3.7,0,20,0.49
9/4/2013,93,73,83,1.9,0,18,0.87
9/5/2013,92,73,82.5,1.5,0,18,0.36
9/6/2013,92,73,82.5,1.7,0,18,0
9/7/2013,93,72,82.5,1.8,0,18,0.11
9/8/2013,92,70,81,0.5,0,16,0.03
9/9/2013,91,70,80.5,0.2,0,16,0
9/10/2013,93,69,81,0.9,0,16,0
9/11/2013,92,73,82.5,2.5,0,18,0
9/12/2013,94,71,82.5,2.7,0,18,0
9/13/2013,94,71,82.5,2.9,0,18,0.02
9/14/2013,91,72,81.5,2.1,0,17,0
9/15/2013,92,71,81.5,2.3,0,17,0
9/16/2013,93,71,82,3.1,0,17,0
9/17/2013,94,73,83.5,4.8,0,19,0
9/18/2013,91,74,82.5,4,0,18,0
9/19/2013,92,73,82.5,4.3,0,18,0
9/20/2013,92,75,83.5,5.5,0,19,0.04
9/21/2013,80,69,74.5,-3.3,0,10,4.67
9/22/2013,83,66,74.5,-3,0,10,0
9/23/2013,88,64,76,-1.2,0,11,0
9/24/2013,91,72,81.5,4.5,0,17,0.23
9/25/2013,90,67,78.5,1.8,0,14,0
9/26/2013,89,63,76,-0.4,0,11,0
9/27/2013,89,65,77,0.9,0,12,0
9/28/2013,88,68,78,2.2,0,13,0
9/29/2013,84,66,75,-0.5,0,10,0
9/30/2013,85,71,78,2.8,0,13,0.08
10/1/2013,86,71,78.5,3.6,0,14,0.52
10/2/2013,86,72,79,4.4,0,14,0
10/3/2013,88,72,80,5.8,0,15,0.02
10/4/2013,87,73,80,6.1,0,15,0
10/5/2013,85,72,78.5,4.9,0,14,0.45
10/6/2013,76,57,66.5,-6.7,0,2,0
10/7/2013,76,54,65,-7.9,0,0,0
10/8/2013,78,54,66,-6.5,0,1,0
10/9/2013,82,53,67.5,-4.7,0,3,0
10/10/2013,82,62,72,0.2,0,7,0
10/11/2013,86,62,74,2.6,0,9,0
10/12/2013,89,65,77,5.9,0,12,0.33
10/13/2013,89,70,79.5,8.8,0,15,0
10/14/2013,86,67,76.5,6.2,0,12,0
10/15/2013,85,64,74.5,4.6,0,10,0
10/16/2013,83,68,75.5,5.9,0,11,0.03
10/17/2013,75,59,67,-2.2,0,2,0
10/18/2013,75,55,65,-3.8,0,0,0.02
10/19/2013,74,56,65,-3.4,0,0,1.24
10/20/2013,74,51,62.5,-5.5,2,0,0
10/21/2013,72,53,62.5,-5.1,2,0,0
10/22/2013,78,56,67,-0.3,0,2,0
10/23/2013,76,51,63.5,-3.4,1,0,0
10/24/2013,79,47,63,-3.5,2,0,0
10/25/2013,70,49,59.5,-6.6,5,0,0
10/26/2013,77,44,60.5,-5.2,4,0,0
10/27/2013,73,51,62,-3.4,3,0,0
10/28/2013,83,61,72,7,0,7,0
10/29/2013,82,60,71,6.4,0,6,0
10/30/2013,80,63,71.5,7.2,0,7,0
10/31/2013,81,63,72,8.1,0,7,1.26
11/1/2013,75,53,64,0.4,1,0,0
11/2/2013,72,51,61.5,-1.7,3,0,0
11/3/2013,67,41,54,-8.9,11,0,0
11/4/2013,77,45,61,-1.5,4,0,0
11/5/2013,76,61,68.5,6.3,0,4,0
11/6/2013,81,60,70.5,8.6,0,6,0.3
11/7/2013,67,47,57,-4.6,8,0,0
11/8/2013,66,42,54,-7.3,11,0,0
11/9/2013,72,43,57.5,-3.5,7,0,0
11/10/2013,77,54,65.5,4.8,0,1,0
11/11/2013,76,49,62.5,2.1,2,0,0
11/12/2013,72,38,55,-5.1,10,0,0
11/13/2013,58,32,45,-14.8,20,0,0
11/14/2013,68,33,50.5,-9,14,0,0
11/15/2013,75,55,65,5.7,0,0,0
11/16/2013,82,63,72.5,13.5,0,8,0
11/17/2013,82,70,76,17.2,0,11,0.01
11/18/2013,79,57,68,9.5,0,3,0.04
11/19/2013,67,44,55.5,-2.8,9,0,0
11/20/2013,73,39,56,-2.1,9,0,0
11/21/2013,71,56,63.5,5.7,1,0,0
11/22/2013,73,62,67.5,9.9,0,3,0.1
11/23/2013,64,46,55,-2.4,10,0,0.02
11/24/2013,54,38,46,-11.2,19,0,0
11/25/2013,47,40,43.5,-13.5,21,0,0.22
11/26/2013,48,39,43.5,-13.3,21,0,1.02
11/27/2013,49,31,40,-16.6,25,0,0
11/28/2013,51,26,38.5,-17.9,26,0,0
11/29/2013,62,27,44.5,-11.8,20,0,0
11/30/2013,68,29,48.5,-7.6,16,0,0
12/1/2013,70,35,52.5,-3.4,12,0,0
12/2/2013,75,56,65.5,9.7,0,1,0
12/3/2013,80,63,71.5,15.9,0,7,0
12/4/2013,82,69,75.5,20.1,0,11,0
12/5/2013,84,71,77.5,22.2,0,13,0
12/6/2013,73,38,55.5,0.4,9,0,0.29
12/7/2013,39,34,36.5,-18.5,28,0,0
12/8/2013,46,38,42,-12.8,23,0,2.05
12/9/2013,52,40,46,-8.7,19,0,0.02
12/10/2013,51,35,43,-11.5,22,0,0.02
12/11/2013,52,32,42,-12.4,23,0,0
12/12/2013,56,35,45.5,-8.7,19,0,0
12/13/2013,61,34,47.5,-6.6,17,0,0
12/14/2013,68,48,58,4,7,0,0.68
12/15/2013,54,35,44.5,-9.3,20,0,0
12/16/2013,62,30,46,-7.7,19,0,0
12/17/2013,66,30,48,-5.6,17,0,0
12/18/2013,68,34,51,-2.4,14,0,0
12/19/2013,74,43,58.5,5.2,6,0,0
12/20/2013,80,62,71,17.8,0,6,0
12/21/2013,80,61,70.5,17.4,0,6,0.09
12/22/2013,67,50,58.5,5.5,6,0,0.05
12/23/2013,50,33,41.5,-11.3,23,0,0
12/24/2013,55,27,41,-11.7,24,0,0
12/25/2013,50,29,39.5,-13.1,25,0,0
12/26/2013,60,32,46,-6.5,19,0,0
12/27/2013,55,41,48,-4.4,17,0,0
12/28/2013,51,44,47.5,-4.8,17,0,0.52
12/29/2013,64,42,53,0.8,12,0,0
12/30/2013,54,40,47,-5.1,18,0,0
12/31/2013,47,40,43.5,-8.6,21,0,0
1/1/2014,58,44,51,-1,14,0,0.3
1/2/2014,56,35,45.5,-6.4,19,0,0.02
1/3/2014,48,28,38,-13.8,27,0,0
1/4/2014,62,26,44,-7.8,21,0,0
1/5/2014,70,34,52,0.3,13,0,0.16
1/6/2014,34,24,29,-22.7,36,0,0
1/7/2014,38,19,28.5,-23.1,36,0,0
1/8/2014,51,20,35.5,-16.1,29,0,0
1/9/2014,68,38,53,1.4,12,0,0
1/10/2014,68,50,59,7.4,6,0,0.15
1/11/2014,71,41,56,4.5,9,0,0.46
1/12/2014,69,34,51.5,0,13,0,0
1/13/2014,67,52,59.5,7.9,5,0,0.39
1/14/2014,66,37,51.5,-0.1,13,0,0
1/15/2014,55,33,44,-7.6,21,0,0
1/16/2014,62,28,45,-6.6,20,0,0
1/17/2014,59,37,48,-3.7,17,0,0
1/18/2014,61,27,44,-7.7,21,0,0
1/19/2014,65,36,50.5,-1.3,14,0,0
1/20/2014,70,31,50.5,-1.3,14,0,0
1/21/2014,60,33,46.5,-5.4,18,0,0
1/22/2014,56,26,41,-11,24,0,0
1/23/2014,52,32,42,-10.1,23,0,0
1/24/2014,32,27,29.5,-22.7,35,0,0.21
1/25/2014,54,25,39.5,-12.8,25,0,0
1/26/2014,66,35,50.5,-1.9,14,0,0
1/27/2014,61,40,50.5,-2,14,0,0.25
1/28/2014,40,24,32,-20.7,33,0,0.15
1/29/2014,36,21,28.5,-24.3,36,0,0
1/30/2014,51,17,34,-18.9,31,0,0
1/31/2014,63,32,47.5,-5.6,17,0,0
2/1/2014,77,46,61.5,8.3,3,0,0
2/2/2014,72,41,56.5,3.1,8,0,0.31
2/3/2014,49,37,43,-10.6,22,0,0
2/4/2014,67,42,54.5,0.7,10,0,1.66
2/5/2014,50,36,43,-10.9,22,0,0
2/6/2014,42,31,36.5,-17.6,28,0,0.03
2/7/2014,53,28,40.5,-13.8,24,0,0.01
2/8/2014,62,37,49.5,-5,15,0,0.01
2/9/2014,73,42,57.5,2.8,7,0,0
2/10/2014,57,43,50,-4.9,15,0,0.09
2/11/2014,43,36,39.5,-15.6,25,0,2.13
2/12/2014,38,34,36,-19.4,29,0,0.12
2/13/2014,55,29,42,-13.6,23,0,0
2/14/2014,66,32,49,-6.8,16,0,0
2/15/2014,65,40,52.5,-3.5,12,0,0
2/16/2014,71,37,54,-2.2,11,0,0
2/17/2014,78,53,65.5,9.1,0,1,0
2/18/2014,74,63,68.5,11.8,0,4,0
2/19/2014,81,63,72,15.1,0,7,0
2/20/2014,82,63,72.5,15.4,0,8,1.18
2/21/2014,67,43,55,-2.3,10,0,0.01
2/22/2014,66,43,54.5,-3,10,0,0
2/23/2014,64,55,59.5,1.7,5,0,0.48
2/24/2014,73,55,64,6,1,0,0
2/25/2014,69,55,62,3.8,3,0,0.57
2/26/2014,60,37,48.5,-9.9,16,0,0.58
2/27/2014,57,30,43.5,-15.1,21,0,0
2/28/2014,65,32,48.5,-10.4,16,0,0
3/1/2014,80,54,67,7.9,0,2,0
3/2/2014,82,62,72,12.7,0,7,0
3/3/2014,70,30,50,-9.5,15,0,0.26
3/4/2014,37,29,33,-26.7,32,0,0.37
3/5/2014,61,36,48.5,-11.4,16,0,0
3/6/2014,50,43,46.5,-13.6,18,0,0.08
3/7/2014,60,42,51,-9.3,14,0,0
3/8/2014,71,46,58.5,-2,6,0,0
3/9/2014,72,53,62.5,1.8,2,0,0
3/10/2014,79,49,64,3.1,1,0,0
3/11/2014,73,61,67,5.9,0,2,0.15
3/12/2014,70,47,58.5,-2.8,6,0,0
3/13/2014,68,36,52,-9.5,13,0,0
3/14/2014,71,39,55,-6.7,10,0,0
3/15/2014,73,59,66,4.1,0,1,0.51
3/16/2014,79,52,65.5,3.5,0,1,0.14
3/17/2014,52,38,45,-17.2,20,0,0
3/18/2014,69,38,53.5,-8.9,11,0,0
3/19/2014,79,46,62.5,-0.1,2,0,0
3/20/2014,77,50,63.5,0.7,1,0,0
3/21/2014,80,45,62.5,-0.5,2,0,0
3/22/2014,84,57,70.5,7.4,0,6,0
3/23/2014,69,52,60.5,-2.8,4,0,0.04
3/24/2014,70,50,60,-3.5,5,0,0
3/25/2014,68,43,55.5,-8.2,9,0,0
3/26/2014,61,38,49.5,-14.4,15,0,0
3/27/2014,70,50,60,-4,5,0,0.09
3/28/2014,82,62,72,7.8,0,7,1.58
3/29/2014,74,50,62,-2.4,3,0,0
3/30/2014,74,43,58.5,-6.1,6,0,0
3/31/2014,79,41,60,-4.8,5,0,0
4/1/2014,84,56,70,5,0,5,0
4/2/2014,85,64,74.5,9.3,0,10,0
4/3/2014,85,69,77,11.7,0,12,0
4/4/2014,78,66,72,6.5,0,7,0.19
4/5/2014,67,59,63,-2.7,2,0,0
4/6/2014,75,56,65.5,-0.4,0,1,2.13
4/7/2014,71,54,62.5,-3.6,2,0,0.54
4/8/2014,69,50,59.5,-6.8,5,0,0.04
4/9/2014,72,45,58.5,-8,6,0,0
4/10/2014,77,46,61.5,-5.2,3,0,0
4/11/2014,80,52,66,-0.9,0,1,0
4/12/2014,84,57,70.5,3.4,0,6,0
4/13/2014,85,69,77,9.6,0,12,0.01
4/14/2014,86,51,68.5,0.9,0,4,0.59
4/15/2014,62,44,53,-14.8,12,0,0
4/16/2014,67,37,52,-16,13,0,0
4/17/2014,67,47,57,-11.2,8,0,0
4/18/2014,80,58,69,0.5,0,4,0.01
4/19/2014,82,52,67,-1.7,0,2,0
4/20/2014,85,53,69,0.1,0,4,0
4/21/2014,82,59,70.5,1.3,0,6,0
4/22/2014,82,62,72,2.6,0,7,0
4/23/2014,87,58,72.5,2.9,0,8,0
4/24/2014,85,60,72.5,2.6,0,8,0
4/25/2014,87,64,75.5,5.4,0,11,0
4/26/2014,88,64,76,5.6,0,11,0
4/27/2014,89,74,81.5,10.9,0,17,0
4/28/2014,86,74,80,9.1,0,15,0.02
4/29/2014,88,71,79.5,8.4,0,15,0
4/30/2014,74,57,65.5,-5.9,0,1,0
5/1/2014,75,49,62,-9.6,3,0,0
5/2/2014,79,57,68,-3.9,0,3,0
5/3/2014,86,53,69.5,-2.7,0,5,0
5/4/2014,89,61,75,2.6,0,10,0
5/5/2014,86,57,71.5,-1.2,0,7,0
5/6/2014,85,59,72,-0.9,0,7,0
5/7/2014,88,65,76.5,3.3,0,12,0
5/8/2014,89,69,79,5.5,0,14,0
5/9/2014,80,65,72.5,-1.2,0,8,3.27
5/10/2014,86,65,75.5,1.5,0,11,0.19
5/11/2014,84,71,77.5,3.2,0,13,0.87
5/12/2014,89,73,81,6.5,0,16,0
5/13/2014,86,71,78.5,3.7,0,14,0.09
5/14/2014,77,56,66.5,-8.5,0,2,0
5/15/2014,74,50,62,-13.3,3,0,0
5/16/2014,83,52,67.5,-8,0,3,0
5/17/2014,84,60,72,-3.8,0,7,0
5/18/2014,86,58,72,-4,0,7,0
5/19/2014,88,60,74,-2.3,0,9,0
5/20/2014,88,65,76.5,0,0,12,0
5/21/2014,89,66,77.5,0.7,0,13,0
5/22/2014,89,65,77,0,0,12,0
5/23/2014,89,66,77.5,0.3,0,13,0
5/24/2014,86,66,76,-1.5,0,11,0
5/25/2014,89,64,76.5,-1.2,0,12,0
5/26/2014,89,65,77,-0.9,0,12,0
5/27/2014,87,70,78.5,0.4,0,14,0.46
5/28/2014,78,67,72.5,-5.8,0,8,3.34
5/29/2014,81,69,75,-3.5,0,10,0.03
5/30/2014,87,72,79.5,0.8,0,15,0.04
5/31/2014,84,71,77.5,-1.4,0,13,0.03
6/1/2014,81,72,76.5,-2.6,0,12,1.2
6/2/2014,86,71,78.5,-0.8,0,14,0.04
6/3/2014,87,71,79,-0.5,0,14,0.04
6/4/2014,88,70,79,-0.6,0,14,0
6/5/2014,90,72,81,1.2,0,16,0
6/6/2014,92,72,82,2,0,17,0
6/7/2014,92,74,83,2.9,0,18,0
6/8/2014,92,74,83,2.7,0,18,0
6/9/2014,91,73,82,1.6,0,17,0
6/10/2014,86,67,76.5,-4,0,12,2.59
6/11/2014,88,68,78,-2.7,0,13,0
6/12/2014,90,70,80,-0.8,0,15,0
6/13/2014,82,66,74,-6.9,0,9,0.51
6/14/2014,91,68,79.5,-1.5,0,15,0
6/15/2014,89,70,79.5,-1.6,0,15,0
6/16/2014,91,71,81,-0.2,0,16,0
6/17/2014,91,72,81.5,0.2,0,17,0.01
6/18/2014,92,71,81.5,0.1,0,17,0.1
6/19/2014,93,72,82.5,1,0,18,0
6/20/2014,92,72,82,0.4,0,17,0
6/21/2014,92,74,83,1.3,0,18,0
6/22/2014,91,71,81,-0.8,0,16,1.42
6/23/2014,89,73,81,-0.8,0,16,0
6/24/2014,91,73,82,0.1,0,17,0.04
6/25/2014,88,71,79.5,-2.5,0,15,3.84
6/26/2014,86,71,78.5,-3.5,0,14,0.87
6/27/2014,84,71,77.5,-4.6,0,13,0.7
6/28/2014,92,70,81,-1.2,0,16,0
6/29/2014,92,78,85,2.8,0,20,0
6/30/2014,93,76,84.5,2.2,0,20,0
7/1/2014,94,75,84.5,2.2,0,20,0
7/2/2014,93,73,83,0.6,0,18,0
7/3/2014,93,70,81.5,-0.9,0,17,0
7/4/2014,90,71,80.5,-2,0,16,0
7/5/2014,90,66,78,-4.5,0,13,0
7/6/2014,92,65,78.5,-4,0,14,0
7/7/2014,93,70,81.5,-1.1,0,17,0
7/8/2014,89,71,80,-2.6,0,15,0.38
7/9/2014,88,70,79,-3.7,0,14,0.01
7/10/2014,93,71,82,-0.7,0,17,0.01
7/11/2014,94,72,83,0.3,0,18,0.89
7/12/2014,94,71,82.5,-0.3,0,18,0.19
7/13/2014,91,73,82,-0.8,0,17,0.01
7/14/2014,91,74,82.5,-0.3,0,18,0.05
7/15/2014,89,75,82,-0.9,0,17,0.06
7/16/2014,87,69,78,-4.9,0,13,0
7/17/2014,88,62,75,-7.9,0,10,0
7/18/2014,79,73,76,-7,0,11,3.57
7/19/2014,87,72,79.5,-3.5,0,15,0.39
7/20/2014,89,73,81,-2,0,16,0.15
7/21/2014,91,71,81,-2,0,16,0
7/22/2014,92,71,81.5,-1.6,0,17,0.03
7/23/2014,91,70,80.5,-2.6,0,16,0
7/24/2014,90,72,81,-2.1,0,16,0.03
7/25/2014,94,74,84,0.9,0,19,0
7/26/2014,95,77,86,2.9,0,21,0.01
7/27/2014,94,77,85.5,2.3,0,21,0
7/28/2014,94,76,85,1.8,0,20,0
7/29/2014,91,73,82,-1.2,0,17,0
7/30/2014,88,66,77,-6.2,0,12,0
7/31/2014,90,69,79.5,-3.7,0,15,0
8/1/2014,86,72,79,-4.2,0,14,0.31
8/2/2014,88,74,81,-2.2,0,16,0.03
8/3/2014,90,72,81,-2.2,0,16,0.68
8/4/2014,91,71,81,-2.2,0,16,0
8/5/2014,94,73,83.5,0.3,0,19,0
8/6/2014,94,75,84.5,1.3,0,20,0
8/7/2014,95,76,85.5,2.3,0,21,0
8/8/2014,95,76,85.5,2.3,0,21,0
8/9/2014,94,75,84.5,1.3,0,20,0
8/10/2014,92,74,83,-0.1,0,18,0.3
8/11/2014,92,72,82,-1.1,0,17,0.35
8/12/2014,92,71,81.5,-1.6,0,17,0
8/13/2014,89,70,79.5,-3.6,0,15,0
8/14/2014,89,65,77,-6,0,12,0
8/15/2014,91,65,78,-5,0,13,0
8/16/2014,93,72,82.5,-0.4,0,18,0
8/17/2014,92,73,82.5,-0.4,0,18,0.01
8/18/2014,93,72,82.5,-0.3,0,18,0.09
8/19/2014,95,74,84.5,1.7,0,20,0
8/20/2014,95,72,83.5,0.8,0,19,0.1
8/21/2014,95,74,84.5,1.9,0,20,0.17
8/22/2014,95,74,84.5,2,0,20,0
8/23/2014,96,76,86,3.5,0,21,0
8/24/2014,96,76,86,3.6,0,21,0
8/25/2014,93,74,83.5,1.2,0,19,2.02
8/26/2014,90,73,81.5,-0.7,0,17,0
8/27/2014,93,72,82.5,0.4,0,18,0
8/28/2014,91,75,83,1,0,18,0
8/29/2014,87,73,80,-1.9,0,15,0.03
8/30/2014,82,73,77.5,-4.3,0,13,1.55
8/31/2014,94,73,83.5,1.8,0,19,0
9/1/2014,92,74,83,1.5,0,18,0.06
9/2/2014,93,74,83.5,2.1,0,19,0.42
9/3/2014,92,73,82.5,1.2,0,18,0.19
9/4/2014,93,72,82.5,1.4,0,18,0
9/5/2014,92,72,82,1,0,17,1.11
9/6/2014,92,71,81.5,0.7,0,17,0.02
9/7/2014,92,73,82.5,1.8,0,18,0
9/8/2014,92,71,81.5,1,0,17,0
9/9/2014,92,74,83,2.7,0,18,0
9/10/2014,93,74,83.5,3.4,0,19,0
9/11/2014,94,74,84,4,0,19,0
9/12/2014,91,74,82.5,2.7,0,18,0
9/13/2014,80,68,74,-5.6,0,9,0
9/14/2014,88,68,78,-1.4,0,13,0
9/15/2014,92,71,81.5,2.3,0,17,0.42
9/16/2014,90,73,81.5,2.6,0,17,0.15
9/17/2014,88,71,79.5,0.8,0,15,0
9/18/2014,87,72,79.5,1,0,15,0.54
9/19/2014,88,71,79.5,1.3,0,15,0.09
9/20/2014,89,69,79,1,0,14,0
9/21/2014,90,69,79.5,1.7,0,15,0
9/22/2014,89,63,76,-1.5,0,11,0
9/23/2014,85,59,72,-5.2,0,7,0
9/24/2014,86,60,73,-4,0,8,0
9/25/2014,86,64,75,-1.7,0,10,0
9/26/2014,86,65,75.5,-0.9,0,11,0
9/27/2014,86,64,75,-1.1,0,10,0
9/28/2014,84,72,78,2.2,0,13,0.04
9/29/2014,88,71,79.5,4,0,15,0.02
9/30/2014,90,69,79.5,4.3,0,15,0
10/1/2014,87,71,79,4.1,0,14,0
10/2/2014,92,75,83.5,8.9,0,19,0
10/3/2014,81,62,71.5,-2.7,0,7,1.13
10/4/2014,73,52,62.5,-11.4,2,0,0
10/5/2014,80,49,64.5,-9.1,0,0,0
10/6/2014,84,60,72,-1.2,0,7,0
10/7/2014,89,63,76,3.1,0,11,0
10/8/2014,89,65,77,4.5,0,12,0
10/9/2014,90,70,80,7.8,0,15,0
10/10/2014,91,70,80.5,8.7,0,16,0
10/11/2014,88,68,78,6.6,0,13,0
10/12/2014,89,68,78.5,7.4,0,14,0.11
10/13/2014,90,61,75.5,4.8,0,11,1.11
10/14/2014,75,55,65,-5.3,0,0,0
10/15/2014,77,51,64,-5.9,1,0,0
10/16/2014,83,50,66.5,-3.1,0,2,0
10/17/2014,83,56,69.5,0.3,0,5,0
10/18/2014,85,61,73,4.2,0,8,0
10/19/2014,78,55,66.5,-1.9,0,2,0
10/20/2014,78,51,64.5,-3.5,0,0,0
10/21/2014,82,54,68,0.4,0,3,0
10/22/2014,80,55,67.5,0.2,0,3,0
10/23/2014,77,49,63,-3.9,2,0,0
10/24/2014,77,47,62,-4.5,3,0,0
10/25/2014,83,46,64.5,-1.6,0,0,0
10/26/2014,86,53,69.5,3.8,0,5,0
10/27/2014,83,54,68.5,3.1,0,4,0
10/28/2014,86,63,74.5,9.5,0,10,0
10/29/2014,83,59,71,6.4,0,6,0
10/30/2014,75,49,62,-2.3,3,0,0
10/31/2014,75,47,61,-2.9,4,0,0
11/1/2014,60,36,48,-15.6,17,0,0
11/2/2014,66,34,50,-13.2,15,0,0
11/3/2014,74,38,56,-6.9,9,0,0
11/4/2014,80,55,67.5,5,0,3,0
11/5/2014,76,59,67.5,5.3,0,3,0
11/6/2014,72,54,63,1.1,2,0,0.1
11/7/2014,65,46,55.5,-6.1,9,0,0
11/8/2014,72,43,57.5,-3.8,7,0,0
11/9/2014,71,43,57,-4,8,0,0
11/10/2014,77,39,58,-2.7,7,0,0
11/11/2014,82,58,70,9.6,0,5,0
11/12/2014,60,42,51,-9.1,14,0,0
11/13/2014,49,33,41,-18.8,24,0,0.01
11/14/2014,51,29,40,-19.5,25,0,0
11/15/2014,58,29,43.5,-15.8,21,0,0
11/16/2014,76,50,63,4,2,0,2.64
11/17/2014,51,35,43,-15.8,22,0,0.35
11/18/2014,51,29,40,-18.5,25,0,0
11/19/2014,61,27,44,-14.3,21,0,0
11/20/2014,71,37,54,-4.1,11,0,0
11/21/2014,72,43,57.5,-0.3,7,0,0
11/22/2014,70,50,60,2.4,5,0,0
11/23/2014,75,63,69,11.6,0,4,0.4
11/24/2014,67,46,56.5,-0.7,8,0,0
11/25/2014,57,36,46.5,-10.5,18,0,0
11/26/2014,70,31,50.5,-6.3,14,0,0
11/27/2014,62,38,50,-6.6,15,0,0
11/28/2014,63,33,48,-8.4,17,0,0
11/29/2014,77,46,61.5,5.2,3,0,0
11/30/2014,81,57,69,12.9,0,4,0
12/1/2014,81,51,66,10.1,0,1,0
12/2/2014,74,51,62.5,6.7,2,0,0
12/3/2014,73,47,60,4.4,5,0,0
12/4/2014,70,54,62,6.6,3,0,0
12/5/2014,82,66,74,18.7,0,9,0
12/6/2014,76,55,65.5,10.4,0,1,0
12/7/2014,61,43,52,-3,13,0,0
12/8/2014,67,39,53,-1.8,12,0,0
12/9/2014,71,36,53.5,-1.2,11,0,0
12/10/2014,62,37,49.5,-5,15,0,0
12/11/2014,65,38,51.5,-2.9,13,0,0
12/12/2014,67,47,57,2.8,8,0,0.01
12/13/2014,72,47,59.5,5.4,5,0,0
12/14/2014,72,43,57.5,3.5,7,0,0
12/15/2014,77,56,66.5,12.7,0,2,0.09
12/16/2014,67,41,54,0.3,11,0,0
12/17/2014,61,34,47.5,-6.1,17,0,0
12/18/2014,65,44,54.5,1.1,10,0,0.03
12/19/2014,56,47,51.5,-1.8,13,0,2.41
12/20/2014,51,42,46.5,-6.7,18,0,0.03
12/21/2014,60,43,51.5,-1.6,13,0,0
12/22/2014,77,52,64.5,11.5,0,0,0
12/23/2014,77,49,63,10.2,2,0,1.79
12/24/2014,54,40,47,-5.7,18,0,0
12/25/2014,58,32,45,-7.6,20,0,0
12/26/2014,63,43,53,0.5,12,0,0.11
12/27/2014,72,59,65.5,13.1,0,1,1
12/28/2014,71,51,61,8.7,4,0,0.2
12/29/2014,56,49,52.5,0.3,12,0,0
12/30/2014,52,36,44,-8.1,21,0,0
12/31/2014,58,33,45.5,-6.6,19,0,0
1/1/2015,53,41,47,-5,18,0,0
1/2/2015,70,53,61.5,9.6,3,0,0.04
1/3/2015,74,58,66,14.2,0,1,3.52
1/4/2015,59,44,51.5,-0.3,13,0,0
1/5/2015,52,32,42,-9.7,23,0,0
1/6/2015,63,29,46,-5.7,19,0,0
1/7/2015,56,28,42,-9.6,23,0,0
1/8/2015,38,20,29,-22.6,36,0,0
1/9/2015,39,33,36,-15.6,29,0,0.02
1/10/2015,51,30,40.5,-11.1,24,0,0
1/11/2015,62,41,51.5,0,13,0,0.42
1/12/2015,63,47,55,3.5,10,0,0.02
1/13/2015,47,38,42.5,-9.1,22,0,0
1/14/2015,41,36,38.5,-13.1,26,0,0
1/15/2015,45,34,39.5,-12.1,25,0,0.12
1/16/2015,58,31,44.5,-7.1,20,0,0
1/17/2015,63,29,46,-5.7,19,0,0
1/18/2015,70,38,54,2.3,11,0,0
1/19/2015,69,31,50,-1.8,15,0,0
1/20/2015,73,39,56,4.2,9,0,0
1/21/2015,71,46,58.5,6.6,6,0,0
1/22/2015,58,44,51,-1,14,0,2.19
1/23/2015,45,38,41.5,-10.6,23,0,0.04
1/24/2015,59,33,46,-6.2,19,0,0
1/25/2015,69,39,54,1.7,11,0,0
1/26/2015,63,45,54,1.6,11,0,0
1/27/2015,77,39,58,5.5,7,0,0
1/28/2015,71,41,56,3.3,9,0,0
1/29/2015,78,41,59.5,6.7,5,0,0
1/30/2015,63,38,50.5,-2.4,14,0,0
1/31/2015,62,36,49,-4.1,16,0,0
2/1/2015,68,54,61,7.8,4,0,0.18
2/2/2015,54,34,44,-9.4,21,0,0
2/3/2015,46,31,38.5,-15.1,26,0,0
2/4/2015,49,41,45,-8.8,20,0,0.6
2/5/2015,57,38,47.5,-6.4,17,0,0
2/6/2015,60,30,45,-9.1,20,0,0
2/7/2015,70,33,51.5,-2.8,13,0,0
2/8/2015,75,47,61,6.5,4,0,0
2/9/2015,79,54,66.5,11.8,0,2,0
2/10/2015,68,41,54.5,-0.4,10,0,0
2/11/2015,74,38,56,0.9,9,0,0
2/12/2015,65,39,52,-3.4,13,0,0
2/13/2015,59,31,45,-10.6,20,0,0
2/14/2015,74,35,54.5,-1.3,10,0,0
2/15/2015,66,47,56.5,0.5,8,0,0
2/16/2015,71,35,53,-3.2,12,0,0.93
2/17/2015,48,31,39.5,-16.9,25,0,0
2/18/2015,57,28,42.5,-14.2,22,0,0
2/19/2015,53,31,42,-14.9,23,0,0
2/20/2015,66,34,50,-7.1,15,0,0
2/21/2015,73,59,66,8.7,0,1,0
2/22/2015,77,49,63,5.5,2,0,0.11
2/23/2015,49,37,43,-14.8,22,0,0.89
2/24/2015,47,33,40,-18,25,0,0.04
2/25/2015,42,36,39,-19.2,26,0,0.63
2/26/2015,53,34,43.5,-14.9,21,0,0
2/27/2015,53,35,44,-14.6,21,0,0
2/28/2015,67,33,50,-8.9,15,0,0
3/1/2015,65,53,59,-0.1,6,0,1.14
3/2/2015,66,56,61,1.7,4,0,0.25
3/3/2015,79,56,67.5,8,0,3,0.07
3/4/2015,84,68,76,16.3,0,11,0
3/5/2015,73,30,51.5,-8.4,13,0,0.12
3/6/2015,55,26,40.5,-19.6,24,0,0
3/7/2015,68,30,49,-11.3,16,0,0
3/8/2015,73,42,57.5,-3,7,0,0
3/9/2015,66,54,60,-0.7,5,0,0.01
3/10/2015,72,64,68,7.1,0,3,0.31
3/11/2015,72,61,66.5,5.4,0,2,0.06
3/12/2015,71,61,66,4.7,0,1,0.24
3/13/2015,76,62,69,7.5,0,4,0.64
3/14/2015,77,61,69,7.3,0,4,0
3/15/2015,80,57,68.5,6.6,0,4,0
3/16/2015,84,57,70.5,8.5,0,6,0
3/17/2015,87,61,74,11.8,0,9,0
3/18/2015,80,65,72.5,10.1,0,8,0
3/19/2015,83,65,74,11.4,0,9,0
3/20/2015,83,64,73.5,10.7,0,9,0
3/21/2015,81,64,72.5,9.5,0,8,0.51
3/22/2015,81,59,70,6.9,0,5,0
3/23/2015,69,57,63,-0.3,2,0,0
3/24/2015,75,60,67.5,4,0,3,0
3/25/2015,80,53,66.5,2.8,0,2,0
3/26/2015,72,54,63,-0.9,2,0,0.03
3/27/2015,70,45,57.5,-6.5,7,0,0
3/28/2015,74,42,58,-6.2,7,0,0
3/29/2015,81,48,64.5,0.1,0,0,0
3/30/2015,84,58,71,6.4,0,6,0
3/31/2015,83,59,71,6.2,0,6,0
4/1/2015,83,58,70.5,5.5,0,6,0
4/2/2015,87,69,78,12.8,0,13,0
4/3/2015,86,66,76,10.7,0,11,0
4/4/2015,74,54,64,-1.5,1,0,0.04
4/5/2015,72,52,62,-3.7,3,0,1.31
4/6/2015,84,62,73,7.1,0,8,0
4/7/2015,86,66,76,9.9,0,11,0
4/8/2015,87,68,77.5,11.2,0,13,0
4/9/2015,85,70,77.5,11,0,13,0
4/10/2015,82,64,73,6.3,0,8,1.08
4/11/2015,80,62,71,4.1,0,6,0.03
4/12/2015,74,69,71.5,4.4,0,7,0.43
4/13/2015,82,68,75,7.6,0,10,0.49
4/14/2015,72,65,68.5,0.9,0,4,0.69
4/15/2015,83,63,73,5.2,0,8,0.05
4/16/2015,75,67,71,3,0,6,0.24
4/17/2015,84,66,75,6.8,0,10,0.08
4/18/2015,80,69,74.5,6,0,10,0.58
4/19/2015,84,67,75.5,6.8,0,11,0
4/20/2015,73,58,65.5,-3.4,0,1,0
4/21/2015,80,54,67,-2.2,0,2,0
4/22/2015,85,56,70.5,1.1,0,6,0
4/23/2015,86,65,75.5,5.9,0,11,0.49
4/24/2015,77,66,71.5,1.6,0,7,0.02
4/25/2015,80,67,73.5,3.4,0,9,0.53
4/26/2015,84,64,74,3.6,0,9,0
4/27/2015,72,61,66.5,-4.1,0,2,2
4/28/2015,72,58,65,-5.9,0,0,0.02
4/29/2015,73,52,62.5,-8.6,2,0,0
4/30/2015,81,52,66.5,-4.9,0,2,0
5/1/2015,84,57,70.5,-1.1,0,6,0
5/2/2015,84,56,70,-1.9,0,5,0
5/3/2015,84,59,71.5,-0.7,0,7,0
5/4/2015,84,57,70.5,-1.9,0,6,0
5/5/2015,84,63,73.5,0.8,0,9,0
5/6/2015,85,61,73,0.1,0,8,0
5/7/2015,87,67,77,3.8,0,12,0
5/8/2015,88,66,77,3.5,0,12,0
5/9/2015,87,69,78,4.3,0,13,0
5/10/2015,90,70,80,6,0,15,0
5/11/2015,85,69,77,2.7,0,12,0.26
5/12/2015,87,67,77,2.5,0,12,0.3
5/13/2015,85,67,76,1.2,0,11,0
5/14/2015,86,71,78.5,3.5,0,14,0
5/15/2015,86,71,78.5,3.2,0,14,0.08
5/16/2015,87,71,79,3.5,0,14,0.06
5/17/2015,90,76,83,7.2,0,18,0
5/18/2015,87,70,78.5,2.5,0,14,0.71
5/19/2015,89,67,78,1.7,0,13,1.38
5/20/2015,88,67,77.5,1,0,13,0.01
5/21/2015,87,66,76.5,-0.3,0,12,0
5/22/2015,83,63,73,-4,0,8,0
5/23/2015,88,68,78,0.8,0,13,0
5/24/2015,89,70,79.5,2,0,15,0.67
5/25/2015,88,69,78.5,0.8,0,14,0.41
5/26/2015,83,63,73,-4.9,0,8,1.83
5/27/2015,80,66,73,-5.1,0,8,0.25
5/28/2015,91,64,77.5,-0.8,0,13,0
5/29/2015,89,71,80,1.5,0,15,0.86
5/30/2015,89,68,78.5,-0.2,0,14,2.86
5/31/2015,87,67,77,-1.9,0,12,1.49
6/1/2015,88,65,76.5,-2.6,0,12,0
6/2/2015,88,67,77.5,-1.8,0,13,0
6/3/2015,88,66,77,-2.5,0,12,0
6/4/2015,90,66,78,-1.6,0,13,0
6/5/2015,92,68,80,0.2,0,15,0
6/6/2015,93,68,80.5,0.5,0,16,0
6/7/2015,94,73,83.5,3.4,0,19,0
6/8/2015,95,72,83.5,3.2,0,19,0
6/9/2015,82,70,76,-4.4,0,11,0.57
6/10/2015,92,70,81,0.5,0,16,0.16
6/11/2015,91,72,81.5,0.8,0,17,0
6/12/2015,89,71,80,-0.8,0,15,0.09
6/13/2015,89,72,80.5,-0.4,0,16,0.37
6/14/2015,88,74,81,0,0,16,0.12
6/15/2015,89,74,81.5,0.4,0,17,0.04
6/16/2015,92,75,83.5,2.3,0,19,0
6/17/2015,93,74,83.5,2.2,0,19,0
6/18/2015,93,74,83.5,2.1,0,19,0.07
6/19/2015,91,77,84,2.5,0,19,0.04
6/20/2015,92,78,85,3.4,0,20,0
6/21/2015,93,76,84.5,2.8,0,20,0
6/22/2015,93,76,84.5,2.7,0,20,0
6/23/2015,96,74,85,3.2,0,20,0.04
6/24/2015,94,72,83,1.1,0,18,0.04
6/25/2015,91,73,82,0,0,17,1.75
6/26/2015,90,72,81,-1,0,16,0.12
6/27/2015,91,73,82,-0.1,0,17,0.88
6/28/2015,86,72,79,-3.2,0,14,0.06
6/29/2015,89,70,79.5,-2.7,0,15,0.11
6/30/2015,91,70,80.5,-1.8,0,16,1.52
7/1/2015,92,70,81,-1.3,0,16,0.09
7/2/2015,91,74,82.5,0.1,0,18,0
7/3/2015,93,76,84.5,2.1,0,20,0
7/4/2015,90,70,80,-2.5,0,15,0.19
7/5/2015,91,69,80,-2.5,0,15,2.96
7/6/2015,92,70,81,-1.5,0,16,0
7/7/2015,93,76,84.5,1.9,0,20,0.02
7/8/2015,94,75,84.5,1.9,0,20,0.01
7/9/2015,95,73,84,1.3,0,19,0
7/10/2015,96,74,85,2.3,0,20,0
7/11/2015,95,74,84.5,1.8,0,20,0
7/12/2015,95,77,86,3.2,0,21,0
7/13/2015,95,77,86,3.2,0,21,0
7/14/2015,94,75,84.5,1.7,0,20,0
7/15/2015,94,76,85,2.1,0,20,0
7/16/2015,96,77,86.5,3.6,0,22,0
7/17/2015,96,78,87,4.1,0,22,0
7/18/2015,97,79,88,5,0,23,0
7/19/2015,97,78,87.5,4.5,0,23,0
7/20/2015,98,80,89,6,0,24,0
7/21/2015,96,78,87,4,0,22,0.1
7/22/2015,95,78,86.5,3.4,0,22,0.04
7/23/2015,96,78,87,3.9,0,22,0
7/24/2015,96,78,87,3.9,0,22,0
7/25/2015,98,75,86.5,3.4,0,22,0.01
7/26/2015,98,74,86,2.9,0,21,0
7/27/2015,98,74,86,2.8,0,21,0
7/28/2015,98,74,86,2.8,0,21,0
7/29/2015,99,78,88.5,5.3,0,24,0
7/30/2015,100,75,87.5,4.3,0,23,0.31
7/31/2015,95,75,85,1.8,0,20,0
8/1/2015,94,71,82.5,-0.7,0,18,0
8/2/2015,98,69,83.5,0.3,0,19,0
8/3/2015,98,74,86,2.8,0,21,0
8/4/2015,98,74,86,2.8,0,21,0
8/5/2015,96,79,87.5,4.3,0,23,0.06
8/6/2015,97,79,88,4.8,0,23,0.09
8/7/2015,98,78,88,4.8,0,23,0
8/8/2015,97,79,88,4.8,0,23,0
8/9/2015,99,80,89.5,6.3,0,25,0
8/10/2015,103,80,91.5,8.4,0,27,0.05
8/11/2015,90,75,82.5,-0.6,0,18,0.18
8/12/2015,98,75,86.5,3.4,0,22,0
8/13/2015,98,71,84.5,1.4,0,20,0
8/14/2015,96,74,85,2,0,20,1.38
8/15/2015,96,73,84.5,1.5,0,20,0
8/16/2015,89,73,81,-1.9,0,16,0.04
8/17/2015,92,74,83,0.1,0,18,0.02
8/18/2015,89,75,82,-0.8,0,17,0.15
8/19/2015,84,74,79,-3.8,0,14,2.16
8/20/2015,88,76,82,-0.7,0,17,0.1
8/21/2015,91,73,82,-0.6,0,17,0.48
8/22/2015,92,71,81.5,-1,0,17,0.59
8/23/2015,95,72,83.5,1,0,19,0
8/24/2015,95,78,86.5,4.1,0,22,0
8/25/2015,90,68,79,-3.3,0,14,0
8/26/2015,88,62,75,-7.2,0,10,0
8/27/2015,88,60,74,-8.1,0,9,0
8/28/2015,91,63,77,-5,0,12,0
8/29/2015,91,67,79,-2.9,0,14,0
8/30/2015,93,69,81,-0.8,0,16,0
8/31/2015,90,71,80.5,-1.2,0,16,0
9/1/2015,93,72,82.5,1,0,18,0
9/2/2015,88,75,81.5,0.1,0,17,0
9/3/2015,93,74,83.5,2.2,0,19,0
9/4/2015,94,74,84,2.9,0,19,0
9/5/2015,95,72,83.5,2.5,0,19,0.6
9/6/2015,94,72,83,2.2,0,18,0.17
9/7/2015,94,71,82.5,1.8,0,18,0
9/8/2015,94,73,83.5,3,0,19,0.6
9/9/2015,90,71,80.5,0.2,0,16,0
9/10/2015,90,74,82,1.9,0,17,0.1
9/11/2015,78,72,75,-5,0,10,0.6
9/12/2015,85,64,74.5,-5.3,0,10,0
9/13/2015,81,54,67.5,-12.1,0,3,0
9/14/2015,85,55,70,-9.4,0,5,0
9/15/2015,89,68,78.5,-0.7,0,14,0
9/16/2015,92,69,80.5,1.6,0,16,0
9/17/2015,93,70,81.5,2.8,0,17,0
9/18/2015,93,69,81,2.5,0,16,0
9/19/2015,94,68,81,2.8,0,16,0
9/20/2015,97,70,83.5,5.5,0,19,0
9/21/2015,83,69,76,-1.8,0,11,0
9/22/2015,90,64,77,-0.5,0,12,0
9/23/2015,90,63,76.5,-0.7,0,12,0
9/24/2015,90,68,79,2,0,14,0
9/25/2015,92,67,79.5,2.8,0,15,0
9/26/2015,89,67,78,1.6,0,13,0
9/27/2015,81,72,76.5,0.4,0,12,0.06
9/28/2015,87,73,80,4.2,0,15,0.07
9/29/2015,89,72,80.5,5,0,16,0.01
9/30/2015,91,71,81,5.8,0,16,0
10/1/2015,85,65,75,0.1,0,10,0
10/2/2015,79,58,68.5,-6.1,0,4,0
10/3/2015,73,54,63.5,-10.7,1,0,0
10/4/2015,66,53,59.5,-14.4,5,0,0
10/5/2015,84,55,69.5,-4.1,0,5,0
10/6/2015,89,66,77.5,4.3,0,13,0
10/7/2015,91,64,77.5,4.6,0,13,0
10/8/2015,90,69,79.5,7,0,15,0
10/9/2015,92,64,78,5.8,0,13,0
10/10/2015,82,58,70,-1.8,0,5,0
10/11/2015,83,53,68,-3.4,0,3,0
10/12/2015,86,57,71.5,0.4,0,7,0
10/13/2015,90,55,72.5,1.8,0,8,0
10/14/2015,90,51,70.5,0.2,0,6,0
10/15/2015,94,52,73,3.1,0,8,0
10/16/2015,95,55,75,5.4,0,10,0
10/17/2015,79,57,68,-1.2,0,3,0
10/18/2015,80,49,64.5,-4.3,0,0,0
10/19/2015,80,45,62.5,-5.9,2,0,0
10/20/2015,82,55,68.5,0.5,0,4,0
10/21/2015,87,61,74,6.4,0,9,0
10/22/2015,82,64,73,5.7,0,8,0
10/23/2015,86,70,78,11.1,0,13,0
10/24/2015,81,71,76,9.5,0,11,2.12
10/25/2015,75,68,71.5,5.4,0,7,8.6
10/26/2015,76,69,72.5,6.8,0,8,0.13
10/27/2015,71,66,68.5,3.1,0,4,0
10/28/2015,83,60,71.5,6.5,0,7,0
10/29/2015,81,59,70,5.4,0,5,0
10/30/2015,79,57,68,3.7,0,3,0
10/31/2015,79,68,73.5,9.6,0,9,4.28
11/1/2015,69,67,68,4.4,0,3,0.73
11/2/2015,76,64,70,6.8,0,5,0.17
11/3/2015,75,66,70.5,7.6,0,6,0
11/4/2015,81,62,71.5,9,0,7,0
11/5/2015,87,62,74.5,12.3,0,10,0
11/6/2015,84,72,78,16.1,0,13,0.42
11/7/2015,75,64,69.5,7.9,0,5,1.09
11/8/2015,69,53,61,-0.3,4,0,0
11/9/2015,67,57,62,1,3,0,0
11/10/2015,74,59,66.5,5.8,0,2,0
11/11/2015,83,59,71,10.6,0,6,0
11/12/2015,74,50,62,1.9,3,0,0.01
11/13/2015,70,46,58,-1.8,7,0,0
11/14/2015,70,45,57.5,-2,7,0,0
11/15/2015,73,43,58,-1.3,7,0,0
11/16/2015,80,57,68.5,9.5,0,4,0
11/17/2015,83,58,70.5,11.7,0,6,2.64
11/18/2015,69,50,59.5,1,5,0,1.22
11/19/2015,76,47,61.5,3.2,3,0,0
11/20/2015,74,48,61,2.9,4,0,0
11/21/2015,65,48,56.5,-1.3,8,0,0.2
11/22/2015,55,36,45.5,-12.1,19,0,0
11/23/2015,62,32,47,-10.4,18,0,0
11/24/2015,68,37,52.5,-4.7,12,0,0
11/25/2015,76,46,61,4,4,0,0
11/26/2015,77,61,69,12.2,0,4,0
11/27/2015,77,62,69.5,12.9,0,5,0
11/28/2015,81,65,73,16.6,0,8,0
11/29/2015,77,66,71.5,15.2,0,7,0
11/30/2015,80,63,71.5,15.4,0,7,0.05
12/1/2015,69,60,64.5,8.6,0,0,0.32
12/2/2015,60,49,54.5,-1.3,10,0,0.06
12/3/2015,60,41,50.5,-5.1,14,0,0
12/4/2015,63,36,49.5,-5.9,15,0,0
12/5/2015,69,39,54,-1.3,11,0,0
12/6/2015,73,47,60,4.9,5,0,0
12/7/2015,72,45,58.5,3.5,6,0,0
12/8/2015,71,41,56,1.2,9,0,0
12/9/2015,77,50,63.5,8.8,1,0,0
12/10/2015,81,49,65,10.5,0,0,0
12/11/2015,82,64,73,18.6,0,8,0
12/12/2015,82,68,75,20.8,0,10,0
12/13/2015,81,53,67,12.9,0,2,0.78
12/14/2015,72,49,60.5,6.5,4,0,0.04
12/15/2015,74,43,58.5,4.7,6,0,0
12/16/2015,75,56,65.5,11.8,0,1,0.88
12/17/2015,63,41,52,-1.6,13,0,0
12/18/2015,61,37,49,-4.4,16,0,0
12/19/2015,60,33,46.5,-6.8,18,0,0
12/20/2015,69,34,51.5,-1.7,13,0,0
12/21/2015,70,59,64.5,11.4,0,0,0.89
12/22/2015,72,67,69.5,16.5,0,5,0.87
12/23/2015,79,66,72.5,19.7,0,8,0.41
12/24/2015,83,71,77,24.3,0,12,0
12/25/2015,83,74,78.5,25.9,0,14,0.07
12/26/2015,84,73,78.5,26,0,14,0
12/27/2015,82,73,77.5,25.1,0,13,0
12/28/2015,78,47,62.5,10.2,2,0,1.03
12/29/2015,57,42,49.5,-2.7,15,0,0.05
12/30/2015,57,53,55,2.9,10,0,0.93
1/1/2016,51,42,46.5,-5.5,18,0,0.09
1/2/2016,51,42,46.5,-5.4,18,0,0
1/3/2016,57,38,47.5,-4.3,17,0,0
1/4/2016,60,36,48,-3.8,17,0,0
1/5/2016,56,30,43,-8.7,22,0,0
1/6/2016,66,40,53,1.3,12,0,0
1/7/2016,57,50,53.5,1.9,11,0,0.82
1/8/2016,65,54,59.5,7.9,5,0,0
1/9/2016,70,47,58.5,6.9,6,0,1.02
1/10/2016,50,34,42,-9.6,23,0,0
1/11/2016,52,30,41,-10.5,24,0,0
1/12/2016,61,32,46.5,-5,18,0,0
1/13/2016,64,32,48,-3.6,17,0,0
1/14/2016,66,38,52,0.4,13,0,0.87
1/15/2016,73,48,60.5,8.9,4,0,0
1/16/2016,66,42,54,2.4,11,0,0.28
1/17/2016,55,37,46,-5.7,19,0,0
1/18/2016,57,31,44,-7.7,21,0,0
1/19/2016,62,34,48,-3.8,17,0,0
1/20/2016,74,48,61,9.2,4,0,0
1/21/2016,77,47,62,10.1,3,0,1.28
1/22/2016,47,37,42,-10,23,0,0
1/23/2016,50,31,40.5,-11.6,24,0,0
1/24/2016,57,27,42,-10.2,23,0,0
1/25/2016,71,44,57.5,5.2,7,0,0
1/26/2016,64,43,53.5,1.1,11,0,1.37
1/27/2016,59,42,50.5,-2,14,0,0
1/28/2016,58,35,46.5,-6.2,18,0,0
1/29/2016,73,37,55,2.2,10,0,0
1/30/2016,73,43,58,5.1,7,0,0
1/31/2016,78,60,69,15.9,0,4,0
2/1/2016,79,60,69.5,16.3,0,5,0
2/2/2016,78,55,66.5,13.1,0,2,1.83
2/3/2016,66,45,55.5,1.9,9,0,0.02
2/4/2016,55,34,44.5,-9.3,20,0,0
2/5/2016,57,30,43.5,-10.4,21,0,0
2/6/2016,59,30,44.5,-9.6,20,0,0
2/7/2016,62,31,46.5,-7.8,18,0,0
2/8/2016,59,41,50,-4.5,15,0,0
2/9/2016,57,40,48.5,-6.2,16,0,0
2/10/2016,59,34,46.5,-8.4,18,0,0
2/11/2016,77,46,61.5,6.4,3,0,0
2/12/2016,75,53,64,8.6,1,0,0
2/13/2016,64,44,54,-1.6,11,0,0
2/14/2016,70,42,56,0.2,9,0,0
2/15/2016,72,45,58.5,2.5,6,0,0.62
2/16/2016,73,42,57.5,1.3,7,0,0
2/17/2016,70,45,57.5,1.1,7,0,0
2/18/2016,74,40,57,0.3,8,0,0
2/19/2016,77,45,61,4.1,4,0,0
2/20/2016,79,52,65.5,8.4,0,1,0
2/21/2016,77,60,68.5,11.2,0,4,0
2/22/2016,70,61,65.5,8,0,1,0.41
2/23/2016,71,54,62.5,4.7,2,0,0.7
2/24/2016,60,45,52.5,-5.5,12,0,0
2/25/2016,69,39,54,-4.2,11,0,0
2/26/2016,59,35,47,-11.4,18,0,0
2/27/2016,67,34,50.5,-8.1,14,0,0
2/28/2016,70,36,53,-5.9,12,0,0
2/29/2016,76,49,62.5,3.5,2,0,0
3/1/2016,79,58,68.5,9.4,0,4,0.03
3/2/2016,71,48,59.5,0.2,5,0,0
3/3/2016,74,57,65.5,6,0,1,0.01
3/4/2016,73,47,60,0.3,5,0,0
3/5/2016,78,44,61,1.1,4,0,0
3/6/2016,77,47,62,1.9,3,0,0
3/7/2016,79,53,66,5.7,0,1,0
3/8/2016,81,64,72.5,12,0,8,0.22
3/9/2016,78,68,73,12.3,0,8,0.06
3/10/2016,76,69,72.5,11.6,0,8,4.03
3/11/2016,69,63,66,4.9,0,1,3.21
3/12/2016,71,59,65,3.7,0,0,0.72
3/13/2016,80,60,70,8.5,0,5,0
3/14/2016,84,64,74,12.3,0,9,0
3/15/2016,82,65,73.5,11.6,0,9,0
3/16/2016,81,65,73,11,0,8,0
3/17/2016,84,57,70.5,8.3,0,6,0.22
3/18/2016,71,58,64.5,2.1,0,0,0.2
3/19/2016,65,52,58.5,-4.1,6,0,0
3/20/2016,61,43,52,-10.8,13,0,0
3/21/2016,63,34,48.5,-14.5,16,0,0
3/22/2016,70,38,54,-9.1,11,0,0
3/23/2016,76,55,65.5,2.2,0,1,0
3/24/2016,80,54,67,3.5,0,2,0
3/25/2016,74,45,59.5,-4.2,5,0,0
3/26/2016,78,49,63.5,-0.4,1,0,0
3/27/2016,72,62,67,3,0,2,1.29
3/28/2016,80,60,70,5.8,0,5,0
3/29/2016,75,56,65.5,1.1,0,1,0.01
3/30/2016,79,63,71,6.4,0,6,0
3/31/2016,81,73,77,12.2,0,12,0
4/1/2016,73,55,64,-1,1,0,0.29
4/2/2016,70,46,58,-7.2,7,0,0
4/3/2016,76,41,58.5,-6.8,6,0,0
4/4/2016,79,46,62.5,-3,2,0,0
4/5/2016,85,52,68.5,2.8,0,4,0
4/6/2016,79,55,67,1.1,0,2,0
4/7/2016,82,53,67.5,1.4,0,3,0
4/8/2016,78,52,65,-1.3,0,0,0
4/9/2016,78,46,62,-4.5,3,0,0
4/10/2016,81,52,66.5,-0.2,0,2,0
4/11/2016,83,62,72.5,5.6,0,8,0
4/12/2016,77,63,70,2.9,0,5,0.11
4/13/2016,76,63,69.5,2.1,0,5,1.54
4/14/2016,81,65,73,5.4,0,8,0.14
4/15/2016,76,65,70.5,2.7,0,6,0
4/16/2016,71,64,67.5,-0.5,0,3,0.01
4/17/2016,73,63,68,-0.2,0,3,0
4/18/2016,79,60,69.5,1,0,5,0
4/19/2016,78,63,70.5,1.8,0,6,0.05
4/20/2016,84,64,74,5.1,0,9,0.35
4/21/2016,81,63,72,2.8,0,7,0.21
4/22/2016,81,61,71,1.6,0,6,0
4/23/2016,82,57,69.5,-0.1,0,5,0
4/24/2016,84,55,69.5,-0.4,0,5,0
4/25/2016,86,64,75,4.9,0,10,0
4/26/2016,87,65,76,5.6,0,11,0
4/27/2016,83,66,74.5,3.9,0,10,0.31
4/28/2016,85,71,78,7.1,0,13,0.11
4/29/2016,89,71,80,8.9,0,15,0
4/30/2016,78,67,72.5,1.1,0,8,1.62
5/1/2016,72,66,69,-2.6,0,4,1.63
5/2/2016,80,64,72,0.1,0,7,0.16
5/3/2016,78,61,69.5,-2.7,0,5,0
5/4/2016,79,54,66.5,-5.9,0,2,0
5/5/2016,80,56,68,-4.7,0,3,0
5/6/2016,79,51,65,-7.9,0,0,0
5/7/2016,82,50,66,-7.2,0,1,0
5/8/2016,83,55,69,-4.5,0,4,0
5/9/2016,79,65,72,-1.7,0,7,0
5/10/2016,88,70,79,5,0,14,0
5/11/2016,88,66,77,2.7,0,12,0
5/12/2016,91,66,78.5,4,0,14,0
5/13/2016,88,61,74.5,-0.3,0,10,0
5/14/2016,89,57,73,-2,0,8,0
5/15/2016,76,66,71,-4.3,0,6,0
5/16/2016,79,65,72,-3.5,0,7,0.78
5/17/2016,85,69,77,1.2,0,12,0.07
5/18/2016,79,65,72,-4,0,7,0
5/19/2016,84,65,74.5,-1.8,0,10,3.35
5/20/2016,86,69,77.5,1,0,13,0.12
5/21/2016,90,67,78.5,1.7,0,14,0
5/22/2016,86,67,76.5,-0.5,0,12,0
5/23/2016,87,62,74.5,-2.7,0,10,0
5/24/2016,91,65,78,0.5,0,13,0
5/25/2016,91,73,82,4.3,0,17,0
5/26/2016,90,73,81.5,3.6,0,17,0
5/27/2016,87,70,78.5,0.4,0,14,0
5/28/2016,88,69,78.5,0.2,0,14,0
5/29/2016,91,67,79,0.5,0,14,0
5/30/2016,91,70,80.5,1.8,0,16,0
5/31/2016,91,70,80.5,1.6,0,16,0.05
6/1/2016,85,69,77,-2.1,0,12,0
6/2/2016,89,72,80.5,1.2,0,16,0.45
6/3/2016,87,70,78.5,-1,0,14,2.19
6/4/2016,81,70,75.5,-4.1,0,11,0.49
6/5/2016,85,69,77,-2.8,0,12,0.1
6/6/2016,91,71,81,1,0,16,0
6/7/2016,92,70,81,0.9,0,16,0
6/8/2016,93,69,81,0.7,0,16,0
6/9/2016,90,74,82,1.6,0,17,0
6/10/2016,90,71,80.5,0,0,16,0.91
6/11/2016,90,73,81.5,0.8,0,17,0.81
6/12/2016,92,75,83.5,2.7,0,19,1.01
6/13/2016,86,75,80.5,-0.4,0,16,0.15
6/14/2016,91,75,83,2,0,18,0.04
6/15/2016,94,77,85.5,4.4,0,21,0
6/16/2016,94,76,85,3.8,0,20,0
6/17/2016,94,77,85.5,4.2,0,21,0
6/18/2016,85,71,78,-3.4,0,13,0.25
6/19/2016,88,72,80,-1.5,0,15,0.01
6/20/2016,91,73,82,0.4,0,17,0
6/21/2016,92,74,83,1.3,0,18,0
6/22/2016,94,74,84,2.2,0,19,0
6/23/2016,94,72,83,1.2,0,18,0
6/24/2016,94,74,84,2.1,0,19,0
6/25/2016,96,73,84.5,2.5,0,20,0
6/26/2016,98,77,87.5,5.5,0,23,0
6/27/2016,97,77,87,4.9,0,22,0
6/28/2016,93,73,83,0.8,0,18,0.42
6/29/2016,93,73,83,0.8,0,18,0.37
6/30/2016,95,73,84,1.7,0,19,0.14
7/1/2016,97,74,85.5,3.2,0,21,0
7/2/2016,96,73,84.5,2.1,0,20,0
7/3/2016,95,76,85.5,3.1,0,21,0
7/4/2016,95,77,86,3.5,0,21,0.54
7/5/2016,94,82,88,5.5,0,23,0
7/6/2016,94,79,86.5,4,0,22,0
7/7/2016,95,78,86.5,3.9,0,22,0
7/8/2016,95,79,87,4.4,0,22,0
7/9/2016,95,77,86,3.3,0,21,0
7/10/2016,95,73,84,1.3,0,19,0.45
7/11/2016,93,73,83,0.3,0,18,0.2
7/12/2016,94,73,83.5,0.7,0,19,0.47
7/13/2016,96,74,85,2.2,0,20,0.36
7/14/2016,92,73,82.5,-0.3,0,18,0.87
7/15/2016,86,73,79.5,-3.4,0,15,0.4
7/16/2016,93,72,82.5,-0.4,0,18,0
7/17/2016,92,73,82.5,-0.4,0,18,0.19
7/18/2016,95,75,85,2,0,20,0
7/19/2016,94,76,85,2,0,20,0
7/20/2016,96,76,86,3,0,21,0
7/21/2016,96,77,86.5,3.5,0,22,0
7/22/2016,93,75,84,0.9,0,19,0
7/23/2016,95,75,85,1.9,0,20,0.01
7/24/2016,91,76,83.5,0.4,0,19,0.05
7/25/2016,95,75,85,1.9,0,20,0.08
7/26/2016,91,74,82.5,-0.6,0,18,0.92
7/27/2016,84,74,79,-4.2,0,14,0.57
7/28/2016,91,73,82,-1.2,0,17,0.88
7/29/2016,93,72,82.5,-0.7,0,18,0
7/30/2016,97,75,86,2.8,0,21,0.54
7/31/2016,95,76,85.5,2.3,0,21,0.11
8/1/2016,96,75,85.5,2.3,0,21,0
8/2/2016,97,77,87,3.8,0,22,0
8/3/2016,90,80,85,1.8,0,20,0
8/4/2016,97,76,86.5,3.3,0,22,0.22
8/5/2016,95,75,85,1.8,0,20,0
8/6/2016,95,75,85,1.8,0,20,0.62
8/7/2016,95,74,84.5,1.3,0,20,0.09
8/8/2016,90,75,82.5,-0.7,0,18,0.72
8/9/2016,94,78,86,2.8,0,21,0
8/10/2016,90,78,84,0.9,0,19,2.09
8/11/2016,87,75,81,-2.1,0,16,2.3
8/12/2016,81,71,76,-7.1,0,11,11.24
8/13/2016,77,72,74.5,-8.6,0,10,3.61
8/14/2016,81,73,77,-6,0,12,0.92
8/15/2016,90,75,82.5,-0.5,0,18,0.17
8/16/2016,93,75,84,1.1,0,19,1.05
8/17/2016,93,74,83.5,0.6,0,19,3.81
8/18/2016,92,73,82.5,-0.3,0,18,0
8/19/2016,92,75,83.5,0.7,0,19,0
8/20/2016,93,76,84.5,1.8,0,20,0.29
8/21/2016,91,75,83,0.4,0,18,0.76
8/22/2016,96,73,84.5,2,0,20,0
8/23/2016,95,75,85,2.5,0,20,0.26
8/24/2016,96,77,86.5,4.1,0,22,0
8/25/2016,93,76,84.5,2.2,0,20,0.4
8/26/2016,92,74,83,0.8,0,18,0
8/27/2016,89,72,80.5,-1.6,0,16,1.28
8/28/2016,91,75,83,1,0,18,0.7
8/29/2016,92,75,83.5,1.6,0,19,0.41
8/30/2016,94,74,84,2.2,0,19,0.02
8/31/2016,94,75,84.5,2.8,0,20,0
9/1/2016,96,76,86,4.5,0,21,0
9/2/2016,93,76,84.5,3.1,0,20,0
9/3/2016,94,72,83,1.7,0,18,0
9/4/2016,91,75,83,1.9,0,18,0.35
9/5/2016,88,75,81.5,0.5,0,17,0.11
9/6/2016,91,76,83.5,2.7,0,19,0.01
9/7/2016,93,75,84,3.3,0,19,0
9/8/2016,92,73,82.5,2,0,18,0
9/9/2016,92,72,82,1.7,0,17,0.55
9/10/2016,93,73,83,2.9,0,18,0.05
9/11/2016,93,73,83,3,0,18,0.66
9/12/2016,90,71,80.5,0.7,0,16,0
9/13/2016,91,72,81.5,1.9,0,17,0.08
9/14/2016,93,73,83,3.6,0,18,0
9/15/2016,91,74,82.5,3.3,0,18,0.04
9/16/2016,88,75,81.5,2.6,0,17,0.02
9/17/2016,89,75,82,3.3,0,17,0.03
9/18/2016,92,76,84,5.5,0,19,0
9/19/2016,93,74,83.5,5.3,0,19,0
9/20/2016,93,73,83,5,0,18,0
9/21/2016,94,70,82,4.2,0,17,0
9/22/2016,93,73,83,5.5,0,18,0.58
9/23/2016,93,72,82.5,5.3,0,18,0
9/24/2016,93,71,82,5,0,17,0
9/25/2016,93,70,81.5,4.8,0,17,0
9/26/2016,93,72,82.5,6.1,0,18,0
9/27/2016,89,70,79.5,3.4,0,15,0
9/28/2016,88,69,78.5,2.7,0,14,0
9/29/2016,83,61,72,-3.5,0,7,0
9/30/2016,82,56,69,-6.2,0,4,0
10/1/2016,84,57,70.5,-4.4,0,6,0
10/2/2016,84,64,74,-0.6,0,9,0.01
10/3/2016,87,61,74,-0.2,0,9,0
10/4/2016,90,62,76,2.1,0,11,0
10/5/2016,91,70,80.5,6.9,0,16,0
10/6/2016,90,66,78,4.8,0,13,0
10/7/2016,91,69,80,7.1,0,15,0
10/8/2016,86,62,74,1.5,0,9,0
10/9/2016,83,53,68,-4.2,0,3,0
10/10/2016,87,57,72,0.2,0,7,0
10/11/2016,86,62,74,2.6,0,9,0
10/12/2016,88,62,75,3.9,0,10,0
10/13/2016,88,63,75.5,4.8,0,11,0
10/14/2016,87,60,73.5,3.2,0,9,0
10/15/2016,89,64,76.5,6.6,0,12,0
10/16/2016,90,69,79.5,9.9,0,15,0
10/17/2016,89,67,78,8.8,0,13,0
10/18/2016,91,67,79,10.2,0,14,0
10/19/2016,90,70,80,11.6,0,15,0
10/20/2016,87,64,75.5,7.5,0,11,0.6
10/21/2016,74,53,63.5,-4.1,1,0,0
10/22/2016,76,47,61.5,-5.8,3,0,0
10/23/2016,79,45,62,-4.9,3,0,0
10/24/2016,79,50,64.5,-2,0,0,0
10/25/2016,83,52,67.5,1.4,0,3,0
10/26/2016,84,54,69,3.3,0,4,0
10/27/2016,86,63,74.5,9.1,0,10,0
10/28/2016,86,60,73,8,0,8,0
10/29/2016,87,57,72,7.4,0,7,0
10/30/2016,88,57,72.5,8.2,0,8,0
10/31/2016,88,57,72.5,8.6,0,8,0
11/1/2016,86,55,70.5,6.9,0,6,0
11/2/2016,87,64,75.5,12.3,0,11,0
11/3/2016,86,62,74,11.1,0,9,0
11/4/2016,89,62,75.5,13,0,11,0
11/5/2016,83,56,69.5,7.3,0,5,0
11/6/2016,81,54,67.5,5.6,0,3,0
11/7/2016,70,58,64,2.4,1,0,0.13
11/8/2016,71,65,68,6.7,0,3,0.27
11/9/2016,76,60,68,7,0,3,0
11/10/2016,73,51,62,1.3,3,0,0
11/11/2016,69,51,60,-0.4,5,0,0
11/12/2016,75,49,62,1.9,3,0,0
11/13/2016,67,49,58,-1.8,7,0,0
11/14/2016,74,44,59,-0.5,6,0,0
11/15/2016,81,48,64.5,5.2,0,0,0
11/16/2016,81,50,65.5,6.5,0,1,0
11/17/2016,82,47,64.5,5.7,0,0,0
11/18/2016,83,57,70,11.5,0,5,0.05
11/19/2016,64,42,53,-5.3,12,0,0
11/20/2016,65,33,49,-9.1,16,0,0
11/21/2016,69,32,50.5,-7.3,14,0,0
11/22/2016,76,37,56.5,-1.1,8,0,0
11/23/2016,79,56,67.5,10.1,0,3,0.12
11/24/2016,76,47,61.5,4.3,3,0,0
11/25/2016,76,47,61.5,4.5,3,0,0
11/26/2016,68,45,56.5,-0.3,8,0,0
11/27/2016,68,37,52.5,-4.1,12,0,0
11/28/2016,78,54,66,9.6,0,1,1.2
11/29/2016,84,69,76.5,20.2,0,12,0.05
11/30/2016,75,45,60,3.9,5,0,0.77
12/1/2016,65,37,51,-4.9,14,0,0
12/2/2016,67,42,54.5,-1.3,10,0,0.07
12/3/2016,61,50,55.5,-0.1,9,0,0.38
12/4/2016,63,55,59,3.6,6,0,3.08
12/5/2016,66,53,59.5,4.2,5,0,0.96
12/6/2016,62,52,57,1.9,8,0,0
12/7/2016,62,52,57,2,8,0,0
12/8/2016,53,41,47,-7.8,18,0,0.01
12/9/2016,53,34,43.5,-11.2,21,0,0
12/10/2016,57,30,43.5,-11,21,0,0
12/11/2016,72,34,53,-1.4,12,0,0
12/12/2016,81,58,69.5,15.3,0,5,0.55
12/13/2016,80,64,72,17.9,0,7,1.03
12/14/2016,64,47,55.5,1.5,9,0,0
12/15/2016,57,41,49,-4.8,16,0,0
12/16/2016,69,39,54,0.3,11,0,0
12/17/2016,82,,,,,,0
12/18/2016,74,34,54,0.6,11,0,0.33
12/19/2016,50,32,41,-12.3,24,0,0
12/20/2016,63,30,46.5,-6.7,18,0,0
12/21/2016,65,41,53,-0.1,12,0,0
12/22/2016,69,53,61,8,4,0,0.02
12/23/2016,75,58,66.5,13.7,0,2,0
12/24/2016,81,60,70.5,17.8,0,6,0
12/25/2016,79,66,72.5,19.9,0,8,0.01
12/26/2016,80,69,74.5,22,0,10,0
12/27/2016,82,67,74.5,22.1,0,10,0
12/28/2016,76,65,70.5,18.2,0,6,0.06
12/29/2016,71,41,56,3.8,9,0,0.01
12/30/2016,54,40,47,-5.1,18,0,0
12/31/2016,65,50,57.5,5.4,7,0,3.2
1/1/2017,72,63,67.5,15.5,0,3,0.76
1/2/2017,79,57,68,16.1,0,3,1.75
1/3/2017,74,53,63.5,11.7,1,0,0
1/4/2017,62,44,53,1.2,12,0,0
1/5/2017,65,43,54,2.3,11,0,0.01
1/6/2017,48,28,38,-13.7,27,0,0.41
1/7/2017,38,22,30,-21.6,35,0,0
1/8/2017,48,21,34.5,-17.1,30,0,0
1/9/2017,59,33,46,-5.6,19,0,0
1/10/2017,76,53,64.5,12.9,0,0,0
1/11/2017,78,58,68,16.5,0,3,0
1/12/2017,82,62,72,20.5,0,7,0
1/13/2017,78,61,69.5,17.9,0,5,0.01
1/14/2017,75,55,65,13.4,0,0,0
1/15/2017,74,55,64.5,12.9,0,0,0
1/16/2017,81,62,71.5,19.9,0,7,0
1/17/2017,82,63,72.5,20.8,0,8,0
1/18/2017,82,63,72.5,20.8,0,8,0
1/19/2017,72,60,66,14.2,0,1,4.9
1/20/2017,79,61,70,18.2,0,5,0
1/21/2017,75,60,67.5,15.6,0,3,1.67
1/22/2017,70,55,62.5,10.5,2,0,0.08
1/23/2017,66,47,56.5,4.4,8,0,0
1/24/2017,74,42,58,5.8,7,0,0
1/25/2017,81,50,65.5,13.2,0,1,0.09
1/26/2017,61,44,52.5,0.1,12,0,0
1/27/2017,54,36,45,-7.5,20,0,0
1/28/2017,59,40,49.5,-3.2,15,0,0
1/29/2017,67,38,52.5,-0.3,12,0,0
1/30/2017,75,38,56.5,3.6,8,0,0
1/31/2017,76,48,62,8.9,3,0,0
2/1/2017,79,57,68,14.8,0,3,0
2/2/2017,79,53,66,12.6,0,1,0.01
2/3/2017,60,44,52,-1.6,13,0,0
2/4/2017,64,40,52,-1.8,13,0,0
2/5/2017,80,50,65,11.1,0,0,0
2/6/2017,80,63,71.5,17.4,0,7,0
2/7/2017,82,65,73.5,19.2,0,9,0.24
2/8/2017,84,65,74.5,20,0,10,0
2/9/2017,71,47,59,4.3,6,0,0
2/10/2017,76,42,59,4.1,6,0,0
2/11/2017,81,67,74,18.9,0,9,0
2/12/2017,83,68,75.5,20.1,0,11,0
2/13/2017,75,62,68.5,12.9,0,4,0
2/14/2017,77,54,65.5,9.7,0,1,0.1
2/15/2017,59,43,51,-5,14,0,0
2/16/2017,67,37,52,-4.2,13,0,0
2/17/2017,61,42,51.5,-4.9,13,0,0.1
2/18/2017,70,54,62,5.3,3,0,0
2/19/2017,80,52,66,9.1,0,1,0
2/20/2017,82,60,71,13.9,0,6,0.59
2/21/2017,73,56,64.5,7.2,0,0,0.24
2/22/2017,77,57,67,9.5,0,2,0
2/23/2017,80,52,66,8.2,0,1,0
2/24/2017,82,57,69.5,11.5,0,5,0
2/25/2017,70,45,57.5,-0.7,7,0,0
2/26/2017,70,40,55,-3.4,10,0,0
2/27/2017,81,61,71,12.4,0,6,0.47
2/28/2017,84,71,77.5,18.6,0,13,0
3/1/2017,84,64,74,14.9,0,9,0.06
3/2/2017,69,50,59.5,0.2,5,0,0
3/3/2017,72,41,56.5,-3,8,0,0
3/4/2017,71,43,57,-2.7,8,0,0
3/5/2017,67,56,61.5,1.6,3,0,0.08
3/6/2017,78,61,69.5,9.4,0,5,0.12
3/7/2017,80,56,68,7.7,0,3,0.83
3/8/2017,76,53,64.5,4,0,0,0
3/9/2017,81,57,69,8.3,0,4,0.19
3/10/2017,82,65,73.5,12.6,0,9,0
3/11/2017,70,55,62.5,1.4,2,0,0.1
3/12/2017,65,45,55,-6.3,10,0,0.15
3/13/2017,62,45,53.5,-8,11,0,0
3/14/2017,63,43,53,-8.7,12,0,0
3/15/2017,61,41,51,-10.9,14,0,0
3/16/2017,69,39,54,-8,11,0,0
3/17/2017,78,53,65.5,3.3,0,1,0
3/18/2017,82,53,67.5,5.1,0,3,0
3/19/2017,84,62,73,10.4,0,8,0
3/20/2017,83,62,72.5,9.7,0,8,0
3/21/2017,84,66,75,12,0,10,0
3/22/2017,83,60,71.5,8.4,0,7,0
3/23/2017,86,58,72,8.7,0,7,0
3/24/2017,82,68,75,11.5,0,10,0
3/25/2017,75,61,68,4.3,0,3,0.96
3/26/2017,84,62,73,9.1,0,8,0
3/27/2017,84,67,75.5,11.5,0,11,0
3/28/2017,86,69,77.5,13.3,0,13,0
3/29/2017,86,67,76.5,12.1,0,12,0.04
3/30/2017,73,62,67.5,2.9,0,3,1.21
3/31/2017,84,54,69,4.2,0,4,0
4/1/2017,85,57,71,6,0,6,0
4/2/2017,81,59,70,4.8,0,5,0.08
4/3/2017,80,62,71,5.7,0,6,3.69
4/4/2017,87,57,72,6.5,0,7,0
4/5/2017,85,57,71,5.3,0,6,0
4/6/2017,73,50,61.5,-4.4,3,0,0
4/7/2017,76,49,62.5,-3.6,2,0,0
4/8/2017,80,47,63.5,-2.8,1,0,0
4/9/2017,81,53,67,0.5,0,2,0
4/10/2017,81,57,69,2.3,0,4,0
4/11/2017,84,62,73,6.1,0,8,0.13
4/12/2017,83,61,72,4.9,0,7,0
4/13/2017,85,58,71.5,4.1,0,7,0
4/14/2017,83,59,71,3.4,0,6,0
4/15/2017,83,61,72,4.2,0,7,0.02
4/16/2017,85,64,74.5,6.5,0,10,0.04
4/17/2017,84,66,75,6.8,0,10,0.22
4/18/2017,85,64,74.5,6,0,10,0
4/19/2017,85,63,74,5.3,0,9,0
4/20/2017,86,67,76.5,7.6,0,12,0.03
4/21/2017,87,64,75.5,6.3,0,11,0
4/22/2017,87,63,75,5.6,0,10,0.33
4/23/2017,67,52,59.5,-10.1,5,0,0
4/24/2017,79,50,64.5,-5.4,0,0,0
4/25/2017,81,52,66.5,-3.6,0,2,0
4/26/2017,86,67,76.5,6.1,0,12,0.03
4/27/2017,82,58,70,-0.6,0,5,0
4/28/2017,89,68,78.5,7.6,0,14,0
4/29/2017,90,77,83.5,12.4,0,19,0
4/30/2017,80,59,69.5,-1.9,0,5,2.83
5/1/2017,81,52,66.5,-5.1,0,2,0
5/2/2017,86,54,70,-1.9,0,5,0
5/3/2017,70,57,63.5,-8.7,1,0,2.34
5/4/2017,64,51,57.5,-14.9,7,0,0.09
5/5/2017,75,52,63.5,-9.2,1,0,0
5/6/2017,79,49,64,-8.9,1,0,0
5/7/2017,84,53,68.5,-4.7,0,4,0
5/8/2017,85,57,71,-2.5,0,6,0
5/9/2017,85,57,71,-2.7,0,6,0
5/10/2017,85,60,72.5,-1.5,0,8,0
5/11/2017,85,66,75.5,1.2,0,11,0
5/12/2017,83,65,74,-0.5,0,9,1.11
5/13/2017,79,63,71,-3.8,0,6,0
5/14/2017,86,58,72,-3,0,7,0
5/15/2017,88,63,75.5,0.2,0,11,0
5/16/2017,88,63,75.5,0,0,11,0
5/17/2017,87,69,78,2.2,0,13,0
5/18/2017,90,70,80,4,0,15,0
5/19/2017,91,75,83,6.7,0,18,0
5/20/2017,90,68,79,2.5,0,14,0.68
5/21/2017,85,67,76,-0.8,0,11,1.53
5/22/2017,75,67,71,-6,0,6,0.76
5/23/2017,81,68,74.5,-2.7,0,10,0.19
5/24/2017,77,59,68,-9.5,0,3,0
5/25/2017,84,54,69,-8.7,0,4,0
5/26/2017,87,67,77,-0.9,0,12,0
5/27/2017,90,76,83,4.9,0,18,0
5/28/2017,88,70,79,0.7,0,14,0.01
5/29/2017,83,67,75,-3.5,0,10,0.03
5/30/2017,76,69,72.5,-6.2,0,8,2.01
5/31/2017,87,70,78.5,-0.4,0,14,0.33
6/1/2017,84,70,77,-2.1,0,12,2.04
6/2/2017,88,71,79.5,0.2,0,15,0.01
6/3/2017,86,73,79.5,0,0,15,0
6/4/2017,87,72,79.5,-0.1,0,15,0
6/5/2017,85,71,78,-1.8,0,13,0.41
6/6/2017,82,71,76.5,-3.5,0,12,0.66
6/7/2017,87,66,76.5,-3.6,0,12,0
6/8/2017,85,62,73.5,-6.8,0,9,0
6/9/2017,86,60,73,-7.4,0,8,0
6/10/2017,89,66,77.5,-3,0,13,0
6/11/2017,89,69,79,-1.7,0,14,0.29
6/12/2017,88,72,80,-0.8,0,15,0.01
6/13/2017,91,71,81,0.1,0,16,0.89
6/14/2017,91,72,81.5,0.5,0,17,0
6/15/2017,92,74,83,1.9,0,18,0
6/16/2017,92,75,83.5,2.3,0,19,0
6/17/2017,90,74,82,0.7,0,17,0.06
6/18/2017,90,70,80,-1.4,0,15,0.02
6/19/2017,92,69,80.5,-1,0,16,0.07
6/20/2017,81,71,76,-5.6,0,11,0.08
6/21/2017,82,71,76.5,-5.2,0,12,1.34
6/22/2017,86,77,81.5,-0.3,0,17,0.6
6/23/2017,90,78,84,2.2,0,19,0.12
6/24/2017,90,75,82.5,0.6,0,18,0.89
6/25/2017,88,73,80.5,-1.5,0,16,0
6/26/2017,88,69,78.5,-3.5,0,14,0
6/27/2017,88,72,80,-2.1,0,15,0
6/28/2017,84,71,77.5,-4.7,0,13,0.05
6/29/2017,78,71,74.5,-7.7,0,10,2.02
6/30/2017,92,73,82.5,0.2,0,18,0
7/1/2017,93,78,85.5,3.2,0,21,0
7/2/2017,94,73,83.5,1.1,0,19,0
7/3/2017,92,77,84.5,2.1,0,20,0
7/4/2017,92,76,84,1.5,0,19,0
7/5/2017,93,77,85,2.5,0,20,0.2
7/6/2017,92,74,83,0.5,0,18,0
7/7/2017,93,74,83.5,0.9,0,19,0.22
7/8/2017,91,75,83,0.4,0,18,0.01
7/9/2017,93,72,82.5,-0.2,0,18,0.14
7/10/2017,91,70,80.5,-2.2,0,16,1.35
7/11/2017,91,72,81.5,-1.2,0,17,1.2
7/12/2017,90,73,81.5,-1.3,0,17,0.18
7/13/2017,93,73,83,0.2,0,18,0.12
7/14/2017,93,72,82.5,-0.3,0,18,0
7/15/2017,91,73,82,-0.9,0,17,1.88
7/16/2017,94,73,83.5,0.6,0,19,0
7/17/2017,91,74,82.5,-0.4,0,18,0
7/18/2017,94,75,84.5,1.5,0,20,0
7/19/2017,96,74,85,2,0,20,0
7/20/2017,97,75,86,3,0,21,0
7/21/2017,96,75,85.5,2.5,0,21,0
7/22/2017,89,74,81.5,-1.6,0,17,0.04
7/23/2017,84,74,79,-4.1,0,14,0.31
7/24/2017,89,74,81.5,-1.6,0,17,0.34
7/25/2017,89,75,82,-1.1,0,17,0
7/26/2017,96,74,85,1.9,0,20,0
7/27/2017,94,74,84,0.8,0,19,0
7/28/2017,94,76,85,1.8,0,20,0
7/29/2017,83,77,80,-3.2,0,15,0.45
7/30/2017,90,73,81.5,-1.7,0,17,0
7/31/2017,91,70,80.5,-2.7,0,16,0
8/1/2017,91,73,82,-1.2,0,17,0
8/2/2017,88,72,80,-3.2,0,15,0
8/3/2017,83,73,78,-5.2,0,13,0.01
8/4/2017,93,74,83.5,0.3,0,19,0.03
8/5/2017,92,74,83,-0.2,0,18,0
8/6/2017,90,75,82.5,-0.7,0,18,0.47
8/7/2017,88,74,81,-2.2,0,16,0.74
8/8/2017,88,73,80.5,-2.7,0,16,0.25
8/9/2017,90,75,82.5,-0.7,0,18,0.02
8/10/2017,92,74,83,-0.1,0,18,1.34
8/11/2017,91,74,82.5,-0.6,0,18,0.12
8/12/2017,90,75,82.5,-0.6,0,18,0
8/13/2017,93,74,83.5,0.4,0,19,0
8/14/2017,92,78,85,2,0,20,0
8/15/2017,91,76,83.5,0.5,0,19,0.06
8/16/2017,89,75,82,-0.9,0,17,0.23
8/17/2017,94,75,84.5,1.6,0,20,0
8/18/2017,94,76,85,2.2,0,20,0
8/19/2017,96,74,85,2.2,0,20,0.77
8/20/2017,94,73,83.5,0.8,0,19,0
8/21/2017,94,74,84,1.4,0,19,0.04
8/22/2017,93,73,83,0.5,0,18,0.43
8/23/2017,93,71,82,-0.5,0,17,0
8/24/2017,91,74,82.5,0.1,0,18,0
8/25/2017,89,73,81,-1.3,0,16,0
8/26/2017,94,74,84,1.8,0,19,0
8/27/2017,83,73,78,-4.1,0,13,0.18
8/28/2017,75,70,72.5,-9.5,0,8,1.44
8/29/2017,81,69,75,-6.9,0,10,1.34
8/30/2017,84,74,79,-2.8,0,14,0.27
8/31/2017,82,72,77,-4.7,0,12,0
9/1/2017,89,70,79.5,-2,0,15,0
9/2/2017,89,69,79,-2.4,0,14,0
9/3/2017,89,69,79,-2.3,0,14,0
9/4/2017,89,69,79,-2.1,0,14,0
9/5/2017,93,71,82,1,0,17,0.03
9/6/2017,82,63,72.5,-8.3,0,8,0
9/7/2017,81,58,69.5,-11.2,0,5,0
9/8/2017,83,58,70.5,-10,0,6,0
9/9/2017,86,60,73,-7.3,0,8,0
9/10/2017,86,63,74.5,-5.6,0,10,0
9/11/2017,83,62,72.5,-7.5,0,8,0
9/12/2017,83,60,71.5,-8.3,0,7,0
9/13/2017,86,61,73.5,-6.1,0,9,0
9/14/2017,88,66,77,-2.4,0,12,0
9/15/2017,92,68,80,0.8,0,15,0
9/16/2017,89,75,82,3.1,0,17,0
9/17/2017,92,72,82,3.3,0,17,0.01
9/18/2017,92,71,81.5,3,0,17,0
9/19/2017,91,74,82.5,4.3,0,18,0
9/20/2017,89,72,80.5,2.5,0,16,0
9/21/2017,93,69,81,3.2,0,16,0.03
9/22/2017,93,69,81,3.5,0,16,0
9/23/2017,92,71,81.5,4.3,0,17,0
9/24/2017,91,67,79,2,0,14,0.01
9/25/2017,89,67,78,1.3,0,13,0
9/26/2017,91,69,80,3.6,0,15,0
9/27/2017,93,71,82,5.9,0,17,0
9/28/2017,93,72,82.5,6.7,0,18,0
9/29/2017,92,70,81,5.5,0,16,0
9/30/2017,91,65,78,2.8,0,13,0
10/1/2017,87,69,78,3.1,0,13,0
10/2/2017,81,68,74.5,-0.1,0,10,0.06
10/3/2017,87,70,78.5,4.3,0,14,0.01
10/4/2017,87,67,77,3.1,0,12,0
10/5/2017,87,64,75.5,1.9,0,11,0
10/6/2017,90,63,76.5,3.3,0,12,0
10/7/2017,86,72,79,6.1,0,14,0.27
10/8/2017,90,72,81,8.5,0,16,0
10/9/2017,88,74,81,8.8,0,16,0.01
10/10/2017,89,75,82,10.2,0,17,1.86
10/11/2017,88,70,79,7.6,0,14,0
10/12/2017,89,67,78,6.9,0,13,0
10/13/2017,90,65,77.5,6.8,0,13,0
10/14/2017,91,69,80,9.7,0,15,0
10/15/2017,89,69,79,9.1,0,14,0.16
10/16/2017,75,54,64.5,-5.1,0,0,0.18
10/17/2017,78,48,63,-6.2,2,0,0
10/18/2017,82,53,67.5,-1.3,0,3,0
10/19/2017,84,55,69.5,1.1,0,5,0
10/20/2017,81,61,71,3,0,6,0
10/21/2017,86,69,77.5,9.9,0,13,0.22
10/22/2017,77,60,68.5,1.2,0,4,0.4
10/23/2017,74,53,63.5,-3.4,1,0,0
10/24/2017,73,53,63,-3.5,2,0,0
10/25/2017,68,44,56,-10.1,9,0,0
10/26/2017,78,44,61,-4.7,4,0,0
10/27/2017,82,50,66,0.6,0,1,0.33
10/28/2017,59,41,50,-15,15,0,0.12
10/29/2017,62,36,49,-15.6,16,0,0
10/30/2017,75,41,58,-6.3,7,0,0
10/31/2017,78,49,63.5,-0.4,1,0,0
11/1/2017,69,60,64.5,0.9,0,0,1.76
11/2/2017,84,68,76,12.8,0,11,0
11/3/2017,85,67,76,13.1,0,11,0
11/4/2017,84,65,74.5,12,0,10,0
11/5/2017,84,65,74.5,12.3,0,10,0
11/6/2017,85,69,77,15.1,0,12,0
11/7/2017,84,68,76,14.4,0,11,0
11/8/2017,71,57,64,2.7,1,0,0
11/9/2017,60,49,54.5,-6.5,10,0,0.03
11/10/2017,70,45,57.5,-3.2,7,0,0
11/11/2017,74,43,58.5,-1.9,6,0,0
11/12/2017,79,55,67,6.9,0,2,0
11/13/2017,75,56,65.5,5.7,0,1,0
11/14/2017,73,50,61.5,2,3,0,0
11/15/2017,76,49,62.5,3.2,2,0,0
11/16/2017,77,53,65,6,0,0,0
11/17/2017,79,54,66.5,7.7,0,2,0
11/18/2017,82,57,69.5,11,0,5,0.04
11/19/2017,63,39,51,-7.3,14,0,0
11/20/2017,62,36,49,-9.1,16,0,0
11/21/2017,68,41,54.5,-3.3,10,0,0.09
11/22/2017,66,43,54.5,-3.1,10,0,0
11/23/2017,62,34,48,-9.4,17,0,0
11/24/2017,66,33,49.5,-7.7,15,0,0
11/25/2017,73,36,54.5,-2.5,10,0,0
11/26/2017,71,42,56.5,-0.3,8,0,0
11/27/2017,70,38,54,-2.6,11,0,0
11/28/2017,75,37,56,-0.4,9,0,0
11/29/2017,78,55,66.5,10.2,0,2,0
11/30/2017,74,53,63.5,7.4,1,0,0.78
12/1/2017,73,48,60.5,4.6,4,0,0
12/2/2017,66,49,57.5,1.7,7,0,0
12/3/2017,72,48,60,4.4,5,0,0
12/4/2017,79,53,66,10.6,0,1,0.01
12/5/2017,82,49,65.5,10.2,0,1,1.29
12/6/2017,49,40,44.5,-10.6,20,0,0.92
12/7/2017,44,37,40.5,-14.5,24,0,0.9
12/8/2017,37,33,35,-19.8,30,0,0.14
12/9/2017,52,29,40.5,-14.2,24,0,0
12/10/2017,59,30,44.5,-10,20,0,0
12/11/2017,70,35,52.5,-1.9,12,0,0
12/12/2017,62,36,49,-5.2,16,0,0
12/13/2017,61,31,46,-8.1,19,0,0
12/14/2017,64,37,50.5,-3.5,14,0,0
12/15/2017,50,37,43.5,-10.3,21,0,0
12/16/2017,60,39,49.5,-4.2,15,0,0
12/17/2017,66,56,61,7.4,4,0,1.12
12/18/2017,67,62,64.5,11.1,0,0,0.14
12/19/2017,75,64,69.5,16.2,0,5,0.03
12/20/2017,77,54,65.5,12.3,0,1,0.38
12/21/2017,78,47,62.5,9.4,2,0,0
12/22/2017,81,68,74.5,21.5,0,10,0
12/23/2017,73,47,60,7.2,5,0,0.14
12/24/2017,62,44,53,0.3,12,0,0
12/25/2017,53,35,44,-8.6,21,0,0
12/26/2017,54,40,47,-5.5,18,0,0.1
12/27/2017,44,40,42,-10.4,23,0,0.67
12/28/2017,46,37,41.5,-10.8,23,0,0.1
12/29/2017,55,32,43.5,-8.7,21,0,0
12/30/2017,63,49,56,3.9,9,0,0
12/31/2017,49,26,37.5,-14.6,27,0,0.01
1/1/2018,35,22,28.5,-23.5,36,0,0
1/2/2018,38,20,29,-22.9,36,0,0
1/3/2018,43,28,35.5,-16.3,29,0,0
1/4/2018,49,22,35.5,-16.3,29,0,0
1/5/2018,52,26,39,-12.7,26,0,0
1/6/2018,61,27,44,-7.7,21,0,0
1/7/2018,62,40,51,-0.6,14,0,0.49
1/8/2018,59,52,55.5,3.9,9,0,0.87
1/9/2018,57,49,53,1.4,12,0,0
1/10/2018,70,55,62.5,10.9,2,0,0
1/11/2018,72,56,64,12.5,1,0,0.57
1/12/2018,57,33,45,-6.5,20,0,0
1/13/2018,46,28,37,-14.6,28,0,0
1/14/2018,52,23,37.5,-14.1,27,0,0
1/15/2018,59,27,43,-8.6,22,0,0
1/16/2018,43,23,33,-18.6,32,0,0.13
1/17/2018,35,14,24.5,-27.2,40,0,0
1/18/2018,45,17,31,-20.7,34,0,0
1/19/2018,55,29,42,-9.8,23,0,0
1/20/2018,67,39,53,1.2,12,0,0.09
1/21/2018,73,50,61.5,9.6,3,0,0
1/22/2018,72,50,61,9,4,0,0.51
1/23/2018,64,40,52,-0.1,13,0,0
1/24/2018,60,35,47.5,-4.7,17,0,0
1/25/2018,64,32,48,-4.3,17,0,0
1/26/2018,65,39,52,-0.4,13,0,0
1/27/2018,63,58,60.5,8,4,0,4.49
1/28/2018,65,56,60.5,7.8,4,0,0.02
1/29/2018,66,42,54,1.2,11,0,0
1/30/2018,58,34,46,-6.9,19,0,0
1/31/2018,65,32,48.5,-4.6,16,0,0
2/1/2018,72,54,63,9.8,2,0,0.04
2/2/2018,59,44,51.5,-1.9,13,0,0
2/3/2018,57,39,48,-5.6,17,0,0.08
2/4/2018,66,46,56,2.2,9,0,0.12
2/5/2018,64,42,53,-0.9,12,0,0
2/6/2018,70,54,62,7.9,3,0,0.02
2/7/2018,71,42,56.5,2.2,8,0,1
2/8/2018,67,39,53,-1.5,12,0,0
2/9/2018,76,49,62.5,7.8,2,0,0
2/10/2018,70,63,66.5,11.6,0,2,1.09
2/11/2018,70,50,60,4.9,5,0,0.39
2/12/2018,50,42,46,-9.4,19,0,0
2/13/2018,72,45,58.5,2.9,6,0,0
2/14/2018,82,58,70,14.2,0,5,0
2/15/2018,83,66,74.5,18.5,0,10,0
2/16/2018,83,68,75.5,19.3,0,11,0
2/17/2018,82,62,72,15.6,0,7,0.02
2/18/2018,80,60,70,13.3,0,5,0
2/19/2018,84,62,73,16.1,0,8,0
2/20/2018,87,67,77,19.9,0,12,0
2/21/2018,86,71,78.5,21.2,0,14,0
2/22/2018,87,70,78.5,21,0,14,0
2/23/2018,76,67,71.5,13.7,0,7,0.07
2/24/2018,84,68,76,18,0,11,0
2/25/2018,74,58,66,7.8,0,1,0.77
2/26/2018,71,58,64.5,6.1,0,0,0.42
2/27/2018,76,55,65.5,6.9,0,1,0
2/28/2018,83,68,75.5,16.6,0,11,0
3/1/2018,81,58,69.5,10.4,0,5,0.01
3/2/2018,74,52,63,3.7,2,0,0
3/3/2018,75,44,59.5,0,5,0,0
3/4/2018,77,46,61.5,1.8,3,0,0
3/5/2018,81,53,67,7.1,0,2,0.08
3/6/2018,70,50,60,-0.1,5,0,2.14
3/7/2018,58,41,49.5,-10.8,15,0,0
3/8/2018,65,41,53,-7.5,12,0,0
3/9/2018,69,41,55,-5.7,10,0,0
3/10/2018,80,54,67,6.1,0,2,0.03
3/11/2018,72,58,65,3.9,0,0,0.69
3/12/2018,63,43,53,-8.3,12,0,0
3/13/2018,65,39,52,-9.5,13,0,0
3/14/2018,67,37,52,-9.7,13,0,0
3/15/2018,71,37,54,-7.9,11,0,0
3/16/2018,74,58,66,4,0,1,0.27
3/17/2018,81,67,74,11.8,0,9,0
3/18/2018,79,67,73,10.6,0,8,1.18
3/19/2018,85,65,75,12.4,0,10,0
3/20/2018,66,49,57.5,-5.3,7,0,0
3/21/2018,68,45,56.5,-6.5,8,0,0
3/22/2018,74,41,57.5,-5.6,7,0,0
3/23/2018,77,46,61.5,-1.8,3,0,0
3/24/2018,79,58,68.5,5,0,4,0
3/25/2018,84,66,75,11.3,0,10,0
3/26/2018,84,62,73,9.1,0,8,0
3/27/2018,81,68,74.5,10.5,0,10,0
3/28/2018,85,69,77,12.8,0,12,0
3/29/2018,71,58,64.5,0.1,0,0,0.68
3/30/2018,74,51,62.5,-2.1,2,0,0
3/31/2018,77,48,62.5,-2.3,2,0,0
4/1/2018,78,50,64,-1,1,0,0
4/2/2018,83,57,70,4.8,0,5,0
4/3/2018,85,65,75,9.7,0,10,0.28
4/4/2018,72,50,61,-4.5,4,0,0.21
4/5/2018,73,44,58.5,-7.2,6,0,0
4/6/2018,78,56,67,1.1,0,2,0
4/7/2018,72,44,58,-8.1,7,0,2.28
4/8/2018,57,42,49.5,-16.8,15,0,0
4/9/2018,71,54,62.5,-4,2,0,0
4/10/2018,75,52,63.5,-3.2,1,0,0
4/11/2018,77,44,60.5,-6.4,4,0,0
4/12/2018,81,49,65,-2.1,0,0,0
4/13/2018,82,64,73,5.6,0,8,0
4/14/2018,75,51,63,-4.6,2,0,2.04
4/15/2018,61,46,53.5,-14.3,11,0,0
4/16/2018,71,42,56.5,-11.5,8,0,0
4/17/2018,80,47,63.5,-4.7,1,0,0
4/18/2018,82,60,71,2.5,0,6,0
4/19/2018,75,52,63.5,-5.2,1,0,0
4/20/2018,70,45,57.5,-11.4,7,0,0
4/21/2018,80,49,64.5,-4.7,0,0,0
4/22/2018,78,56,67,-2.4,0,2,0.35
4/23/2018,72,52,62,-7.6,3,0,0
4/24/2018,79,54,66.5,-3.4,0,2,0
4/25/2018,82,54,68,-2.1,0,3,0
4/26/2018,71,54,62.5,-7.9,2,0,0.29
4/27/2018,76,51,63.5,-7.1,1,0,0
4/28/2018,82,52,67,-3.9,0,2,0
4/29/2018,85,57,71,-0.1,0,6,0
4/30/2018,84,58,71,-0.4,0,6,0
5/1/2018,87,56,71.5,-0.1,0,7,0
5/2/2018,90,69,79.5,7.6,0,15,0
5/3/2018,87,66,76.5,4.3,0,12,0
5/4/2018,85,66,75.5,3.1,0,11,0
5/5/2018,76,62,69,-3.7,0,4,0.26
5/6/2018,87,59,73,0.1,0,8,0
5/7/2018,90,60,75,1.8,0,10,0
5/8/2018,91,64,77.5,4,0,13,0
5/9/2018,90,66,78,4.3,0,13,0
5/10/2018,88,63,75.5,1.5,0,11,0
5/11/2018,90,63,76.5,2.2,0,12,0
5/12/2018,90,64,77,2.5,0,12,0.01
5/13/2018,92,68,80,5.2,0,15,0
5/14/2018,94,69,81.5,6.5,0,17,0
5/15/2018,96,71,83.5,8.2,0,19,0
5/16/2018,93,72,82.5,7,0,18,0
5/17/2018,93,72,82.5,6.7,0,18,0
5/18/2018,91,69,80,4,0,15,0.92
5/19/2018,91,68,79.5,3.2,0,15,0
5/20/2018,92,70,81,4.5,0,16,0
5/21/2018,93,68,80.5,3.7,0,16,0.85
5/22/2018,93,71,82,5,0,17,0.02
5/23/2018,93,70,81.5,4.3,0,17,0
5/24/2018,90,71,80.5,3,0,16,0.75
5/25/2018,91,70,80.5,2.8,0,16,0.33
5/26/2018,90,70,80,2.1,0,15,0
5/27/2018,90,69,79.5,1.4,0,15,0
5/28/2018,91,69,80,1.7,0,15,0.36
5/29/2018,92,71,81.5,3,0,17,0
5/30/2018,92,77,84.5,5.8,0,20,0
5/31/2018,93,74,83.5,4.6,0,19,0
6/1/2018,93,75,84,4.9,0,19,0
6/2/2018,94,76,85,5.7,0,20,0
6/3/2018,92,75,83.5,4,0,19,0
6/4/2018,93,75,84,4.4,0,19,0
6/5/2018,87,67,77,-2.8,0,12,1.47
6/6/2018,89,66,77.5,-2.5,0,13,0
6/7/2018,94,68,81,0.9,0,16,0
6/8/2018,92,72,82,1.7,0,17,0
6/9/2018,93,70,81.5,1.1,0,17,0
6/10/2018,87,73,80,-0.5,0,15,0.06
6/11/2018,92,74,83,2.3,0,18,0
6/12/2018,94,70,82,1.2,0,17,1.9
6/13/2018,92,70,81,0.1,0,16,0
6/14/2018,94,72,83,2,0,18,0.48
6/15/2018,92,71,81.5,0.4,0,17,0
6/16/2018,92,73,82.5,1.3,0,18,0
6/17/2018,91,74,82.5,1.2,0,18,0.07
6/18/2018,79,73,76,-5.4,0,11,0.7
6/19/2018,89,74,81.5,0,0,17,0.07
6/20/2018,89,74,81.5,-0.1,0,17,0.51
6/21/2018,87,75,81,-0.7,0,16,0
6/22/2018,93,76,84.5,2.7,0,20,0
6/23/2018,93,78,85.5,3.7,0,21,0
6/24/2018,93,78,85.5,3.6,0,21,0
6/25/2018,95,77,86,4,0,21,0
6/26/2018,95,76,85.5,3.5,0,21,1.1
6/27/2018,95,76,85.5,3.4,0,21,0
6/28/2018,94,79,86.5,4.3,0,22,0
6/29/2018,95,77,86,3.8,0,21,0
6/30/2018,95,77,86,3.7,0,21,0
7/1/2018,95,76,85.5,3.2,0,21,0
7/2/2018,95,74,84.5,2.1,0,20,0.01
7/3/2018,87,74,80.5,-1.9,0,16,0.64
7/4/2018,93,74,83.5,1,0,19,0
7/5/2018,92,74,83,0.5,0,18,0.46
7/6/2018,92,73,82.5,0,0,18,0
7/7/2018,91,73,82,-0.6,0,17,1.98
7/8/2018,87,73,80,-2.6,0,15,0.46
7/9/2018,87,72,79.5,-3.2,0,15,0.02
7/10/2018,91,72,81.5,-1.2,0,17,0
7/11/2018,92,75,83.5,0.8,0,19,0.17
7/12/2018,92,73,82.5,-0.3,0,18,0.03
7/13/2018,96,75,85.5,2.7,0,21,0
7/14/2018,94,77,85.5,2.7,0,21,0
7/15/2018,93,77,85,2.1,0,20,0
7/16/2018,93,78,85.5,2.6,0,21,0
7/17/2018,87,80,83.5,0.6,0,19,0
7/18/2018,92,77,84.5,1.5,0,20,0.02
7/19/2018,93,77,85,2,0,20,0
7/20/2018,95,78,86.5,3.5,0,22,0
7/21/2018,94,78,86,3,0,21,0
7/22/2018,96,78,87,3.9,0,22,0
7/23/2018,96,79,87.5,4.4,0,23,0.01
7/24/2018,93,73,83,-0.1,0,18,0
7/25/2018,95,72,83.5,0.4,0,19,0
7/26/2018,97,71,84,0.9,0,19,0
7/27/2018,98,73,85.5,2.3,0,21,0
7/28/2018,97,75,86,2.8,0,21,0.36
7/29/2018,94,74,84,0.8,0,19,0.02
7/30/2018,95,73,84,0.8,0,19,0.02
7/31/2018,90,72,81,-2.2,0,16,0.04
8/1/2018,91,70,80.5,-2.7,0,16,0
8/2/2018,93,70,81.5,-1.7,0,17,1.19
8/3/2018,91,71,81,-2.2,0,16,0
8/4/2018,87,73,80,-3.2,0,15,0.25
8/5/2018,93,72,82.5,-0.7,0,18,0
8/6/2018,92,74,83,-0.2,0,18,0
8/7/2018,94,73,83.5,0.3,0,19,0.06
8/8/2018,95,71,83,-0.2,0,18,1.19
8/9/2018,93,72,82.5,-0.7,0,18,0
8/10/2018,89,74,81.5,-1.6,0,17,0.05
8/11/2018,88,73,80.5,-2.6,0,16,0.02
8/12/2018,93,73,83,-0.1,0,18,0.4
8/13/2018,93,71,82,-1.1,0,17,0
8/14/2018,94,73,83.5,0.5,0,19,0
8/15/2018,96,75,85.5,2.5,0,21,0
8/16/2018,95,74,84.5,1.6,0,20,0.05
8/17/2018,91,73,82,-0.9,0,17,1.48
8/18/2018,94,76,85,2.2,0,20,0
8/19/2018,92,75,83.5,0.7,0,19,1.02
8/20/2018,92,76,84,1.3,0,19,0
8/21/2018,94,76,85,2.4,0,20,0
8/22/2018,92,74,83,0.5,0,18,0
8/23/2018,92,70,81,-1.5,0,16,0
8/24/2018,95,71,83,0.6,0,18,0
8/25/2018,93,72,82.5,0.2,0,18,0
8/26/2018,93,74,83.5,1.3,0,19,0.08
8/27/2018,94,74,84,1.9,0,19,0.04
8/28/2018,92,73,82.5,0.5,0,18,0
8/29/2018,90,72,81,-0.9,0,16,0.51
8/30/2018,92,71,81.5,-0.3,0,17,0.62
8/31/2018,89,73,81,-0.7,0,16,0
9/1/2018,87,75,81,-0.5,0,16,0.16
9/2/2018,83,74,78.5,-2.9,0,14,0.09
9/3/2018,88,75,81.5,0.2,0,17,0.64
9/4/2018,90,72,81,-0.1,0,16,0
9/5/2018,88,71,79.5,-1.5,0,15,0
9/6/2018,87,74,80.5,-0.3,0,16,0.15
9/7/2018,88,73,80.5,-0.2,0,16,0.15
9/8/2018,90,71,80.5,0,0,16,0
9/9/2018,90,73,81.5,1.2,0,17,0
9/10/2018,91,73,82,1.9,0,17,0.33
9/11/2018,88,73,80.5,0.5,0,16,0.45
9/12/2018,91,72,81.5,1.7,0,17,0
9/13/2018,93,75,84,4.4,0,19,0
9/14/2018,95,73,84,4.6,0,19,0
9/15/2018,96,74,85,5.8,0,20,0
9/16/2018,95,74,84.5,5.6,0,20,0
9/17/2018,96,74,85,6.3,0,20,0
9/18/2018,98,76,87,8.5,0,22,0.16
9/19/2018,97,75,86,7.8,0,21,0
9/20/2018,92,72,82,4,0,17,0.15
9/21/2018,91,74,82.5,4.7,0,18,0.03
9/22/2018,91,73,82,4.5,0,17,0
9/23/2018,90,71,80.5,3.3,0,16,0
9/24/2018,89,73,81,4,0,16,0.47
9/25/2018,87,73,80,3.3,0,15,0.02
9/26/2018,84,75,79.5,3.1,0,15,0
9/27/2018,84,71,77.5,1.4,0,13,0.34
9/28/2018,83,69,76,0.2,0,11,0
9/29/2018,84,70,77,1.5,0,12,0.11
9/30/2018,83,73,78,2.8,0,13,0.13
10/1/2018,90,72,81,6.1,0,16,0.25
10/2/2018,92,72,82,7.4,0,17,0
10/3/2018,91,71,81,6.8,0,16,0
10/4/2018,92,72,82,8.1,0,17,0
10/5/2018,91,70,80.5,6.9,0,16,0
10/6/2018,88,72,80,6.8,0,15,0.01
10/7/2018,90,72,81,8.1,0,16,0
10/8/2018,89,72,80.5,8,0,16,0
10/9/2018,86,73,79.5,7.3,0,15,0.02
10/10/2018,88,68,78,6.2,0,13,0
10/11/2018,81,60,70.5,-0.9,0,6,0
10/12/2018,81,53,67,-4.1,0,2,0
10/13/2018,87,58,72.5,1.8,0,8,0
10/14/2018,90,67,78.5,8.2,0,14,0
10/15/2018,90,70,80,10.1,0,15,1.81
10/16/2018,75,66,70.5,0.9,0,6,0.54
10/17/2018,69,64,66.5,-2.7,0,2,0.29
10/18/2018,81,61,71,2.2,0,6,0
10/19/2018,87,60,73.5,5.1,0,9,0
10/20/2018,82,64,73,5,0,8,0.1
10/21/2018,73,50,61.5,-6.1,3,0,0
10/22/2018,74,47,60.5,-6.8,4,0,0
10/23/2018,70,61,65.5,-1.4,0,1,0.01
10/24/2018,75,59,67,0.5,0,2,0.11
10/25/2018,77,61,69,2.9,0,4,0.73
10/26/2018,68,54,61,-4.7,4,0,0
10/27/2018,75,48,61.5,-3.9,3,0,0
10/28/2018,83,55,69,4,0,4,0
10/29/2018,84,61,72.5,7.9,0,8,0
10/30/2018,81,58,69.5,5.2,0,5,0
10/31/2018,82,67,74.5,10.6,0,10,0.06
11/1/2018,76,55,65.5,1.9,0,1,1.55
11/2/2018,66,51,58.5,-4.7,6,0,0
11/3/2018,75,47,61,-1.9,4,0,0
11/4/2018,67,58,62.5,0,2,0,0.64
11/5/2018,82,59,70.5,8.3,0,6,0
11/6/2018,82,68,75,13.1,0,10,0.01
11/7/2018,80,70,75,13.4,0,10,1.4
11/8/2018,72,64,68,6.7,0,3,0.01
11/9/2018,65,47,56,-5,9,0,0.62
11/10/2018,56,42,49,-11.7,16,0,0
11/11/2018,64,42,53,-7.4,12,0,0
11/12/2018,61,48,54.5,-5.6,10,0,0.78
11/13/2018,48,37,42.5,-17.3,22,0,0.02
11/14/2018,40,33,36.5,-23,28,0,0
11/15/2018,54,30,42,-17.3,23,0,0
11/16/2018,66,33,49.5,-9.5,15,0,0
11/17/2018,68,36,52,-6.8,13,0,0
11/18/2018,72,40,56,-2.5,9,0,0
11/19/2018,70,49,59.5,1.2,5,0,0.06
11/20/2018,63,44,53.5,-4.6,11,0,0.03
11/21/2018,63,39,51,-6.8,14,0,0
11/22/2018,66,42,54,-3.6,11,0,0
11/23/2018,64,43,53.5,-3.9,11,0,0.04
11/24/2018,73,53,63,5.8,2,0,0
11/25/2018,77,54,65.5,8.5,0,1,0.04
11/26/2018,57,39,48,-8.8,17,0,0
11/27/2018,56,35,45.5,-11.1,19,0,0
11/28/2018,62,34,48,-8.4,17,0,0
11/29/2018,71,52,61.5,5.2,3,0,0.01
11/30/2018,80,65,72.5,16.4,0,8,0.45
12/1/2018,80,58,69,13.1,0,4,0.25
12/2/2018,79,48,63.5,7.7,1,0,0
12/3/2018,68,48,58,2.4,7,0,0
12/4/2018,57,38,47.5,-7.9,17,0,0
12/5/2018,58,34,46,-9.3,19,0,0
12/6/2018,58,36,47,-8.1,18,0,0
12/7/2018,67,47,57,2,8,0,0
12/8/2018,59,47,53,-1.8,12,0,1.94
12/9/2018,47,40,43.5,-11.2,21,0,0
12/10/2018,54,33,43.5,-11,21,0,0
12/11/2018,59,27,43,-11.4,22,0,0
12/12/2018,64,30,47,-7.2,18,0,0
12/13/2018,65,52,58.5,4.4,6,0,1.45
12/14/2018,61,48,54.5,0.5,10,0,0.04
12/15/2018,51,48,49.5,-4.3,15,0,0
12/16/2018,57,45,51,-2.7,14,0,0
12/17/2018,61,42,51.5,-2.1,13,0,0
12/18/2018,65,38,51.5,-1.9,13,0,0
12/19/2018,56,46,51,-2.3,14,0,0.6
12/20/2018,53,49,51,-2.2,14,0,0.25
12/21/2018,57,38,47.5,-5.6,17,0,0
12/22/2018,67,32,49.5,-3.5,15,0,0
12/23/2018,73,50,61.5,8.7,3,0,0
12/24/2018,65,41,53,0.3,12,0,0
12/25/2018,74,47,60.5,7.9,4,0,0
12/26/2018,69,58,63.5,11,1,0,0.24
12/27/2018,71,63,67,14.6,0,2,4.26
12/28/2018,64,53,58.5,6.2,6,0,0.18
12/29/2018,54,50,52,-0.2,13,0,0.04
12/30/2018,69,50,59.5,7.4,5,0,0.03
12/31/2018,79,62,70.5,18.4,0,6,0.36
1/1/2019,68,56,62,10,3,0,0
1/2/2019,60,51,55.5,3.6,9,0,0.24
1/3/2019,64,51,57.5,5.7,7,0,2.29
1/4/2019,53,41,47,-4.8,18,0,0
1/5/2019,64,37,50.5,-1.2,14,0,0
1/6/2019,69,37,53,1.3,12,0,0
1/7/2019,72,42,57,5.4,8,0,0
1/8/2019,76,57,66.5,14.9,0,2,0
1/9/2019,62,39,50.5,-1.1,14,0,0
1/10/2019,60,33,46.5,-5.1,18,0,0
1/11/2019,62,36,49,-2.5,16,0,0
1/12/2019,69,49,59,7.5,6,0,0.16
1/13/2019,52,41,46.5,-5.1,18,0,0
1/14/2019,44,41,42.5,-9.1,22,0,0
1/15/2019,49,39,44,-7.6,21,0,0
1/16/2019,61,42,51.5,-0.1,13,0,0
1/17/2019,68,50,59,7.3,6,0,0.01
1/18/2019,68,58,63,11.3,2,0,0.01
1/19/2019,69,38,53.5,1.7,11,0,0.39
1/20/2019,49,32,40.5,-11.3,24,0,0
1/21/2019,55,29,42,-9.9,23,0,0
1/22/2019,71,48,59.5,7.5,5,0,0
1/23/2019,67,34,50.5,-1.6,14,0,0.26
1/24/2019,57,31,44,-8.2,21,0,0
1/25/2019,63,32,47.5,-4.8,17,0,0
1/26/2019,69,35,52,-0.4,13,0,0
1/27/2019,,41,,,,,0
1/28/2019,,41,,,,,0
1/29/2019,55,35,45,-7.8,20,0,0.12
1/30/2019,53,33,43,-9.9,22,0,0
1/31/2019,63,35,49,-4.1,16,0,0
2/1/2019,67,50,58.5,5.3,6,0,0
2/2/2019,73,45,59,5.6,6,0,0
2/3/2019,71,48,59.5,5.9,5,0,0
2/4/2019,77,59,68,14.2,0,3,0
2/5/2019,77,66,71.5,17.6,0,7,0.02
2/6/2019,82,70,76,21.9,0,11,0
2/7/2019,82,57,69.5,15.2,0,5,0.02
2/8/2019,57,42,49.5,-5,15,0,0
2/9/2019,63,40,51.5,-3.2,13,0,0
2/10/2019,71,51,61,6.1,4,0,0
2/11/2019,78,61,69.5,14.4,0,5,0
2/12/2019,70,42,56,0.6,9,0,0.53
2/13/2019,65,36,50.5,-5.1,14,0,0
2/14/2019,72,42,57,1.2,8,0,0
2/15/2019,72,63,67.5,11.5,0,3,0
2/16/2019,73,64,68.5,12.3,0,4,0
2/17/2019,81,53,67,10.6,0,2,0
2/18/2019,60,49,54.5,-2.2,10,0,0
2/19/2019,65,53,59,2.1,6,0,0.03
2/20/2019,72,54,63,5.9,2,0,0.72
2/21/2019,80,55,67.5,10.2,0,3,0.04
2/22/2019,83,62,72.5,15,0,8,0.01
2/23/2019,81,63,72,14.2,0,7,0.41
2/24/2019,68,48,58,0,7,0,0
2/25/2019,64,44,54,-4.2,11,0,0.04
2/26/2019,66,49,57.5,-0.9,7,0,0.44
2/27/2019,75,58,66.5,7.9,0,2,0.2
2/28/2019,76,64,70,11.1,0,5,0.14
3/1/2019,75,59,67,7.9,0,2,0.01
3/2/2019,72,63,67.5,8.2,0,3,0
3/3/2019,75,44,59.5,0,5,0,0.69
3/4/2019,48,34,41,-18.7,24,0,0.04
3/5/2019,51,29,40,-19.9,25,0,0
3/6/2019,57,30,43.5,-16.6,21,0,0
3/7/2019,63,37,50,-10.3,15,0,0
3/8/2019,77,55,66,5.5,0,1,0
3/9/2019,81,67,74,13.3,0,9,0
3/10/2019,83,69,76,15.1,0,11,0
3/11/2019,81,62,71.5,10.4,0,7,0
3/12/2019,79,58,68.5,7.2,0,4,0
3/13/2019,85,62,73.5,12,0,9,0
3/14/2019,81,63,72,10.3,0,7,0.07
3/15/2019,65,51,58,-3.9,7,0,0.1
3/16/2019,63,50,56.5,-5.5,8,0,0
3/17/2019,63,43,53,-9.2,12,0,0
3/18/2019,67,42,54.5,-7.9,10,0,0
3/19/2019,70,44,57,-5.6,8,0,0
3/20/2019,70,38,54,-8.8,11,0,0
3/21/2019,72,42,57,-6,8,0,0
3/22/2019,76,44,60,-3.1,5,0,0
3/23/2019,77,47,62,-1.3,3,0,0
3/24/2019,79,49,64,0.5,1,0,0
3/25/2019,82,61,71.5,7.8,0,7,0.05
3/26/2019,72,50,61,-2.9,4,0,0
3/27/2019,76,44,60,-4,5,0,0
3/28/2019,76,45,60.5,-3.7,4,0,0
3/29/2019,79,50,64.5,0.1,0,0,0.02
3/30/2019,82,57,69.5,4.9,0,5,0.12
3/31/2019,57,44,50.5,-14.3,14,0,0.07
4/1/2019,67,38,52.5,-12.5,12,0,0
4/2/2019,69,39,54,-11.2,11,0,0
4/3/2019,75,42,58.5,-6.8,6,0,0
4/4/2019,63,61,62,-3.5,3,0,2
4/5/2019,79,62,70.5,4.8,0,6,0
4/6/2019,86,68,77,11.1,0,12,0.03
4/7/2019,86,65,75.5,9.4,0,11,1.69
4/8/2019,77,63,70,3.7,0,5,0.07
4/9/2019,84,60,72,5.5,0,7,0
4/10/2019,85,55,70,3.3,0,5,0
4/11/2019,84,62,73,6.1,0,8,0
4/12/2019,80,64,72,4.9,0,7,0
4/13/2019,85,66,75.5,8.1,0,11,1.09
4/14/2019,66,48,57,-10.6,8,0,0
4/15/2019,77,46,61.5,-6.3,3,0,0
4/16/2019,81,49,65,-3,0,0,0
4/17/2019,82,60,71,2.8,0,6,0
4/18/2019,76,59,67.5,-1,0,3,4.82
4/19/2019,68,52,60,-8.7,5,0,0.03
4/20/2019,72,49,60.5,-8.4,4,0,0
4/21/2019,80,47,63.5,-5.7,1,0,0
4/22/2019,81,49,65,-4.4,0,0,0
4/23/2019,79,59,69,-0.6,0,4,0
4/24/2019,83,64,73.5,3.6,0,9,0
4/25/2019,80,63,71.5,1.4,0,7,0.17
4/26/2019,82,56,69,-1.4,0,4,0
4/27/2019,82,53,67.5,-3.1,0,3,0
4/28/2019,84,57,70.5,-0.4,0,6,0
4/29/2019,88,60,74,2.9,0,9,0
4/30/2019,87,65,76,4.6,0,11,0
5/1/2019,90,72,81,9.4,0,16,0
5/2/2019,88,69,78.5,6.6,0,14,0.24
5/3/2019,85,69,77,4.8,0,12,0
5/4/2019,80,68,74,1.6,0,9,1.43
5/5/2019,84,63,73.5,0.8,0,9,0
5/6/2019,87,60,73.5,0.6,0,9,0
5/7/2019,89,68,78.5,5.3,0,14,0
5/8/2019,84,69,76.5,3,0,12,0.19
5/9/2019,85,66,75.5,1.8,0,11,3.64
5/10/2019,81,65,73,-1,0,8,1.2
5/11/2019,81,68,74.5,0.2,0,10,1.54
5/12/2019,81,66,73.5,-1,0,9,0.04
5/13/2019,84,61,72.5,-2.3,0,8,0
5/14/2019,86,58,72,-3,0,7,0
5/15/2019,87,61,74,-1.3,0,9,0
5/16/2019,88,66,77,1.5,0,12,0
5/17/2019,89,62,75.5,-0.3,0,11,0
5/18/2019,89,68,78.5,2.5,0,14,0.09
5/19/2019,82,68,75,-1.3,0,10,1.33
5/20/2019,90,72,81,4.5,0,16,0
5/21/2019,90,75,82.5,5.7,0,18,0
5/22/2019,92,75,83.5,6.5,0,19,0
5/23/2019,92,73,82.5,5.3,0,18,0
5/24/2019,91,71,81,3.5,0,16,0
5/25/2019,92,70,81,3.3,0,16,0
5/26/2019,92,70,81,3.1,0,16,0
5/27/2019,89,69,79,0.9,0,14,0
5/28/2019,91,73,82,3.7,0,17,0
5/29/2019,92,73,82.5,4,0,18,0
5/30/2019,88,70,79,0.3,0,14,0
5/31/2019,94,74,84,5.1,0,19,0
6/1/2019,93,72,82.5,3.4,0,18,0
6/2/2019,95,72,83.5,4.2,0,19,0
6/3/2019,96,74,85,5.5,0,20,0
6/4/2019,95,73,84,4.4,0,19,0
6/5/2019,82,73,77.5,-2.3,0,13,1.75
6/6/2019,87,74,80.5,0.5,0,16,4.09
6/7/2019,89,75,82,1.9,0,17,0
6/8/2019,90,73,81.5,1.2,0,17,0
6/9/2019,91,71,81,0.6,0,16,0
6/10/2019,93,74,83.5,3,0,19,0
6/11/2019,86,68,77,-3.7,0,12,0
6/12/2019,84,66,75,-5.8,0,10,0
6/13/2019,90,65,77.5,-3.4,0,13,0
6/14/2019,90,64,77,-4,0,12,0
6/15/2019,92,72,82,0.9,0,17,0
6/16/2019,93,70,81.5,0.3,0,17,0.18
6/17/2019,88,70,79,-2.3,0,14,0.19
6/18/2019,92,72,82,0.6,0,17,0
6/19/2019,93,77,85,3.5,0,20,0
6/20/2019,94,77,85.5,3.9,0,21,0
6/21/2019,94,80,87,5.3,0,22,0
6/22/2019,95,80,87.5,5.7,0,23,0
6/23/2019,94,80,87,5.2,0,22,0
6/24/2019,84,68,76,-5.9,0,11,0.07
6/25/2019,90,73,81.5,-0.5,0,17,0
6/26/2019,94,72,83,1,0,18,0
6/27/2019,96,73,84.5,2.4,0,20,0.01
6/28/2019,94,68,81,-1.2,0,16,1.11
6/29/2019,91,66,78.5,-3.7,0,14,0
6/30/2019,90,72,81,-1.3,0,16,0
7/1/2019,94,72,83,0.7,0,18,0
7/2/2019,86,74,80,-2.4,0,15,0
7/3/2019,93,75,84,1.6,0,19,0
7/4/2019,96,72,84,1.5,0,19,0
7/5/2019,97,78,87.5,5,0,23,0
7/6/2019,97,76,86.5,4,0,22,0
7/7/2019,96,77,86.5,3.9,0,22,0
7/8/2019,95,77,86,3.4,0,21,0
7/9/2019,96,79,87.5,4.8,0,23,0
7/10/2019,93,77,85,2.3,0,20,0.02
7/11/2019,97,75,86,3.3,0,21,0.1
7/12/2019,90,77,83.5,0.7,0,19,0.03
7/13/2019,80,73,76.5,-6.3,0,12,1.37
7/14/2019,82,73,77.5,-5.3,0,13,2.89
7/15/2019,89,74,81.5,-1.4,0,17,0
7/16/2019,93,79,86,3.1,0,21,0
7/17/2019,95,75,85,2.1,0,20,0
7/18/2019,93,77,85,2,0,20,0
7/19/2019,92,75,83.5,0.5,0,19,0.8
7/20/2019,92,75,83.5,0.5,0,19,0
7/21/2019,90,75,82.5,-0.5,0,18,0.17
7/22/2019,91,73,82,-1.1,0,17,0.02
7/23/2019,85,73,79,-4.1,0,14,0.1
7/24/2019,88,68,78,-5.1,0,13,0
7/25/2019,90,66,78,-5.1,0,13,0
7/26/2019,92,70,81,-2.1,0,16,0
7/27/2019,90,73,81.5,-1.7,0,17,1.05
7/28/2019,89,72,80.5,-2.7,0,16,0.42
7/29/2019,93,72,82.5,-0.7,0,18,0.01
7/30/2019,87,73,80,-3.2,0,15,0.19
7/31/2019,91,72,81.5,-1.7,0,17,0
8/1/2019,93,73,83,-0.2,0,18,0
8/2/2019,93,73,83,-0.2,0,18,0.25
8/3/2019,93,73,83,-0.2,0,18,0
8/4/2019,92,76,84,0.8,0,19,0
8/5/2019,94,74,84,0.8,0,19,0
8/6/2019,94,77,85.5,2.3,0,21,0
8/7/2019,93,79,86,2.8,0,21,0.17
8/8/2019,94,79,86.5,3.3,0,22,0
8/9/2019,95,79,87,3.8,0,22,0
8/10/2019,95,78,86.5,3.4,0,22,0
8/11/2019,94,80,87,3.9,0,22,0
8/12/2019,96,79,87.5,4.4,0,23,0
8/13/2019,97,77,87,3.9,0,22,0.7
8/14/2019,95,77,86,3,0,21,1.44
8/15/2019,95,76,85.5,2.5,0,21,0
8/16/2019,97,76,86.5,3.6,0,22,0
8/17/2019,93,75,84,1.1,0,19,0.01
8/18/2019,93,77,85,2.2,0,20,0
8/19/2019,91,77,84,1.2,0,19,0.17
8/20/2019,93,75,84,1.3,0,19,0
8/21/2019,92,73,82.5,-0.1,0,18,3.56
8/22/2019,94,74,84,1.5,0,19,0
8/23/2019,86,75,80.5,-2,0,16,0
8/24/2019,91,74,82.5,0.1,0,18,0.26
8/25/2019,80,75,77.5,-4.8,0,13,0.14
8/26/2019,88,75,81.5,-0.7,0,17,0.19
8/27/2019,93,76,84.5,2.4,0,20,0
8/28/2019,95,73,84,2,0,19,0.9
8/29/2019,94,73,83.5,1.6,0,19,0
8/30/2019,94,72,83,1.2,0,18,0
8/31/2019,95,72,83.5,1.8,0,19,0
9/1/2019,94,73,83.5,2,0,19,0
9/2/2019,94,74,84,2.6,0,19,0
9/3/2019,94,74,84,2.7,0,19,0
9/4/2019,97,74,85.5,4.4,0,21,0
9/5/2019,96,72,84,3,0,19,0
9/6/2019,99,73,86,5.2,0,21,0
9/7/2019,98,75,86.5,5.8,0,22,0
9/8/2019,98,77,87.5,7,0,23,0
9/9/2019,97,71,84,3.7,0,19,0.64
9/10/2019,95,73,84,3.9,0,19,0
9/11/2019,95,73,84,4,0,19,0
9/12/2019,96,73,84.5,4.7,0,20,0
9/13/2019,97,72,84.5,4.9,0,20,0
9/14/2019,94,72,83,3.6,0,18,0
9/15/2019,94,74,84,4.8,0,19,0
9/16/2019,92,74,83,4.1,0,18,0
9/17/2019,93,74,83.5,4.8,0,19,0.99
9/18/2019,94,73,83.5,5,0,19,0.91
9/19/2019,89,73,81,2.8,0,16,0
9/20/2019,90,72,81,3,0,16,0
9/21/2019,89,70,79.5,1.7,0,15,0
9/22/2019,91,69,80,2.5,0,15,0
9/23/2019,92,70,81,3.8,0,16,0
9/24/2019,91,69,80,3,0,15,0
9/25/2019,92,69,80.5,3.8,0,16,0
9/26/2019,92,69,80.5,4.1,0,16,0
9/27/2019,92,69,80.5,4.4,0,16,0
9/28/2019,93,71,82,6.2,0,17,0
9/29/2019,92,71,81.5,6,0,17,0
9/30/2019,93,71,82,6.8,0,17,0
10/1/2019,96,71,83.5,8.6,0,19,0
10/2/2019,97,72,84.5,9.9,0,20,0
10/3/2019,96,73,84.5,10.3,0,20,0
10/4/2019,97,72,84.5,10.6,0,20,1.49
10/5/2019,93,69,81,7.4,0,16,0
10/6/2019,92,71,81.5,8.3,0,17,0
10/7/2019,88,65,76.5,3.6,0,12,0.14
10/8/2019,84,65,74.5,2,0,10,0
10/9/2019,89,65,77,4.8,0,12,0
10/10/2019,88,70,79,7.2,0,14,0
10/11/2019,89,63,76,4.6,0,11,0.49
10/12/2019,68,57,62.5,-8.6,2,0,0
10/13/2019,84,57,70.5,-0.2,0,6,0
10/14/2019,72,65,68.5,-1.8,0,4,0.85
10/15/2019,86,70,78,8.1,0,13,0.63
10/16/2019,73,55,64,-5.6,1,0,0.56
10/17/2019,66,52,59,-10.2,6,0,0
10/18/2019,76,58,67,-1.8,0,2,0
10/19/2019,84,55,69.5,1.1,0,5,0
10/20/2019,88,62,75,7,0,10,0
10/21/2019,76,64,70,2.4,0,5,0.9
10/22/2019,77,50,63.5,-3.8,1,0,0
10/23/2019,75,46,60.5,-6.4,4,0,0
10/24/2019,72,49,60.5,-6,4,0,0
10/25/2019,72,60,66,-0.1,0,1,1.55
10/26/2019,72,58,65,-0.7,0,0,0.21
10/27/2019,65,56,60.5,-4.9,4,0,0
10/28/2019,76,53,64.5,-0.5,0,0,0
10/29/2019,73,60,66.5,1.9,0,2,0.28
10/30/2019,85,68,76.5,12.2,0,12,0.34
10/31/2019,74,41,57.5,-6.4,7,0,0.37
11/1/2019,61,35,48,-15.6,17,0,0
11/2/2019,65,40,52.5,-10.7,12,0,0
11/3/2019,67,40,53.5,-9.4,11,0,0
11/4/2019,72,41,56.5,-6,8,0,0
11/5/2019,81,51,66,3.8,0,1,0
11/6/2019,79,53,66,4.1,0,1,0
11/7/2019,80,63,71.5,9.9,0,7,0
11/8/2019,63,40,51.5,-9.8,13,0,0
11/9/2019,67,35,51,-10,14,0,0
11/10/2019,73,39,56,-4.7,9,0,0
11/11/2019,80,48,64,3.6,1,0,0.09
11/12/2019,51,28,39.5,-20.6,25,0,0.05
11/13/2019,51,24,37.5,-22.3,27,0,0
11/14/2019,53,44,48.5,-11,16,0,0.02
11/15/2019,61,37,49,-10.3,16,0,0
11/16/2019,65,32,48.5,-10.5,16,0,0
11/17/2019,66,34,50,-8.8,15,0,0
11/18/2019,71,38,54.5,-4,10,0,0
11/19/2019,77,40,58.5,0.2,6,0,0
11/20/2019,77,43,60,1.9,5,0,0
11/21/2019,76,47,61.5,3.7,3,0,0
11/22/2019,77,60,68.5,10.9,0,4,0.33
11/23/2019,70,49,59.5,2.1,5,0,0.3
11/24/2019,62,39,50.5,-6.7,14,0,0
11/25/2019,71,36,53.5,-3.5,11,0,0
11/26/2019,78,57,67.5,10.7,0,3,0
11/27/2019,77,57,67,10.4,0,2,0.93
11/28/2019,74,54,64,7.6,1,0,0
11/29/2019,80,53,66.5,10.2,0,2,0
11/30/2019,83,58,70.5,14.4,0,6,0
12/1/2019,75,51,63,7.1,2,0,0.03
12/2/2019,56,37,46.5,-9.3,18,0,0
12/3/2019,60,31,45.5,-10.1,19,0,0
12/4/2019,71,41,56,0.6,9,0,0
12/5/2019,72,41,56.5,1.2,8,0,0
12/6/2019,81,54,67.5,12.4,0,3,0.01
12/7/2019,66,51,58.5,3.5,6,0,0
12/8/2019,69,52,60.5,5.7,4,0,0
12/9/2019,80,54,67,12.3,0,2,0.01
12/10/2019,72,45,58.5,4,6,0,1.54
12/11/2019,59,41,50,-4.4,15,0,0
12/12/2019,60,38,49,-5.2,16,0,0
12/13/2019,62,47,54.5,0.4,10,0,0
12/14/2019,68,46,57,3,8,0,0
12/15/2019,80,54,67,13.2,0,2,0
12/16/2019,82,53,67.5,13.8,0,3,0.67
12/17/2019,53,36,44.5,-9.1,20,0,0
12/18/2019,56,32,44,-9.4,21,0,0
12/19/2019,58,29,43.5,-9.8,21,0,0
12/20/2019,61,32,46.5,-6.7,18,0,0
12/21/2019,57,50,53.5,0.4,11,0,0.1
12/22/2019,53,50,51.5,-1.5,13,0,0.04
12/23/2019,57,52,54.5,1.7,10,0,0.01
12/24/2019,75,51,63,10.3,2,0,0
12/25/2019,69,50,59.5,6.9,5,0,0.03
12/26/2019,71,59,65,12.5,0,0,0
12/27/2019,73,64,68.5,16.1,0,4,0.04
12/28/2019,77,66,71.5,19.2,0,7,0.09
12/29/2019,77,52,64.5,12.3,0,0,0.24
12/30/2019,59,40,49.5,-2.6,15,0,0
12/31/2019,62,36,49,-3.1,16,0,0
1/1/2020,59,39,49,-3,16,0,0.03
1/2/2020,75,55,65,13.1,0,0,1.95
1/3/2020,62,56,59,7.2,6,0,0.6
1/4/2020,63,41,52,0.2,13,0,0
1/5/2020,68,36,52,0.3,13,0,0
1/6/2020,73,45,59,7.3,6,0,0
1/7/2020,64,39,51.5,-0.1,13,0,0
1/8/2020,66,33,49.5,-2.1,15,0,0
1/9/2020,74,45,59.5,7.9,5,0,0
1/10/2020,78,65,71.5,19.9,0,7,0.05
1/11/2020,76,47,61.5,10,3,0,0.66
1/12/2020,64,44,54,2.5,11,0,0
1/13/2020,67,57,62,10.4,3,0,0.35
1/14/2020,77,67,72,20.4,0,7,0.01
1/15/2020,81,64,72.5,20.9,0,8,0
1/16/2020,78,60,69,17.4,0,4,0.1
1/17/2020,71,55,63,11.3,2,0,0.01
1/18/2020,77,61,69,17.3,0,4,0.33
1/19/2020,61,39,50,-1.8,15,0,0
1/20/2020,54,35,44.5,-7.3,20,0,0
1/21/2020,53,30,41.5,-10.4,23,0,0
1/22/2020,51,32,41.5,-10.5,23,0,0.06
1/23/2020,64,45,54.5,2.4,10,0,0.29
1/24/2020,65,41,53,0.8,12,0,0
1/25/2020,67,35,51,-1.3,14,0,0
1/26/2020,54,50,52,-0.4,13,0,0.44
1/27/2020,63,43,53,0.5,12,0,0
1/28/2020,65,41,53,0.3,12,0,0.03
1/29/2020,57,53,55,2.2,10,0,0.2
1/30/2020,63,50,56.5,3.6,8,0,0.01
1/31/2020,54,48,51,-2.1,14,0,0.05
2/1/2020,61,40,50.5,-2.7,14,0,0
2/2/2020,74,38,56,2.6,9,0,0
2/3/2020,72,49,60.5,6.9,4,0,0
2/4/2020,75,64,69.5,15.7,0,5,0.01
2/5/2020,76,56,66,12.1,0,1,2.12
2/6/2020,56,36,46,-8.1,19,0,0.64
2/7/2020,62,33,47.5,-6.8,17,0,0
2/8/2020,69,50,59.5,5,5,0,0.05
2/9/2020,74,51,62.5,7.8,2,0,0.01
2/10/2020,76,67,71.5,16.6,0,7,0.26
2/11/2020,80,63,71.5,16.4,0,7,0
2/12/2020,80,62,71,15.6,0,6,0.34
2/13/2020,62,43,52.5,-3.1,12,0,0.38
2/14/2020,60,38,49,-6.8,16,0,0
2/15/2020,67,37,52,-4,13,0,0
2/16/2020,61,55,58,1.8,7,0,0.92
2/17/2020,65,56,60.5,4.1,4,0,0
2/18/2020,79,63,71,14.3,0,6,0
2/19/2020,69,55,62,5.1,3,0,0.19
2/20/2020,56,44,50,-7.1,15,0,1.02
2/21/2020,56,36,46,-11.3,19,0,0
2/22/2020,60,31,45.5,-12,19,0,0
2/23/2020,69,42,55.5,-2.3,9,0,0
2/24/2020,70,56,63,5,2,0,0.26
2/25/2020,66,49,57.5,-0.7,7,0,0
2/26/2020,58,43,50.5,-7.9,14,0,0.01
2/27/2020,53,35,44,-14.6,21,0,0
2/28/2020,66,35,50.5,-8.4,14,0,0
2/29/2020,73,37,55,-4,10,0,0
3/1/2020,72,44,58,-1.1,7,0,0
3/2/2020,78,61,69.5,10.2,0,5,0
3/3/2020,81,68,74.5,15,0,10,0
3/4/2020,74,55,64.5,4.8,0,0,0.34
3/5/2020,68,49,58.5,-1.4,6,0,0.01
3/6/2020,71,46,58.5,-1.6,6,0,0
3/7/2020,66,41,53.5,-6.8,11,0,0
3/8/2020,74,46,60,-0.5,5,0,0
3/9/2020,74,57,65.5,4.8,0,1,0.02
3/10/2020,76,63,69.5,8.6,0,5,0.19
3/11/2020,80,64,72,10.9,0,7,0
3/12/2020,80,63,71.5,10.2,0,7,0
3/13/2020,84,67,75.5,14,0,11,0
3/14/2020,82,63,72.5,10.8,0,8,0
3/15/2020,86,63,74.5,12.6,0,10,0
3/16/2020,82,58,70,8,0,5,0.37
3/17/2020,77,66,71.5,9.3,0,7,0.75
3/18/2020,83,64,73.5,11.1,0,9,0.1
3/19/2020,85,70,77.5,14.9,0,13,0
3/20/2020,85,65,75,12.2,0,10,0.41
3/21/2020,69,61,65,2,0,0,0
3/22/2020,78,59,68.5,5.4,0,4,0
3/23/2020,85,69,77,13.7,0,12,0
3/24/2020,85,69,77,13.5,0,12,0
3/25/2020,86,69,77.5,13.8,0,13,0
3/26/2020,88,67,77.5,13.6,0,13,0
3/27/2020,87,70,78.5,14.5,0,14,0
3/28/2020,89,73,81,16.8,0,16,0
3/29/2020,82,65,73.5,9.1,0,9,0
3/30/2020,84,63,73.5,8.9,0,9,0
3/31/2020,77,52,64.5,-0.3,0,0,0.01
4/1/2020,75,46,60.5,-4.5,4,0,0
4/2/2020,77,53,65,-0.2,0,0,0
4/3/2020,80,57,68.5,3.2,0,4,0
4/4/2020,79,62,70.5,5,0,6,0.09
4/5/2020,82,62,72,6.3,0,7,0
4/6/2020,85,60,72.5,6.6,0,8,0
4/7/2020,85,69,77,10.9,0,12,0
4/8/2020,85,72,78.5,12.2,0,14,0
4/9/2020,87,66,76.5,10,0,12,0.4
4/10/2020,74,56,65,-1.7,0,0,0.11
4/11/2020,80,51,65.5,-1.4,0,1,0
4/12/2020,86,68,77,9.9,0,12,1.04
4/13/2020,70,52,61,-6.4,4,0,0
4/14/2020,73,48,60.5,-7.1,4,0,0
4/15/2020,68,46,57,-10.8,8,0,0
4/16/2020,75,43,59,-9,6,0,0
4/17/2020,83,49,66,-2.2,0,1,0.22
4/18/2020,79,68,73.5,5,0,9,0.06
4/19/2020,87,67,77,8.3,0,12,0.93
4/20/2020,77,59,68,-0.9,0,3,0
4/21/2020,85,56,70.5,1.3,0,6,0
4/22/2020,84,62,73,3.6,0,8,0
4/23/2020,84,61,72.5,2.9,0,8,1.19
4/24/2020,85,56,70.5,0.6,0,6,0
4/25/2020,82,66,74,3.9,0,9,0
4/26/2020,81,57,69,-1.4,0,4,0
4/27/2020,80,51,65.5,-5.1,0,1,0
4/28/2020,85,55,70,-0.9,0,5,2.24
4/29/2020,75,58,66.5,-4.6,0,2,0.95
4/30/2020,78,51,64.5,-6.9,0,0,0
5/1/2020,82,52,67,-4.6,0,2,0
5/2/2020,84,57,70.5,-1.4,0,6,0
5/3/2020,84,60,72,-0.2,0,7,0
5/4/2020,86,65,75.5,3.1,0,11,0
5/5/2020,88,67,77.5,4.8,0,13,0
5/6/2020,84,59,71.5,-1.4,0,7,0
5/7/2020,81,54,67.5,-5.7,0,3,0
5/8/2020,80,59,69.5,-4,0,5,2.21
5/9/2020,68,57,62.5,-11.2,2,0,0
5/10/2020,80,55,67.5,-6.5,0,3,0
5/11/2020,83,52,67.5,-6.8,0,3,0
5/12/2020,82,59,70.5,-4,0,6,0
5/13/2020,86,64,75,0.2,0,10,0
5/14/2020,83,68,75.5,0.5,0,11,1.44
5/15/2020,84,68,76,0.7,0,11,0
5/16/2020,86,73,79.5,4,0,15,0.02
5/17/2020,84,70,77,1.2,0,12,0.13
5/18/2020,82,66,74,-2,0,9,0.04
5/19/2020,90,65,77.5,1.2,0,13,0
5/20/2020,77,69,73,-3.5,0,8,0.01
5/21/2020,91,68,79.5,2.7,0,15,0
5/22/2020,91,72,81.5,4.5,0,17,0
5/23/2020,91,69,80,2.8,0,15,0
5/24/2020,90,67,78.5,1,0,14,0
5/25/2020,87,71,79,1.3,0,14,0.31
5/26/2020,82,70,76,-1.9,0,11,0.63
5/27/2020,86,68,77,-1.1,0,12,0
5/28/2020,91,64,77.5,-0.8,0,13,0.11
5/29/2020,89,68,78.5,0,0,14,0
5/30/2020,89,70,79.5,0.8,0,15,0
5/31/2020,90,72,81,2.1,0,16,0
6/1/2020,88,69,78.5,-0.6,0,14,0
6/2/2020,92,72,82,2.7,0,17,0
6/3/2020,92,73,82.5,3,0,18,0
6/4/2020,90,70,80,0.4,0,15,0
6/5/2020,93,70,81.5,1.7,0,17,0.2
6/6/2020,92,69,80.5,0.5,0,16,0.14
6/7/2020,79,75,77,-3.1,0,12,2.47
6/8/2020,89,75,82,1.7,0,17,0.27
6/9/2020,93,78,85.5,5.1,0,21,0
6/10/2020,91,69,80,-0.5,0,15,0.08
6/11/2020,87,65,76,-4.7,0,11,0
6/12/2020,88,65,76.5,-4.3,0,12,0
6/13/2020,91,66,78.5,-2.4,0,14,0
6/14/2020,92,70,81,0,0,16,0
6/15/2020,94,72,83,1.9,0,18,0
6/16/2020,92,68,80,-1.2,0,15,0
6/17/2020,91,64,77.5,-3.8,0,13,0
6/18/2020,92,65,78.5,-2.9,0,14,0
6/19/2020,94,67,80.5,-1,0,16,0
6/20/2020,93,69,81,-0.6,0,16,0
6/21/2020,93,72,82.5,0.8,0,18,0
6/22/2020,82,70,76,-5.8,0,11,0.68
6/23/2020,92,72,82,0.2,0,17,1.26
6/24/2020,83,72,77.5,-4.4,0,13,3.34
6/25/2020,91,72,81.5,-0.5,0,17,0.3
6/26/2020,89,73,81,-1,0,16,0
6/27/2020,91,78,84.5,2.4,0,20,0
6/28/2020,92,75,83.5,1.3,0,19,0
6/29/2020,92,79,85.5,3.3,0,21,0
6/30/2020,93,79,86,3.7,0,21,0
7/1/2020,93,81,87,4.7,0,22,0
7/2/2020,94,77,85.5,3.1,0,21,0
7/3/2020,90,74,82,-0.4,0,17,0.05
7/4/2020,91,73,82,-0.5,0,17,0.16
7/5/2020,91,72,81.5,-1,0,17,2.19
7/6/2020,83,73,78,-4.5,0,13,0.98
7/7/2020,90,73,81.5,-1.1,0,17,0.71
7/8/2020,93,75,84,1.4,0,19,0
7/9/2020,94,77,85.5,2.8,0,21,0
7/10/2020,94,77,85.5,2.8,0,21,0
7/11/2020,97,79,88,5.3,0,23,0
7/12/2020,95,80,87.5,4.7,0,23,0
7/13/2020,95,79,87,4.2,0,22,0
7/14/2020,96,78,87,4.2,0,22,0
7/15/2020,94,79,86.5,3.6,0,22,0
7/16/2020,90,74,82,-0.9,0,17,0.18
7/17/2020,92,73,82.5,-0.4,0,18,0
7/18/2020,95,73,84,1,0,19,0
7/19/2020,93,74,83.5,0.5,0,19,0
7/20/2020,91,77,84,1,0,19,0
7/21/2020,92,76,84,1,0,19,0.02
7/22/2020,94,75,84.5,1.4,0,20,0
7/23/2020,91,76,83.5,0.4,0,19,0.06
7/24/2020,87,76,81.5,-1.6,0,17,0.47
7/25/2020,85,76,80.5,-2.6,0,16,0.15
7/26/2020,83,75,79,-4.1,0,14,0.08
7/27/2020,81,72,76.5,-6.7,0,12,2.65
7/28/2020,86,75,80.5,-2.7,0,16,1.14
7/29/2020,93,74,83.5,0.3,0,19,0
7/30/2020,92,78,85,1.8,0,20,0.07
7/31/2020,93,75,84,0.8,0,19,0
8/1/2020,88,74,81,-2.2,0,16,0
8/2/2020,92,74,83,-0.2,0,18,0
8/3/2020,93,73,83,-0.2,0,18,0
8/4/2020,93,74,83.5,0.3,0,19,0
8/5/2020,93,73,83,-0.2,0,18,0
8/6/2020,93,73,83,-0.2,0,18,0
8/7/2020,96,69,82.5,-0.7,0,18,0
8/8/2020,96,74,85,1.8,0,20,0
8/9/2020,96,75,85.5,2.3,0,21,0.89
8/10/2020,95,75,85,1.9,0,20,0
8/11/2020,95,76,85.5,2.4,0,21,0
8/12/2020,97,78,87.5,4.4,0,23,0
8/13/2020,96,75,85.5,2.4,0,21,0.47
8/14/2020,95,75,85,2,0,20,0
8/15/2020,96,77,86.5,3.5,0,22,0.02
8/16/2020,97,73,85,2.1,0,20,0
8/17/2020,93,73,83,0.1,0,18,0
8/18/2020,96,73,84.5,1.7,0,20,0
8/19/2020,95,71,83,0.2,0,18,0
8/20/2020,92,70,81,-1.7,0,16,0.17
8/21/2020,90,69,79.5,-3.1,0,15,0
8/22/2020,93,69,81,-1.5,0,16,0
8/23/2020,93,71,82,-0.5,0,17,0
8/24/2020,93,73,83,0.6,0,18,0
8/25/2020,92,77,84.5,2.2,0,20,0.12
8/26/2020,91,77,84,1.8,0,19,0.59
8/27/2020,89,79,84,1.9,0,19,1.45
8/28/2020,89,77,83,1,0,18,0.42
8/29/2020,93,76,84.5,2.6,0,20,0
8/30/2020,92,75,83.5,1.7,0,19,0
8/31/2020,94,76,85,3.3,0,20,0.48
9/1/2020,93,80,86.5,5,0,22,0
9/2/2020,94,79,86.5,5.1,0,22,0
9/3/2020,96,74,85,3.7,0,20,0
9/4/2020,97,76,86.5,5.4,0,22,0
9/5/2020,96,76,86,5,0,21,0
9/6/2020,92,71,81.5,0.7,0,17,0
9/7/2020,94,67,80.5,-0.2,0,16,0
9/8/2020,92,69,80.5,0,0,16,0
9/9/2020,93,74,83.5,3.2,0,19,0
9/10/2020,95,73,84,3.9,0,19,0
9/11/2020,94,72,83,3,0,18,0.07
9/12/2020,92,74,83,3.2,0,18,0.3
9/13/2020,94,76,85,5.4,0,20,0
9/14/2020,92,76,84,4.6,0,19,0
9/15/2020,89,76,82.5,3.3,0,18,0
9/16/2020,87,74,80.5,1.6,0,16,0
9/17/2020,89,70,79.5,0.8,0,15,0
9/18/2020,82,70,76,-2.5,0,11,0
9/19/2020,76,68,72,-6.2,0,7,0.09
9/20/2020,73,68,70.5,-7.5,0,6,0.23
9/21/2020,73,67,70,-7.8,0,5,0.03
9/22/2020,77,67,72,-5.5,0,7,0
9/23/2020,86,71,78.5,1.3,0,14,1.02
9/24/2020,76,68,72,-5,0,7,0
9/25/2020,80,66,73,-3.7,0,8,0
9/26/2020,85,64,74.5,-1.9,0,10,0
9/27/2020,89,66,77.5,1.4,0,13,0
9/28/2020,87,64,75.5,-0.3,0,11,0.07
9/29/2020,77,55,66,-9.5,0,1,0
9/30/2020,82,50,66,-9.2,0,1,0
10/1/2020,87,54,70.5,-4.4,0,6,0
10/2/2020,81,53,67,-7.6,0,2,0
10/3/2020,80,50,65,-9.2,0,0,0
10/4/2020,84,52,68,-5.9,0,3,0
10/5/2020,85,58,71.5,-2.1,0,7,0
10/6/2020,87,58,72.5,-0.7,0,8,0
10/7/2020,90,68,79,6.1,0,14,0
10/8/2020,87,73,80,7.5,0,15,6.33
10/9/2020,81,73,77,4.8,0,12,2.71
10/10/2020,84,71,77.5,5.7,0,13,0.03
10/11/2020,87,72,79.5,8.1,0,15,0
10/12/2020,88,73,80.5,9.4,0,16,0
10/13/2020,86,61,73.5,2.8,0,9,0
10/14/2020,84,54,69,-1.3,0,4,0
10/15/2020,86,62,74,4.1,0,9,0
10/16/2020,72,56,64,-5.6,1,0,0
10/17/2020,76,50,63,-6.2,2,0,0
10/18/2020,84,57,70.5,1.7,0,6,0
10/19/2020,87,69,78,9.6,0,13,0
10/20/2020,88,69,78.5,10.5,0,14,0
10/21/2020,89,67,78,10.4,0,13,0
10/22/2020,87,67,77,9.7,0,12,0
10/23/2020,85,70,77.5,10.6,0,13,0.46
10/24/2020,73,57,65,-1.5,0,0,0
10/25/2020,77,54,65.5,-0.6,0,1,0
10/26/2020,83,62,72.5,6.8,0,8,0
10/27/2020,85,64,74.5,9.1,0,10,0
10/28/2020,81,66,73.5,8.5,0,9,0.4
10/29/2020,66,49,57.5,-7.1,7,0,0
10/30/2020,68,47,57.5,-6.8,7,0,0
10/31/2020,73,44,58.5,-5.4,6,0,0
11/1/2020,75,49,62,-1.6,3,0,0
11/2/2020,68,44,56,-7.2,9,0,0
11/3/2020,74,38,56,-6.9,9,0,0
11/4/2020,76,42,59,-3.5,6,0,0
11/5/2020,77,47,62,-0.2,3,0,0
11/6/2020,81,54,67.5,5.6,0,3,0
11/7/2020,79,63,71,9.4,0,6,0
11/8/2020,77,67,72,10.7,0,7,0
11/9/2020,82,65,73.5,12.5,0,9,0
11/10/2020,81,66,73.5,12.8,0,9,0.07
11/11/2020,83,66,74.5,14.1,0,10,0.06
11/12/2020,82,55,68.5,8.4,0,4,0
11/13/2020,83,51,67,7.2,0,2,0
11/14/2020,83,54,68.5,9,0,4,0
11/15/2020,76,49,62.5,3.2,2,0,0
11/16/2020,70,42,56,-3,9,0,0
11/17/2020,76,40,58,-0.8,7,0,0
11/18/2020,73,41,57,-1.5,8,0,0
11/19/2020,76,45,60.5,2.2,4,0,0
11/20/2020,79,54,66.5,8.4,0,2,0
11/21/2020,78,55,66.5,8.7,0,2,0
11/22/2020,79,52,65.5,7.9,0,1,0
11/23/2020,70,48,59,1.6,6,0,0
11/24/2020,79,45,62,4.8,3,0,0
11/25/2020,76,62,69,12,0,4,1.23
11/26/2020,69,57,63,6.2,2,0,0.43
11/27/2020,75,65,70,13.4,0,5,1.01
11/28/2020,67,60,63.5,7.1,1,0,0.17
11/29/2020,63,49,56,-0.3,9,0,1.02
11/30/2020,53,34,43.5,-12.6,21,0,0
12/1/2020,59,30,44.5,-11.4,20,0,0
12/2/2020,64,31,47.5,-8.3,17,0,0
12/3/2020,70,49,59.5,3.9,5,0,0.48
12/4/2020,59,40,49.5,-5.9,15,0,0
12/5/2020,60,34,47,-8.3,18,0,0
12/6/2020,53,43,48,-7.1,17,0,0.02
12/7/2020,61,40,50.5,-4.5,14,0,0
12/8/2020,66,35,50.5,-4.3,14,0,0
12/9/2020,74,39,56.5,1.8,8,0,0
12/10/2020,75,46,60.5,6,4,0,0
12/11/2020,75,50,62.5,8.1,2,0,0
12/12/2020,68,50,59,4.8,6,0,0.31
12/13/2020,72,49,60.5,6.4,4,0,0.28
12/14/2020,49,43,46,-8,19,0,0
12/15/2020,49,43,46,-7.8,19,0,0.7
12/16/2020,49,39,44,-9.7,21,0,0.04
12/17/2020,53,34,43.5,-10.1,21,0,0
12/18/2020,60,30,45,-8.4,20,0,0
12/19/2020,70,41,55.5,2.2,9,0,1.01
12/20/2020,62,42,52,-1.2,13,0,0
12/21/2020,68,40,54,0.9,11,0,0
12/22/2020,71,38,54.5,1.5,10,0,0
12/23/2020,72,44,58,5.2,7,0,0.05
12/24/2020,68,33,50.5,-2.2,14,0,0.88
12/25/2020,52,31,41.5,-11.1,23,0,0
12/26/2020,60,29,44.5,-8,20,0,0
12/27/2020,68,32,50,-2.4,15,0,0
12/28/2020,74,43,58.5,6.2,6,0,0
12/29/2020,72,45,58.5,6.3,6,0,0
12/30/2020,72,60,66,13.9,0,1,0.01
12/31/2020,76,61,68.5,16.4,0,4,0.43
1/1/2021,62,44,53,1,12,0,0.04
1/2/2021,50,36,43,-8.9,22,0,0
1/3/2021,60,31,45.5,-6.3,19,0,0
1/4/2021,72,36,54,2.2,11,0,0
1/5/2021,70,38,54,2.3,11,0,0
1/6/2021,65,37,51,-0.7,14,0,0.28
1/7/2021,59,45,52,0.4,13,0,0.74
1/8/2021,50,39,44.5,-7.1,20,0,0
1/9/2021,52,34,43,-8.6,22,0,0
1/10/2021,45,33,39,-12.6,26,0,0.18
1/11/2021,41,35,38,-13.5,27,0,0.81
1/12/2021,53,32,42.5,-9,22,0,0
1/13/2021,57,35,46,-5.6,19,0,0
1/14/2021,70,33,51.5,-0.1,13,0,0
1/15/2021,59,40,49.5,-2.1,15,0,0
1/16/2021,54,35,44.5,-7.1,20,0,0
1/17/2021,65,32,48.5,-3.2,16,0,0
1/18/2021,66,30,48,-3.7,17,0,0
1/19/2021,75,40,57.5,5.7,7,0,0
1/20/2021,71,51,61,9.2,4,0,0
1/21/2021,72,60,66,14.1,0,1,0
1/22/2021,68,61,64.5,12.5,0,0,0.71
1/23/2021,62,57,59.5,7.4,5,0,0
1/24/2021,74,58,66,13.8,0,1,0
1/25/2021,76,68,72,19.7,0,7,0.01
1/26/2021,75,61,68,15.6,0,3,0.13
1/27/2021,67,48,57.5,5,7,0,0
1/28/2021,58,38,48,-4.7,17,0,0
1/29/2021,63,34,48.5,-4.3,16,0,0
1/30/2021,73,42,57.5,4.6,7,0,0
1/31/2021,70,47,58.5,5.4,6,0,0.11
2/1/2021,57,38,47.5,-5.7,17,0,0
2/2/2021,57,31,44,-9.4,21,0,0
2/3/2021,64,31,47.5,-6.1,17,0,0
2/4/2021,70,40,55,1.2,10,0,0
2/5/2021,66,44,55,1.1,10,0,0.66
2/6/2021,53,45,49,-5.1,16,0,0.17
2/7/2021,61,42,51.5,-2.8,13,0,0
2/8/2021,65,41,53,-1.5,12,0,0
2/9/2021,78,57,67.5,12.8,0,3,0
2/10/2021,75,58,66.5,11.6,0,2,0
2/11/2021,67,41,54,-1.1,11,0,1.88
2/12/2021,42,35,38.5,-16.9,26,0,0.24
2/13/2021,41,33,37,-18.6,28,0,0
2/14/2021,35,30,32.5,-23.3,32,0,0.01
2/15/2021,32,23,27.5,-28.5,37,0,0.48
2/16/2021,28,20,24,-32.2,41,0,0
2/17/2021,37,24,30.5,-25.9,34,0,0.89
2/18/2021,38,31,34.5,-22.2,30,0,0
2/19/2021,51,28,39.5,-17.4,25,0,0
2/20/2021,61,25,43,-14.1,22,0,0
2/21/2021,67,32,49.5,-7.8,15,0,0
2/22/2021,71,41,56,-1.5,9,0,0
2/23/2021,74,34,54,-3.8,11,0,0
2/24/2021,73,39,56,-2,9,0,0
2/25/2021,77,62,69.5,11.3,0,5,0
2/26/2021,83,62,72.5,14.1,0,8,0
2/27/2021,85,67,76,17.4,0,11,0
2/28/2021,84,68,76,17.1,0,11,0
3/1/2021,80,59,69.5,10.4,0,5,0
3/2/2021,58,44,51,-8.3,14,0,0.86
3/3/2021,65,38,51.5,-8,13,0,0
3/4/2021,73,39,56,-3.7,9,0,0
3/5/2021,71,44,57.5,-2.4,7,0,0.06
3/6/2021,69,49,59,-1.1,6,0,0
3/7/2021,69,39,54,-6.3,11,0,0
3/8/2021,73,36,54.5,-6,10,0,0
3/9/2021,78,44,61,0.3,4,0,0
3/10/2021,82,58,70,9.1,0,5,0
3/11/2021,82,61,71.5,10.4,0,7,0
3/12/2021,85,62,73.5,12.2,0,9,0
3/13/2021,82,60,71,9.5,0,6,0
3/14/2021,82,62,72,10.3,0,7,0
3/15/2021,85,69,77,15.1,0,12,0.21
3/16/2021,82,70,76,14,0,11,0
3/17/2021,81,62,71.5,9.3,0,7,0.45
3/18/2021,64,51,57.5,-4.9,7,0,0
3/19/2021,55,50,52.5,-10.1,12,0,0
3/20/2021,64,49,56.5,-6.3,8,0,0
3/21/2021,74,45,59.5,-3.5,5,0,0
3/22/2021,75,45,60,-3.1,5,0,0
3/23/2021,69,61,65,1.7,0,0,2.53
3/24/2021,72,58,65,1.5,0,0,0.27
3/25/2021,79,68,73.5,9.8,0,9,0.39
3/26/2021,77,63,70,6.1,0,5,0
3/27/2021,85,73,79,15,0,14,0
3/28/2021,74,53,63.5,-0.7,1,0,0.06
3/29/2021,74,45,59.5,-4.9,5,0,0
3/30/2021,84,56,70,5.4,0,5,0
3/31/2021,83,52,67.5,2.7,0,3,0.02
4/1/2021,66,43,54.5,-10.5,10,0,0
4/2/2021,66,40,53,-12.2,12,0,0
4/3/2021,70,38,54,-11.3,11,0,0
4/4/2021,76,47,61.5,-4,3,0,0
4/5/2021,79,47,63,-2.7,2,0,0
4/6/2021,83,57,70,4.1,0,5,0
4/7/2021,83,62,72.5,6.4,0,8,0.77
4/8/2021,86,60,73,6.7,0,8,1.88
4/9/2021,87,70,78.5,12,0,14,0
4/10/2021,79,61,70,3.3,0,5,2.05
4/11/2021,78,54,66,-0.9,0,1,0
4/12/2021,85,51,68,0.9,0,3,0
4/13/2021,67,57,62,-5.4,3,0,1.36
4/14/2021,66,57,61.5,-6.1,3,0,1.4
4/15/2021,76,63,69.5,1.7,0,5,0.58
4/16/2021,70,59,64.5,-3.5,0,0,2.41
4/17/2021,66,56,61,-7.2,4,0,0.19
4/18/2021,70,53,61.5,-7,3,0,0
4/19/2021,74,49,61.5,-7.2,3,0,0
4/20/2021,77,57,67,-1.9,0,2,0.01
4/21/2021,68,48,58,-11.2,7,0,0
4/22/2021,72,44,58,-11.4,7,0,0
4/23/2021,78,53,65.5,-4.1,0,1,1.76
4/24/2021,86,63,74.5,4.6,0,10,0.43
4/25/2021,81,55,68,-2.1,0,3,0
4/26/2021,82,54,68,-2.4,0,3,0
4/27/2021,88,65,76.5,5.9,0,12,0
4/28/2021,90,74,82,11.1,0,17,0
4/29/2021,89,72,80.5,9.4,0,16,0
4/30/2021,80,67,73.5,2.1,0,9,0
5/1/2021,80,63,71.5,-0.1,0,7,0
5/2/2021,81,66,73.5,1.6,0,9,0.84
5/3/2021,87,74,80.5,8.3,0,16,0
5/4/2021,89,71,80,7.6,0,15,0.96
5/5/2021,75,61,68,-4.7,0,3,0
5/6/2021,83,58,70.5,-2.4,0,6,0
5/7/2021,84,56,70,-3.2,0,5,0
5/8/2021,87,56,71.5,-2,0,7,0
5/9/2021,85,64,74.5,0.8,0,10,0.39
5/10/2021,84,67,75.5,1.5,0,11,1.72
5/11/2021,81,68,74.5,0.2,0,10,1.74
5/12/2021,80,67,73.5,-1,0,9,0.18
5/13/2021,77,63,70,-4.8,0,5,0
5/14/2021,81,56,68.5,-6.5,0,4,0
5/15/2021,82,58,70,-5.3,0,5,0
5/16/2021,84,64,74,-1.5,0,9,0
5/17/2021,77,69,73,-2.8,0,8,4.33
5/18/2021,81,67,74,-2,0,9,0.15
5/19/2021,83,68,75.5,-0.8,0,11,0
5/20/2021,74,66,70,-6.5,0,5,2.57
5/21/2021,81,69,75,-1.8,0,10,0.13
5/22/2021,85,66,75.5,-1.5,0,11,0
5/23/2021,85,63,74,-3.2,0,9,0
5/24/2021,84,67,75.5,-2,0,11,0
5/25/2021,88,65,76.5,-1.2,0,12,0
5/26/2021,89,70,79.5,1.6,0,15,0
5/27/2021,90,72,81,2.9,0,16,0
5/28/2021,86,67,76.5,-1.8,0,12,0
5/29/2021,83,64,73.5,-5,0,9,0.22
5/30/2021,82,59,70.5,-8.2,0,6,0
5/31/2021,88,60,74,-4.9,0,9,0
6/1/2021,87,68,77.5,-1.6,0,13,0.78
6/2/2021,88,72,80,0.7,0,15,0.02
6/3/2021,88,71,79.5,0,0,15,0.82
6/4/2021,83,71,77,-2.6,0,12,0.68
6/5/2021,77,72,74.5,-5.3,0,10,0.11
6/6/2021,79,70,74.5,-5.5,0,10,2.25
6/7/2021,91,73,82,1.9,0,17,0
6/8/2021,91,78,84.5,4.2,0,20,0
6/9/2021,91,75,83,2.6,0,18,0
6/10/2021,91,74,82.5,2,0,18,0
6/11/2021,91,74,82.5,1.8,0,18,0
6/12/2021,92,73,82.5,1.7,0,18,0
6/13/2021,94,71,82.5,1.6,0,18,0.9
6/14/2021,93,70,81.5,0.5,0,17,0
6/15/2021,95,72,83.5,2.4,0,19,1.51
6/16/2021,94,72,83,1.8,0,18,0
6/17/2021,90,67,78.5,-2.8,0,14,0
6/18/2021,86,71,78.5,-2.9,0,14,0.24
6/19/2021,90,72,81,-0.5,0,16,0.03
6/20/2021,92,73,82.5,0.9,0,18,0
6/21/2021,88,71,79.5,-2.2,0,15,0.62
6/22/2021,88,73,80.5,-1.3,0,16,0
6/23/2021,92,74,83,1.2,0,18,0
6/24/2021,92,76,84,2.1,0,19,0.61
6/25/2021,87,75,81,-1,0,16,1.2
6/26/2021,90,73,81.5,-0.5,0,17,0.22
6/27/2021,84,73,78.5,-3.6,0,14,0.02
6/28/2021,86,73,79.5,-2.7,0,15,0.01
6/29/2021,86,72,79,-3.2,0,14,0.02
6/30/2021,90,73,81.5,-0.8,0,17,0
7/1/2021,92,73,82.5,0.2,0,18,0
7/2/2021,90,75,82.5,0.1,0,18,0.08
7/3/2021,90,73,81.5,-0.9,0,17,0.81
7/4/2021,92,72,82,-0.5,0,17,0
7/5/2021,91,74,82.5,0,0,18,0
7/6/2021,87,74,80.5,-2,0,16,0.72
7/7/2021,87,76,81.5,-1.1,0,17,0.01
7/8/2021,90,75,82.5,-0.1,0,18,0
7/9/2021,84,74,79,-3.7,0,14,0.02
7/10/2021,89,76,82.5,-0.2,0,18,0.01
7/11/2021,89,72,80.5,-2.2,0,16,1.79
7/12/2021,86,70,78,-4.8,0,13,0.85
7/13/2021,90,70,80,-2.8,0,15,0.09
7/14/2021,92,71,81.5,-1.3,0,17,0.01
7/15/2021,89,73,81,-1.9,0,16,0.21
7/16/2021,92,72,82,-0.9,0,17,1.39
7/17/2021,90,73,81.5,-1.4,0,17,0
7/18/2021,94,73,83.5,0.5,0,19,0
7/19/2021,90,76,83,0,0,18,0.18
7/20/2021,82,71,76.5,-6.5,0,12,0.54
7/21/2021,91,73,82,-1,0,17,0
7/22/2021,90,75,82.5,-0.6,0,18,0
7/23/2021,91,75,83,-0.1,0,18,0
7/24/2021,94,76,85,1.9,0,20,0
7/25/2021,94,75,84.5,1.4,0,20,0
7/26/2021,94,75,84.5,1.4,0,20,0
7/27/2021,93,73,83,-0.2,0,18,1.08
7/28/2021,92,72,82,-1.2,0,17,0
7/29/2021,95,74,84.5,1.3,0,20,0.42
7/30/2021,93,73,83,-0.2,0,18,0
7/31/2021,93,73,83,-0.2,0,18,0.71
8/1/2021,91,74,82.5,-0.7,0,18,0.32
8/2/2021,86,72,79,-4.2,0,14,0.66
8/3/2021,83,73,78,-5.2,0,13,2
8/4/2021,88,69,78.5,-4.7,0,14,0
8/5/2021,87,66,76.5,-6.7,0,12,0
8/6/2021,88,69,78.5,-4.7,0,14,0
8/7/2021,91,69,80,-3.2,0,15,0
8/8/2021,92,73,82.5,-0.7,0,18,0.01
8/9/2021,90,74,82,-1.2,0,17,1.59
8/10/2021,92,73,82.5,-0.6,0,18,0.6
8/11/2021,94,72,83,-0.1,0,18,0
8/12/2021,89,70,79.5,-3.6,0,15,0
8/13/2021,90,69,79.5,-3.6,0,15,0
8/14/2021,93,71,82,-1,0,17,0
8/15/2021,90,72,81,-2,0,16,0.01
8/16/2021,91,71,81,-1.9,0,16,0
8/17/2021,90,74,82,-0.9,0,17,0.19
8/18/2021,91,73,82,-0.8,0,17,0.14
8/19/2021,93,74,83.5,0.7,0,19,0.13
8/20/2021,91,75,83,0.3,0,18,0
8/21/2021,92,71,81.5,-1.1,0,17,0
8/22/2021,93,73,83,0.5,0,18,0
8/23/2021,94,76,85,2.5,0,20,0.29
8/24/2021,95,73,84,1.6,0,19,0
8/25/2021,94,73,83.5,1.2,0,19,0.85
8/26/2021,88,73,80.5,-1.7,0,16,0.07
8/27/2021,87,72,79.5,-2.6,0,15,0.18
8/28/2021,88,71,79.5,-2.5,0,15,0.11
8/29/2021,82,71,76.5,-5.4,0,12,1.33
8/30/2021,84,73,78.5,-3.3,0,14,0
8/31/2021,91,75,83,1.3,0,18,0
9/1/2021,92,74,83,1.5,0,18,0
9/2/2021,91,73,82,0.6,0,17,0
9/3/2021,91,72,81.5,0.2,0,17,0
9/4/2021,92,71,81.5,0.4,0,17,0
9/5/2021,93,73,83,2,0,18,0
9/6/2021,85,74,79.5,-1.3,0,15,0.03
9/7/2021,89,72,80.5,-0.2,0,16,0
9/8/2021,88,71,79.5,-1,0,15,0
9/9/2021,87,65,76,-4.3,0,11,0
9/10/2021,85,61,73,-7.1,0,8,0
9/11/2021,86,61,73.5,-6.5,0,9,0
9/12/2021,85,67,76,-3.8,0,11,0.28
9/13/2021,86,72,79,-0.6,0,14,0.52
9/14/2021,76,71,73.5,-5.9,0,9,2.77
9/15/2021,83,72,77.5,-1.7,0,13,2.07
9/16/2021,86,73,79.5,0.6,0,15,0.12
9/17/2021,88,73,80.5,1.8,0,16,0.02
9/18/2021,86,73,79.5,1,0,15,0.25
9/19/2021,86,71,78.5,0.3,0,14,0
9/20/2021,90,71,80.5,2.5,0,16,0
9/21/2021,89,71,80,2.2,0,15,0.1
9/22/2021,79,60,69.5,-8,0,5,0
9/23/2021,79,55,67,-10.2,0,2,0
9/24/2021,79,54,66.5,-10.5,0,2,0
9/25/2021,83,53,68,-8.7,0,3,0
9/26/2021,86,56,71,-5.4,0,6,0
9/27/2021,85,64,74.5,-1.6,0,10,0.14
9/28/2021,77,71,74,-1.8,0,9,0.38
9/29/2021,82,69,75.5,0,0,11,0.1
9/30/2021,83,71,77,1.8,0,12,1.57
10/1/2021,85,71,78,3.1,0,13,0
10/2/2021,83,71,77,2.4,0,12,0.19
10/3/2021,87,69,78,3.8,0,13,0
10/4/2021,87,69,78,4.1,0,13,0
10/5/2021,85,65,75,1.4,0,10,0
10/6/2021,85,62,73.5,0.3,0,9,0
10/7/2021,87,65,76,3.1,0,11,0
10/8/2021,87,62,74.5,2,0,10,0
10/9/2021,88,62,75,2.8,0,10,0
10/10/2021,87,63,75,3.2,0,10,0
10/11/2021,87,68,77.5,6.1,0,13,0
10/12/2021,90,70,80,8.9,0,15,0
10/13/2021,88,67,77.5,6.8,0,13,0
10/14/2021,91,68,79.5,9.2,0,15,0
10/15/2021,88,68,78,8.1,0,13,0
10/16/2021,75,50,62.5,-7.1,2,0,0
10/17/2021,75,46,60.5,-8.7,4,0,0
10/18/2021,76,50,63,-5.8,2,0,0
10/19/2021,80,51,65.5,-2.9,0,1,0
10/20/2021,84,63,73.5,5.5,0,9,0
10/21/2021,89,68,78.5,10.9,0,14,0
10/22/2021,87,65,76,8.7,0,11,0
10/23/2021,86,65,75.5,8.6,0,11,0
10/24/2021,84,67,75.5,9,0,11,0.14
10/25/2021,86,66,76,9.9,0,11,0
10/26/2021,84,60,72,6.3,0,7,0
10/27/2021,81,64,72.5,7.1,0,8,1.32
10/28/2021,70,57,63.5,-1.5,1,0,0
10/29/2021,66,51,58.5,-6.1,6,0,0
10/30/2021,68,48,58,-6.3,7,0,0
10/31/2021,76,46,61,-2.9,4,0,0
11/1/2021,78,50,64,0.4,1,0,0
11/2/2021,76,52,64,0.8,1,0,0
11/3/2021,71,49,60,-2.9,5,0,0
11/4/2021,64,49,56.5,-6,8,0,0
11/5/2021,57,46,51.5,-10.7,13,0,0
11/6/2021,64,46,55,-6.9,10,0,0
11/7/2021,70,41,55.5,-6.1,9,0,0
11/8/2021,75,42,58.5,-2.8,6,0,0
11/9/2021,74,42,58,-3,7,0,0
11/10/2021,77,48,62.5,1.8,2,0,0
11/11/2021,72,51,61.5,1.1,3,0,0.21
11/12/2021,75,48,61.5,1.4,3,0,0
11/13/2021,60,38,49,-10.8,16,0,0
11/14/2021,68,35,51.5,-8,13,0,0
11/15/2021,74,44,59,-0.3,6,0,0
11/16/2021,78,48,63,4,2,0,0
11/17/2021,80,55,67.5,8.7,0,3,0
11/18/2021,79,49,64,5.5,1,0,0.02
11/19/2021,67,42,54.5,-3.8,10,0,0
11/20/2021,75,40,57.5,-0.6,7,0,0
11/21/2021,78,59,68.5,10.7,0,4,0
11/22/2021,69,44,56.5,-1.1,8,0,0.4
11/23/2021,65,37,51,-6.4,14,0,0
11/24/2021,72,39,55.5,-1.7,9,0,0
11/25/2021,75,54,64.5,7.5,0,0,0
11/26/2021,61,42,51.5,-5.3,13,0,0
11/27/2021,59,34,46.5,-10.1,18,0,0.01
11/28/2021,65,44,54.5,-1.9,10,0,0.04
11/29/2021,67,40,53.5,-2.8,11,0,0
11/30/2021,72,37,54.5,-1.6,10,0,0
12/1/2021,76,42,59,3.1,6,0,0
12/2/2021,75,49,62,6.2,3,0,0
12/3/2021,75,52,63.5,7.9,1,0,0
12/4/2021,79,51,65,9.6,0,0,0
12/5/2021,75,52,63.5,8.2,1,0,0
12/6/2021,82,55,68.5,13.4,0,4,1.07
12/7/2021,55,51,53,-2,12,0,0
12/8/2021,64,50,57,2.2,8,0,0.34
12/9/2021,79,48,63.5,8.8,1,0,0.12
12/10/2021,83,72,77.5,23,0,13,0
12/11/2021,78,49,63.5,9.1,1,0,0.03
12/12/2021,63,40,51.5,-2.7,13,0,0
12/13/2021,72,45,58.5,4.4,6,0,0
12/14/2021,75,58,66.5,12.5,0,2,0
12/15/2021,77,64,70.5,16.7,0,6,0
12/16/2021,82,65,73.5,19.8,0,9,0
12/17/2021,77,63,70,16.4,0,5,0
12/18/2021,79,61,70,16.6,0,5,1.66
12/19/2021,61,42,51.5,-1.8,13,0,0
12/20/2021,46,42,44,-9.2,21,0,0.08
12/21/2021,53,37,45,-8.1,20,0,0
12/22/2021,65,34,49.5,-3.5,15,0,0
12/23/2021,68,36,52,-0.8,13,0,0
12/24/2021,78,50,64,11.3,1,0,0
12/25/2021,79,62,70.5,17.9,0,6,0
12/26/2021,80,66,73,20.5,0,8,0
12/27/2021,79,63,71,18.6,0,6,0
12/28/2021,80,67,73.5,21.2,0,9,0.17
12/29/2021,83,70,76.5,24.3,0,12,0
12/30/2021,82,69,75.5,23.4,0,11,0.02
12/31/2021,84,72,78,25.9,0,13,0
1/1/2022,84,74,79,27,0,14,0.02
1/2/2022,75,31,53,1.1,12,0,0
1/3/2022,50,28,39,-12.8,26,0,0
1/4/2022,56,29,42.5,-9.3,22,0,0
1/5/2022,69,47,58,6.3,7,0,0
1/6/2022,73,38,55.5,3.8,9,0,0.02
1/7/2022,56,33,44.5,-7.1,20,0,0
1/8/2022,66,48,57,5.4,8,0,0.01
1/9/2022,81,54,67.5,15.9,0,3,0.93
1/10/2022,58,36,47,-4.6,18,0,0
1/11/2022,60,35,47.5,-4,17,0,0
1/12/2022,62,41,51.5,0,13,0,0
1/13/2022,68,38,53,1.4,12,0,0
1/14/2022,72,39,55.5,3.9,9,0,0
1/15/2022,63,35,49,-2.6,16,0,0.01
1/16/2022,49,34,41.5,-10.1,23,0,0
1/17/2022,61,34,47.5,-4.2,17,0,0
1/18/2022,66,30,48,-3.7,17,0,0
1/19/2022,74,51,62.5,10.7,2,0,0
1/20/2022,63,34,48.5,-3.3,16,0,0.37
1/21/2022,42,29,35.5,-16.4,29,0,0
1/22/2022,49,23,36,-16,29,0,0
1/23/2022,54,19,36.5,-15.6,28,0,0
1/24/2022,59,31,45,-7.2,20,0,0.37
1/25/2022,59,44,51.5,-0.8,13,0,0.43
1/26/2022,57,33,45,-7.4,20,0,0
1/27/2022,63,29,46,-6.5,19,0,0
1/28/2022,55,39,47,-5.7,18,0,0
1/29/2022,52,30,41,-11.8,24,0,0
1/30/2022,67,38,52.5,-0.4,12,0,0
1/31/2022,70,38,54,0.9,11,0,0
2/1/2022,63,51,57,3.8,8,0,0.22
2/2/2022,76,60,68,14.6,0,3,0.01
2/3/2022,73,37,55,1.4,10,0,0.57
2/4/2022,39,33,36,-17.8,29,0,0.05
2/5/2022,52,28,40,-13.9,25,0,0
2/6/2022,58,27,42.5,-11.6,22,0,0
2/7/2022,60,39,49.5,-4.8,15,0,0
2/8/2022,63,32,47.5,-7,17,0,0
2/9/2022,66,31,48.5,-6.2,16,0,0
2/10/2022,70,35,52.5,-2.4,12,0,0
2/11/2022,71,35,53,-2.1,12,0,0
2/12/2022,71,38,54.5,-0.9,10,0,0
2/13/2022,57,33,45,-10.6,20,0,0.01
2/14/2022,66,31,48.5,-7.3,16,0,0
2/15/2022,70,33,51.5,-4.5,13,0,0
2/16/2022,80,49,64.5,8.3,0,0,0
2/17/2022,76,52,64,7.6,1,0,0.56
2/18/2022,55,40,47.5,-9.2,17,0,0
2/19/2022,65,33,49,-7.9,16,0,0
2/20/2022,68,36,52,-5.1,13,0,0
2/21/2022,82,60,71,13.7,0,6,0.03
2/22/2022,83,71,77,19.5,0,12,0.04
2/23/2022,86,60,73,15.2,0,8,0
2/24/2022,85,59,72,14,0,7,0
2/25/2022,62,44,53,-5.2,12,0,0.62
2/26/2022,63,47,55,-3.4,10,0,0
2/27/2022,58,40,49,-9.6,16,0,0.02
2/28/2022,66,37,51.5,-7.4,13,0,0
3/1/2022,71,35,53,-6.1,12,0,0
3/2/2022,75,41,58,-1.3,7,0,0
3/3/2022,76,47,61.5,2,3,0,0
3/4/2022,78,41,59.5,-0.2,5,0,0
3/5/2022,83,52,67.5,7.6,0,3,0
3/6/2022,86,67,76.5,16.4,0,12,0
3/7/2022,80,55,67.5,7.2,0,3,0
3/8/2022,63,47,55,-5.5,10,0,0
3/9/2022,60,44,52,-8.7,13,0,0
3/10/2022,75,45,60,-0.9,5,0,0
3/11/2022,68,42,55,-6.1,10,0,0.31
3/12/2022,52,33,42.5,-18.8,22,0,0
3/13/2022,61,28,44.5,-17,20,0,0
3/14/2022,72,44,58,-3.7,7,0,0
3/15/2022,73,54,63.5,1.6,1,0,1.04
3/16/2022,69,52,60.5,-1.5,4,0,0
3/17/2022,78,46,62,-0.2,3,0,0
3/18/2022,84,58,71,8.6,0,6,0.21
3/19/2022,70,45,57.5,-5.1,7,0,0
3/20/2022,78,39,58.5,-4.3,6,0,0
3/21/2022,80,47,63.5,0.5,1,0,0
3/22/2022,78,55,66.5,3.4,0,2,1.06
3/23/2022,67,47,57,-6.3,8,0,0
3/24/2022,74,41,57.5,-6,7,0,0
3/25/2022,73,43,58,-5.7,7,0,0
3/26/2022,79,43,61,-2.9,4,0,0
3/27/2022,83,47,65,1,0,0,0
3/28/2022,84,59,71.5,7.3,0,7,0
3/29/2022,83,61,72,7.6,0,7,0
3/30/2022,81,57,69,4.4,0,4,1.07
3/31/2022,72,49,60.5,-4.3,4,0,0
4/1/2022,76,46,61,-4,4,0,0
4/2/2022,81,51,66,0.8,0,1,0
4/3/2022,83,49,66,0.7,0,1,0
4/4/2022,84,52,68,2.5,0,3,0
4/5/2022,81,62,71.5,5.8,0,7,0.34
4/6/2022,85,64,74.5,8.6,0,10,0
4/7/2022,70,49,59.5,-6.6,5,0,0
4/8/2022,68,47,57.5,-8.8,7,0,0
4/9/2022,73,39,56,-10.5,9,0,0
4/10/2022,81,50,65.5,-1.2,0,1,0
4/11/2022,74,58,66,-0.9,0,1,0.06
4/12/2022,79,62,70.5,3.4,0,6,0.72
4/13/2022,83,63,73,5.6,0,8,1.48
4/14/2022,81,57,69,1.4,0,4,0
4/15/2022,80,61,70.5,2.7,0,6,0
4/16/2022,85,69,77,9,0,12,0
4/17/2022,85,67,76,7.8,0,11,0.35
4/18/2022,70,52,61,-7.5,4,0,0
4/19/2022,73,47,60,-8.7,5,0,0
4/20/2022,81,51,66,-2.9,0,1,0
4/21/2022,86,64,75,5.8,0,10,0
4/22/2022,84,62,73,3.6,0,8,0
4/23/2022,86,60,73,3.4,0,8,0
4/24/2022,86,68,77,7.1,0,12,0.24
4/25/2022,84,64,74,3.9,0,9,0.06
4/26/2022,76,58,67,-3.4,0,2,0
4/27/2022,80,51,65.5,-5.1,0,1,0
4/28/2022,83,51,67,-3.9,0,2,0
4/29/2022,83,53,68,-3.1,0,3,0
4/30/2022,87,56,71.5,0.1,0,7,0
5/1/2022,85,66,75.5,3.9,0,11,0.18
5/2/2022,87,67,77,5.1,0,12,0
5/3/2022,88,66,77,4.8,0,12,0
5/4/2022,89,64,76.5,4.1,0,12,0
5/5/2022,89,65,77,4.3,0,12,0.86
5/6/2022,85,64,74.5,1.6,0,10,0.09
5/7/2022,89,59,74,0.8,0,9,0
5/8/2022,90,70,80,6.5,0,15,0
5/9/2022,93,69,81,7.3,0,16,0
5/10/2022,89,69,79,5,0,14,0
5/11/2022,91,65,78,3.7,0,13,0
5/12/2022,91,70,80.5,6,0,16,0
5/13/2022,88,67,77.5,2.7,0,13,0.55
5/14/2022,87,64,75.5,0.5,0,11,0
5/15/2022,88,67,77.5,2.2,0,13,0.06
5/16/2022,91,69,80,4.5,0,15,0
5/17/2022,92,73,82.5,6.7,0,18,0
5/18/2022,91,72,81.5,5.5,0,17,0
5/19/2022,91,73,82,5.7,0,17,0
5/20/2022,91,71,81,4.5,0,16,0
5/21/2022,95,70,82.5,5.7,0,18,0.16
5/22/2022,88,69,78.5,1.5,0,14,1.31
5/23/2022,84,70,77,-0.2,0,12,0.33
5/24/2022,89,70,79.5,2,0,15,0.1
5/25/2022,80,70,75,-2.7,0,10,0.25
5/26/2022,87,66,76.5,-1.4,0,12,0
5/27/2022,86,63,74.5,-3.6,0,10,0
5/28/2022,87,59,73,-5.3,0,8,0
5/29/2022,89,62,75.5,-3,0,11,0
5/30/2022,92,69,80.5,1.8,0,16,0
5/31/2022,91,71,81,2.1,0,16,0.05
6/1/2022,92,72,82,2.9,0,17,0
6/2/2022,92,69,80.5,1.2,0,16,0.06
6/3/2022,87,69,78,-1.5,0,13,0
6/4/2022,91,70,80.5,0.9,0,16,0
6/5/2022,91,69,80,0.2,0,15,0
6/6/2022,92,72,82,2,0,17,0
6/7/2022,94,72,83,2.9,0,18,0
6/8/2022,94,74,84,3.7,0,19,0
6/9/2022,94,76,85,4.6,0,20,0
6/10/2022,92,70,81,0.5,0,16,0.25
6/11/2022,93,70,81.5,0.8,0,17,0
6/12/2022,95,77,86,5.2,0,21,0
6/13/2022,96,79,87.5,6.6,0,23,0
6/14/2022,95,77,86,5,0,21,0
6/15/2022,97,76,86.5,5.4,0,22,0
6/16/2022,96,74,85,3.8,0,20,0.06
6/17/2022,96,73,84.5,3.2,0,20,0
6/18/2022,98,75,86.5,5.1,0,22,0
6/19/2022,98,76,87,5.5,0,22,0
6/20/2022,98,70,84,2.4,0,19,0
6/21/2022,98,74,86,4.3,0,21,0.05
6/22/2022,98,73,85.5,3.7,0,21,0
6/23/2022,99,77,88,6.2,0,23,0
6/24/2022,99,78,88.5,6.6,0,24,0
6/25/2022,99,75,87,5,0,22,0.07
6/26/2022,97,73,85,3,0,20,0.52
6/27/2022,89,72,80.5,-1.6,0,16,0.2
6/28/2022,92,73,82.5,0.3,0,18,0
6/29/2022,93,73,83,0.8,0,18,0.31
6/30/2022,88,74,81,-1.3,0,16,1.73
7/1/2022,89,74,81.5,-0.8,0,17,0.32
7/2/2022,90,74,82,-0.4,0,17,0.01
7/3/2022,94,75,84.5,2.1,0,20,0.01
7/4/2022,95,76,85.5,3,0,21,0.11
7/5/2022,90,75,82.5,0,0,18,0.09
7/6/2022,93,74,83.5,1,0,19,0
7/7/2022,95,75,85,2.4,0,20,0
7/8/2022,97,76,86.5,3.9,0,22,0
7/9/2022,96,79,87.5,4.8,0,23,0
7/10/2022,95,75,85,2.3,0,20,0.27
7/11/2022,96,74,85,2.3,0,20,0
7/12/2022,97,76,86.5,3.7,0,22,0.05
7/13/2022,94,72,83,0.2,0,18,0.4
7/14/2022,89,71,80,-2.8,0,15,2.34
7/15/2022,95,74,84.5,1.6,0,20,0.02
7/16/2022,95,74,84.5,1.6,0,20,0
7/17/2022,96,74,85,2.1,0,20,0
7/18/2022,92,74,83,0,0,18,0
7/19/2022,94,78,86,3,0,21,0
7/20/2022,95,80,87.5,4.5,0,23,0
7/21/2022,95,79,87,4,0,22,0
7/22/2022,88,73,80.5,-2.6,0,16,3.36
7/23/2022,92,71,81.5,-1.6,0,17,0
7/24/2022,95,73,84,0.9,0,19,0
7/25/2022,94,75,84.5,1.4,0,20,0.44
7/26/2022,93,75,84,0.9,0,19,0.8
7/27/2022,94,74,84,0.8,0,19,0
7/28/2022,93,74,83.5,0.3,0,19,0.08
7/29/2022,92,74,83,-0.2,0,18,0
7/30/2022,92,73,82.5,-0.7,0,18,1
7/31/2022,92,72,82,-1.2,0,17,0
8/1/2022,92,74,83,-0.2,0,18,0.2
8/2/2022,88,75,81.5,-1.7,0,17,0.16
8/3/2022,83,74,78.5,-4.7,0,14,1.69
8/4/2022,92,73,82.5,-0.7,0,18,0.09
8/5/2022,90,73,81.5,-1.7,0,17,0.2
8/6/2022,90,74,82,-1.2,0,17,0.1
8/7/2022,95,74,84.5,1.3,0,20,0
8/8/2022,93,73,83,-0.2,0,18,0
8/9/2022,92,75,83.5,0.3,0,19,0
8/10/2022,91,74,82.5,-0.6,0,18,1.53
8/11/2022,88,74,81,-2.1,0,16,0.04
8/12/2022,90,73,81.5,-1.6,0,17,0
8/13/2022,89,74,81.5,-1.6,0,17,0
8/14/2022,93,73,83,0,0,18,0
8/15/2022,94,76,85,2,0,20,0
8/16/2022,94,77,85.5,2.6,0,21,0
8/17/2022,94,77,85.5,2.6,0,21,0
8/18/2022,86,77,81.5,-1.3,0,17,0
8/19/2022,91,74,82.5,-0.3,0,18,1.17
8/20/2022,87,74,80.5,-2.2,0,16,0.81
8/21/2022,92,75,83.5,0.9,0,19,0.61
8/22/2022,91,75,83,0.5,0,18,0.28
8/23/2022,88,75,81.5,-1,0,17,1.56
8/24/2022,85,75,80,-2.4,0,15,0.13
8/25/2022,86,75,80.5,-1.8,0,16,0.8
8/26/2022,87,76,81.5,-0.7,0,17,0.6
8/27/2022,89,75,82,-0.1,0,17,0
8/28/2022,93,75,84,2,0,19,0.28
8/29/2022,92,75,83.5,1.6,0,19,0
8/30/2022,95,75,85,3.2,0,20,0.04
8/31/2022,95,74,84.5,2.8,0,20,0
9/1/2022,95,75,85,3.5,0,20,0
9/2/2022,95,74,84.5,3.1,0,20,0
9/3/2022,83,74,78.5,-2.8,0,14,0.3
9/4/2022,81,73,77,-4.1,0,12,0.07
9/5/2022,84,73,78.5,-2.5,0,14,0
9/6/2022,85,74,79.5,-1.3,0,15,0.01
9/7/2022,91,72,81.5,0.8,0,17,0.01
9/8/2022,85,71,78,-2.5,0,13,0.15
9/9/2022,90,68,79,-1.3,0,14,0.32
9/10/2022,88,70,79,-1.1,0,14,0
9/11/2022,91,71,81,1,0,16,0
9/12/2022,89,67,78,-1.8,0,13,0
9/13/2022,86,63,74.5,-5.1,0,10,0
9/14/2022,87,61,74,-5.4,0,9,0
9/15/2022,91,63,77,-2.2,0,12,0
9/16/2022,92,65,78.5,-0.4,0,14,0
9/17/2022,92,69,80.5,1.8,0,16,0
9/18/2022,94,73,83.5,5,0,19,0
9/19/2022,92,73,82.5,4.3,0,18,0
9/20/2022,93,70,81.5,3.5,0,17,0
9/21/2022,97,70,83.5,5.7,0,19,0
9/22/2022,97,74,85.5,8,0,21,0
9/23/2022,94,72,83,5.8,0,18,0
9/24/2022,97,70,83.5,6.5,0,19,0
9/25/2022,94,71,82.5,5.8,0,18,0
9/26/2022,91,65,78,1.6,0,13,0
9/27/2022,84,57,70.5,-5.6,0,6,0
9/28/2022,84,54,69,-6.8,0,4,0
9/29/2022,77,52,64.5,-11,0,0,0
9/30/2022,80,52,66,-9.2,0,1,0
10/1/2022,84,53,68.5,-6.4,0,4,0
10/2/2022,86,51,68.5,-6.1,0,4,0
10/3/2022,85,55,70,-4.2,0,5,0
10/4/2022,84,60,72,-1.9,0,7,0
10/5/2022,86,61,73.5,-0.1,0,9,0
10/6/2022,86,59,72.5,-0.7,0,8,0
10/7/2022,90,57,73.5,0.6,0,9,0
10/8/2022,88,63,75.5,3,0,11,0
10/9/2022,83,57,70,-2.2,0,5,0
10/10/2022,84,54,69,-2.8,0,4,0
10/11/2022,87,55,71,-0.4,0,6,0
10/12/2022,90,68,79,7.9,0,14,0
10/13/2022,86,59,72.5,1.8,0,8,0.08
10/14/2022,87,53,70,-0.3,0,5,0
10/15/2022,89,55,72,2.1,0,7,0
10/16/2022,89,57,73,3.4,0,8,0
10/17/2022,77,57,67,-2.2,0,2,0
10/18/2022,63,41,52,-16.8,13,0,0
10/19/2022,66,34,50,-18.4,15,0,0
10/20/2022,73,35,54,-14,11,0,0
10/21/2022,84,48,66,-1.6,0,1,0
10/22/2022,83,54,68.5,1.2,0,4,0
10/23/2022,85,58,71.5,4.6,0,7,0
10/24/2022,88,57,72.5,6,0,8,0
10/25/2022,78,52,65,-1.1,0,0,0.11
10/26/2022,75,47,61,-4.7,4,0,0
10/27/2022,78,48,63,-2.4,2,0,0
10/28/2022,74,50,62,-3,3,0,0
10/29/2022,76,60,68,3.4,0,3,0.19
10/30/2022,75,55,65,0.7,0,0,0
10/31/2022,79,56,67.5,3.6,0,3,0
11/1/2022,77,54,65.5,1.9,0,1,0
11/2/2022,83,57,70,6.8,0,5,0
11/3/2022,86,57,71.5,8.6,0,7,0
11/4/2022,86,62,74,11.5,0,9,0.06
11/5/2022,76,54,65,2.8,0,0,1.44
11/6/2022,89,68,78.5,16.6,0,14,0.04
11/7/2022,88,66,77,15.4,0,12,0
11/8/2022,89,66,77.5,16.2,0,13,0
11/9/2022,83,57,70,9,0,5,0
11/10/2022,80,50,65,4.3,0,0,0
11/11/2022,80,51,65.5,5.1,0,1,0
11/12/2022,64,38,51,-9.1,14,0,0.08
11/13/2022,58,34,46,-13.8,19,0,0
11/14/2022,61,36,48.5,-11,16,0,1.36
11/15/2022,58,43,50.5,-8.8,14,0,0.06
11/16/2022,52,40,46,-13,19,0,0
11/17/2022,55,34,44.5,-14.3,20,0,0
11/18/2022,60,30,45,-13.5,20,0,0
11/19/2022,49,44,46.5,-11.8,18,0,0.24
11/20/2022,58,36,47,-11.1,18,0,0
11/21/2022,59,35,47,-10.8,18,0,0
11/22/2022,61,44,52.5,-5.1,12,0,0
11/23/2022,77,45,61,3.6,4,0,0
11/24/2022,77,53,65,7.8,0,0,4.06
11/25/2022,71,62,66.5,9.5,0,2,0.27
11/26/2022,69,56,62.5,5.7,2,0,2.16
11/27/2022,76,45,60.5,3.9,4,0,0
11/28/2022,75,54,64.5,8.1,0,0,0
11/29/2022,84,57,70.5,14.2,0,6,0.18
11/30/2022,77,43,60,3.9,5,0,0.16
12/1/2022,63,37,50,-5.9,15,0,0
12/2/2022,80,38,59,3.2,6,0,0
12/3/2022,77,63,70,14.4,0,5,0.07
12/4/2022,73,59,66,10.6,0,1,0
12/5/2022,81,65,73,17.7,0,8,0
12/6/2022,84,68,76,20.9,0,11,0
12/7/2022,84,65,74.5,19.5,0,10,0
12/8/2022,81,64,72.5,17.7,0,8,0
12/9/2022,82,63,72.5,17.8,0,8,0
12/10/2022,80,65,72.5,18,0,8,0
12/11/2022,72,60,66,11.6,0,1,1.39
12/12/2022,75,63,69,14.8,0,4,0
12/13/2022,78,61,69.5,15.4,0,5,0
12/14/2022,77,48,62.5,8.5,2,0,1.54
12/15/2022,62,42,52,-1.8,13,0,0
12/16/2022,64,38,51,-2.7,14,0,0
12/17/2022,53,34,43.5,-10.1,21,0,0.01
12/18/2022,56,30,43,-10.4,22,0,0
12/19/2022,48,38,43,-10.3,22,0,1.81
12/20/2022,57,47,52,-1.2,13,0,0.15
12/21/2022,50,47,48.5,-4.6,16,0,0
12/22/2022,59,34,46.5,-6.5,18,0,0.02
12/23/2022,34,20,27,-25.8,38,0,0
12/24/2022,39,22,30.5,-22.2,34,0,0
12/25/2022,49,22,35.5,-17.1,29,0,0
12/26/2022,56,25,40.5,-12,24,0,0
12/27/2022,60,30,45,-7.4,20,0,0
12/28/2022,75,39,57,4.7,8,0,0.02
12/29/2022,80,60,70,17.8,0,5,0.04
12/30/2022,67,59,63,10.9,2,0,2.2
12/31/2022,73,56,64.5,12.4,0,0,0
1/1/2023,69,49,59,7,6,0,0
1/2/2023,83,66,74.5,22.6,0,10,0
1/3/2023,81,68,74.5,22.7,0,10,0.95
1/4/2023,75,55,65,13.2,0,0,0.04
1/5/2023,69,43,56,4.3,9,0,0
1/6/2023,72,40,56,4.3,9,0,0
1/7/2023,78,44,61,9.4,4,0,0
1/8/2023,66,53,59.5,7.9,5,0,0.5
1/9/2023,66,44,55,3.4,10,0,0
1/10/2023,75,40,57.5,5.9,7,0,0
1/11/2023,82,67,74.5,23,0,10,0
1/12/2023,77,52,64.5,13,0,0,0.01
1/13/2023,55,38,46.5,-5.1,18,0,0
1/14/2023,59,31,45,-6.6,20,0,0
1/15/2023,68,32,50,-1.6,15,0,0
1/16/2023,73,57,65,13.4,0,0,0
1/17/2023,83,66,74.5,22.8,0,10,0
1/18/2023,80,60,70,18.3,0,5,0.4
1/19/2023,74,50,62,10.2,3,0,0.03
1/20/2023,60,45,52.5,0.7,12,0,0
1/21/2023,53,48,50.5,-1.4,14,0,2.35
1/22/2023,61,45,53,1,12,0,0
1/23/2023,60,38,49,-3.1,16,0,0
1/24/2023,70,42,56,3.8,9,0,1.39
1/25/2023,62,46,54,1.7,11,0,0
1/26/2023,57,38,47.5,-4.9,17,0,0
1/27/2023,61,32,46.5,-6,18,0,0
1/28/2023,73,44,58.5,5.8,6,0,0
1/29/2023,72,59,65.5,12.7,0,1,4.04
1/30/2023,71,64,67.5,14.6,0,3,0.51
1/31/2023,66,45,55.5,2.4,9,0,0
2/1/2023,51,42,46.5,-6.7,18,0,0.02
2/2/2023,49,44,46.5,-6.9,18,0,0.62
2/3/2023,61,39,50,-3.6,15,0,0
2/4/2023,63,34,48.5,-5.3,16,0,0
2/5/2023,71,40,55.5,1.6,9,0,0
2/6/2023,73,41,57,2.9,8,0,0
2/7/2023,80,52,66,11.7,0,1,0
2/8/2023,81,63,72,17.5,0,7,1.42
2/9/2023,72,49,60.5,5.8,4,0,0
2/10/2023,63,46,54.5,-0.4,10,0,0
2/11/2023,51,44,47.5,-7.6,17,0,0.08
2/12/2023,64,40,52,-3.4,13,0,0
2/13/2023,73,39,56,0.4,9,0,0
2/14/2023,75,50,62.5,6.7,2,0,0.04
2/15/2023,79,68,73.5,17.5,0,9,0
2/16/2023,82,50,66,9.8,0,1,1.21
2/17/2023,50,38,44,-12.4,21,0,0
2/18/2023,59,32,45.5,-11.2,19,0,0
2/19/2023,71,39,55,-1.9,10,0,0
2/20/2023,80,56,68,10.9,0,3,0
2/21/2023,82,68,75,17.7,0,10,0
2/22/2023,83,69,76,18.5,0,11,0
2/23/2023,87,70,78.5,20.7,0,14,0
2/24/2023,86,70,78,20,0,13,0
2/25/2023,86,67,76.5,18.3,0,12,0
2/26/2023,84,64,74,15.6,0,9,0
2/27/2023,83,71,77,18.4,0,12,0
2/28/2023,87,66,76.5,17.6,0,12,0
3/1/2023,86,70,78,18.9,0,13,0
3/2/2023,87,72,79.5,20.2,0,15,0
3/3/2023,77,59,68,8.5,0,3,0
3/4/2023,76,49,62.5,2.8,2,0,0
3/5/2023,82,50,66,6.1,0,1,0
3/6/2023,88,59,73.5,13.4,0,9,0
3/7/2023,88,71,79.5,19.2,0,15,0.01
3/8/2023,87,69,78,17.5,0,13,0
3/9/2023,87,69,78,17.3,0,13,0
3/10/2023,76,63,69.5,8.6,0,5,0.02
3/11/2023,84,60,72,10.9,0,7,0
3/12/2023,83,54,68.5,7.2,0,4,0
3/13/2023,68,48,58,-3.5,7,0,0
3/14/2023,62,44,53,-8.7,12,0,0
3/15/2023,70,40,55,-6.9,10,0,0
3/16/2023,79,43,61,-1,4,0,0
3/17/2023,70,46,58,-4.2,7,0,2.22
3/18/2023,53,46,49.5,-12.9,15,0,0
3/19/2023,53,34,43.5,-19.1,21,0,0
3/20/2023,61,29,45,-17.8,20,0,0
3/21/2023,75,47,61,-2,4,0,0
3/22/2023,85,55,70,6.9,0,5,0
3/23/2023,86,64,75,11.7,0,10,0
3/24/2023,86,70,78,14.5,0,13,0
3/25/2023,88,70,79,15.3,0,14,0
3/26/2023,88,73,80.5,16.6,0,16,0.03
3/27/2023,87,69,78,14,0,13,0.85
3/28/2023,81,59,70,5.8,0,5,0.29
3/29/2023,66,51,58.5,-5.9,6,0,0.01
3/30/2023,81,49,65,0.4,0,0,0
3/31/2023,84,66,75,10.2,0,10,0
4/1/2023,88,63,75.5,10.5,0,11,0.01
4/2/2023,84,62,73,7.8,0,8,0
4/3/2023,87,74,80.5,15.2,0,16,0.03
4/4/2023,90,73,81.5,16,0,17,0
4/5/2023,89,76,82.5,16.8,0,18,0
4/6/2023,88,66,77,11.1,0,12,1.07
4/7/2023,73,61,67,0.9,0,2,2.83
4/8/2023,71,59,65,-1.3,0,0,1.27
4/9/2023,70,59,64.5,-2,0,0,0
4/10/2023,73,57,65,-1.7,0,0,0
4/11/2023,76,59,67.5,0.6,0,3,0
4/12/2023,72,62,67,-0.1,0,2,0
4/13/2023,73,61,67,-0.4,0,2,0
4/14/2023,83,55,69,1.4,0,4,0
4/15/2023,74,62,68,0.2,0,3,0.91
4/16/2023,73,53,63,-5,2,0,0.64
4/17/2023,77,47,62,-6.2,3,0,0
4/18/2023,74,48,61,-7.5,4,0,0
4/19/2023,85,54,69.5,0.8,0,5,0
4/20/2023,87,61,74,5.1,0,9,0
4/21/2023,81,64,72.5,3.3,0,8,0.59
4/22/2023,80,55,67.5,-1.9,0,3,0
4/23/2023,73,56,64.5,-5.1,0,0,0
4/24/2023,76,54,65,-4.9,0,0,0
4/25/2023,82,52,67,-3.1,0,2,0
4/26/2023,85,61,73,2.6,0,8,0
4/27/2023,82,64,73,2.4,0,8,0.41
4/28/2023,84,60,72,1.1,0,7,0
4/29/2023,75,62,68.5,-2.6,0,4,0.16
4/30/2023,82,56,69,-2.4,0,4,0
5/1/2023,81,56,68.5,-3.1,0,4,0
5/2/2023,84,53,68.5,-3.4,0,4,0
5/3/2023,86,58,72,-0.2,0,7,0
5/4/2023,88,56,72,-0.4,0,7,0
5/5/2023,88,68,78,5.3,0,13,2.63
5/6/2023,77,67,72,-0.9,0,7,1.29
5/7/2023,88,67,77.5,4.3,0,13,0
5/8/2023,86,72,79,5.5,0,14,0
5/9/2023,86,72,79,5.3,0,14,0.14
5/10/2023,86,71,78.5,4.5,0,14,0.01
5/11/2023,91,72,81.5,7.2,0,17,0
5/12/2023,92,74,83,8.5,0,18,0
5/13/2023,91,73,82,7.2,0,17,0
5/14/2023,93,72,82.5,7.5,0,18,0
5/15/2023,94,71,82.5,7.2,0,18,0.01
5/16/2023,91,69,80,4.5,0,15,0
5/17/2023,86,72,79,3.2,0,14,0.21
5/18/2023,88,69,78.5,2.5,0,14,0
5/19/2023,93,68,80.5,4.2,0,16,0
5/20/2023,93,73,83,6.5,0,18,0
5/21/2023,83,70,76.5,-0.3,0,12,0
5/22/2023,87,67,77,0,0,12,0
5/23/2023,90,67,78.5,1.3,0,14,0
5/24/2023,87,68,77.5,0,0,13,0
5/25/2023,88,66,77,-0.7,0,12,0
5/26/2023,89,65,77,-0.9,0,12,0
5/27/2023,88,65,76.5,-1.6,0,12,0
5/28/2023,91,64,77.5,-0.8,0,13,0
5/29/2023,91,71,81,2.5,0,16,0.28
5/30/2023,91,70,80.5,1.8,0,16,0
5/31/2023,93,68,80.5,1.6,0,16,0
6/1/2023,93,69,81,1.9,0,16,0
6/2/2023,94,68,81,1.7,0,16,0
6/3/2023,96,70,83,3.5,0,18,1.5
6/4/2023,93,68,80.5,0.9,0,16,0.16
6/5/2023,87,68,77.5,-2.3,0,13,0.44
6/6/2023,89,67,78,-2,0,13,0
6/7/2023,91,69,80,-0.1,0,15,0.01
6/8/2023,93,71,82,1.7,0,17,0.02
6/9/2023,96,70,83,2.6,0,18,0
6/10/2023,94,72,83,2.5,0,18,0
6/11/2023,93,72,82.5,1.8,0,18,0.04
6/12/2023,94,76,85,4.2,0,20,0
6/13/2023,96,74,85,4.1,0,20,0
6/14/2023,95,81,88,7,0,23,0
6/15/2023,96,81,88.5,7.4,0,24,0.14
6/16/2023,97,79,88,6.8,0,23,0
6/17/2023,97,73,85,3.7,0,20,0.55
6/18/2023,97,79,88,6.6,0,23,0
6/19/2023,98,79,88.5,7,0,24,0.01
6/20/2023,96,74,85,3.4,0,20,0.13
6/21/2023,94,72,83,1.3,0,18,0
6/22/2023,93,74,83.5,1.7,0,19,0
6/23/2023,96,74,85,3.2,0,20,0
6/24/2023,96,75,85.5,3.6,0,21,0.31
6/25/2023,97,78,87.5,5.5,0,23,0
6/26/2023,91,73,82,0,0,17,0.22
6/27/2023,97,79,88,5.9,0,23,0
6/28/2023,97,76,86.5,4.3,0,22,0
6/29/2023,99,80,89.5,7.3,0,25,0
6/30/2023,101,81,91,8.7,0,26,0
7/1/2023,99,80,89.5,7.2,0,25,0
7/2/2023,97,81,89,6.6,0,24,0
7/3/2023,98,78,88,5.6,0,23,0
7/4/2023,95,79,87,4.5,0,22,0.01
7/5/2023,96,77,86.5,4,0,22,0.15
7/6/2023,94,77,85.5,3,0,21,0
7/7/2023,96,78,87,4.4,0,22,0
7/8/2023,95,78,86.5,3.9,0,22,0
7/9/2023,94,78,86,3.3,0,21,0.11
7/10/2023,94,80,87,4.3,0,22,0
7/11/2023,98,79,88.5,5.8,0,24,0
7/12/2023,98,79,88.5,5.7,0,24,0
7/13/2023,99,82,90.5,7.7,0,26,0
7/14/2023,98,81,89.5,6.7,0,25,0
7/15/2023,98,80,89,6.1,0,24,0
7/16/2023,100,75,87.5,4.6,0,23,1.26
7/17/2023,97,74,85.5,2.6,0,21,0
7/18/2023,98,76,87,4,0,22,0
7/19/2023,98,79,88.5,5.5,0,24,0
7/20/2023,100,80,90,7,0,25,0
7/21/2023,99,81,90,7,0,25,0
7/22/2023,99,78,88.5,5.4,0,24,0.04
7/23/2023,97,77,87,3.9,0,22,0
7/24/2023,98,73,85.5,2.4,0,21,0
7/25/2023,98,74,86,2.9,0,21,0
7/26/2023,98,74,86,2.9,0,21,0
7/27/2023,99,75,87,3.8,0,22,0
7/28/2023,98,75,86.5,3.3,0,22,0
7/29/2023,101,76,88.5,5.3,0,24,0
7/30/2023,101,79,90,6.8,0,25,0
7/31/2023,102,78,90,6.8,0,25,0.64
8/1/2023,104,77,90.5,7.3,0,26,0
8/2/2023,102,78,90,6.8,0,25,0
8/3/2023,101,77,89,5.8,0,24,0
8/4/2023,101,81,91,7.8,0,26,0
8/5/2023,101,81,91,7.8,0,26,0
8/6/2023,101,82,91.5,8.3,0,27,0
8/7/2023,101,82,91.5,8.3,0,27,0
8/8/2023,99,83,91,7.8,0,26,0
8/9/2023,101,82,91.5,8.3,0,27,0
8/10/2023,102,85,93.5,10.4,0,29,0
8/11/2023,103,83,93,9.9,0,28,0
8/12/2023,102,81,91.5,8.4,0,27,0
8/13/2023,101,81,91,7.9,0,26,0
8/14/2023,102,79,90.5,7.5,0,26,0
8/15/2023,102,81,91.5,8.5,0,27,0
8/16/2023,97,74,85.5,2.6,0,21,0
8/17/2023,99,68,83.5,0.6,0,19,0
8/18/2023,102,75,88.5,5.7,0,24,0
8/19/2023,105,80,92.5,9.7,0,28,0
8/20/2023,105,81,93,10.3,0,28,0
8/21/2023,102,79,90.5,7.9,0,26,0
8/22/2023,103,76,89.5,7,0,25,0
8/23/2023,105,81,93,10.5,0,28,0.03
8/24/2023,106,79,92.5,10.1,0,28,0.12
8/25/2023,103,79,91,8.7,0,26,0
8/26/2023,105,82,93.5,11.3,0,29,0
8/27/2023,106,78,92,9.9,0,27,0
8/28/2023,96,75,85.5,3.5,0,21,1.32
8/29/2023,95,75,85,3.1,0,20,0.06
8/30/2023,98,75,86.5,4.7,0,22,0
8/31/2023,98,71,84.5,2.8,0,20,0
9/1/2023,99,73,86,4.5,0,21,0
9/2/2023,96,77,86.5,5.1,0,22,0.74
9/3/2023,98,77,87.5,6.2,0,23,0.03
9/4/2023,96,77,86.5,5.4,0,22,0.01
9/5/2023,97,76,86.5,5.5,0,22,2.11
9/6/2023,100,74,87,6.2,0,22,0
9/7/2023,100,76,88,7.3,0,23,0
9/8/2023,93,72,82.5,2,0,18,0.09
9/9/2023,92,71,81.5,1.2,0,17,0
9/10/2023,92,70,81,0.9,0,16,0
9/11/2023,96,66,81,1,0,16,0
9/12/2023,95,70,82.5,2.7,0,18,0
9/13/2023,95,72,83.5,3.9,0,19,0
9/14/2023,89,72,80.5,1.1,0,16,0
9/15/2023,93,74,83.5,4.3,0,19,0
9/16/2023,94,72,83,4.1,0,18,0
9/17/2023,93,69,81,2.3,0,16,0
9/18/2023,94,63,78.5,0,0,14,0
9/19/2023,94,62,78,-0.2,0,13,0
9/20/2023,95,65,80,2,0,15,0
9/21/2023,97,70,83.5,5.7,0,19,0
9/22/2023,94,74,84,6.5,0,19,0
9/23/2023,95,73,84,6.8,0,19,0
9/24/2023,94,73,83.5,6.5,0,19,0
9/25/2023,91,74,82.5,5.8,0,18,0
9/26/2023,93,72,82.5,6.1,0,18,0
9/27/2023,97,71,84,7.9,0,19,0
9/28/2023,94,69,81.5,5.7,0,17,0
9/29/2023,94,67,80.5,5,0,16,0
9/30/2023,96,66,81,5.8,0,16,0
10/1/2023,95,68,81.5,6.6,0,17,0
10/2/2023,93,65,79,4.4,0,14,0
10/3/2023,93,66,79.5,5.3,0,15,0
10/4/2023,93,66,79.5,5.6,0,15,0
10/5/2023,92,73,82.5,8.9,0,18,0.04
10/6/2023,88,72,80,6.8,0,15,0
10/7/2023,82,59,70.5,-2.4,0,6,0
10/8/2023,80,49,64.5,-8,0,0,0
10/9/2023,85,47,66,-6.2,0,1,0
10/10/2023,82,57,69.5,-2.3,0,5,0
10/11/2023,69,60,64.5,-6.9,0,0,1.43
10/12/2023,81,60,70.5,-0.6,0,6,0
10/13/2023,88,61,74.5,3.8,0,10,0
10/14/2023,79,59,69,-1.3,0,4,0
10/15/2023,72,53,62.5,-7.4,2,0,0
10/16/2023,71,49,60,-9.6,5,0,0
10/17/2023,76,45,60.5,-8.7,4,0,0
10/18/2023,78,47,62.5,-6.3,2,0,0
10/19/2023,84,53,68.5,0.1,0,4,0
10/20/2023,90,64,77,9,0,12,0
10/21/2023,91,55,73,5.4,0,8,0
10/22/2023,88,62,75,7.7,0,10,0
10/23/2023,89,58,73.5,6.6,0,9,0
10/24/2023,88,66,77,10.5,0,12,0
10/25/2023,89,67,78,11.9,0,13,0
10/26/2023,88,68,78,12.3,0,13,0
10/27/2023,89,69,79,13.6,0,14,0
10/28/2023,88,66,77,12,0,12,0
10/29/2023,89,66,77.5,12.9,0,13,0
10/30/2023,70,48,59,-5.3,6,0,0
10/31/2023,60,44,52,-11.9,13,0,0
11/1/2023,62,37,49.5,-14.1,15,0,0
11/2/2023,71,34,52.5,-10.7,12,0,0
11/3/2023,78,42,60,-2.9,5,0,0
11/4/2023,81,45,63,0.5,2,0,0
11/5/2023,83,49,66,3.8,0,1,0
11/6/2023,83,51,67,5.1,0,2,0
11/7/2023,86,55,70.5,8.9,0,6,0
11/8/2023,85,59,72,10.7,0,7,0
11/9/2023,85,60,72.5,11.5,0,8,0
11/10/2023,72,61,66.5,5.8,0,2,0.03
11/11/2023,66,61,63.5,3.1,1,0,0
11/12/2023,75,59,67,6.9,0,2,0
11/13/2023,67,60,63.5,3.7,1,0,0.26
11/14/2023,60,57,58.5,-1,6,0,1.38
11/15/2023,62,58,60,0.7,5,0,0.03
11/16/2023,67,61,64,5,1,0,0
11/17/2023,79,59,69,10.2,0,4,0
11/18/2023,76,54,65,6.5,0,0,0
11/19/2023,75,43,59,0.7,6,0,0
11/20/2023,86,53,69.5,11.4,0,5,1.34
11/21/2023,70,54,62,4.2,3,0,0.08
11/22/2023,63,46,54.5,-3.1,10,0,0
11/23/2023,56,45,50.5,-6.9,14,0,0.06
11/24/2023,65,47,56,-1.2,9,0,0
11/25/2023,71,45,58,1,7,0,0
11/26/2023,72,50,61,4.2,4,0,0.01
11/27/2023,60,39,49.5,-7.1,15,0,0
11/28/2023,65,39,52,-4.4,13,0,0
11/29/2023,67,35,51,-5.3,14,0,0
11/30/2023,68,44,56,-0.1,9,0,0.48
12/1/2023,81,64,72.5,16.6,0,8,3.04
12/2/2023,76,66,71,15.2,0,6,0.14
12/3/2023,74,55,64.5,8.9,0,0,0
12/4/2023,72,46,59,3.6,6,0,0
12/5/2023,66,42,54,-1.3,11,0,0
12/6/2023,63,39,51,-4.1,14,0,0
12/7/2023,66,34,50,-5,15,0,0
12/8/2023,72,47,59.5,4.7,5,0,0
12/9/2023,84,56,70,15.3,0,5,0.57
12/10/2023,62,38,50,-4.5,15,0,0.1
12/11/2023,63,32,47.5,-6.9,17,0,0
12/12/2023,67,35,51,-3.2,14,0,0
12/13/2023,68,38,53,-1.1,12,0,0
12/14/2023,71,49,60,6,5,0,0
12/15/2023,72,50,61,7.2,4,0,0
12/16/2023,63,56,59.5,5.8,5,0,0.96
12/17/2023,64,44,54,0.4,11,0,0
12/18/2023,71,39,55,1.6,10,0,0
12/19/2023,61,34,47.5,-5.8,17,0,0
12/20/2023,67,40,53.5,0.3,11,0,0
12/21/2023,69,45,57,3.9,8,0,0
12/22/2023,76,52,64,11,1,0,0
12/23/2023,76,60,68,15.2,0,3,0
12/24/2023,65,63,64,11.3,1,0,1.68
12/25/2023,68,49,58.5,5.9,6,0,0
12/26/2023,60,43,51.5,-1,13,0,0
12/27/2023,64,45,54.5,2.1,10,0,0
12/28/2023,54,37,45.5,-6.8,19,0,0
12/29/2023,55,33,44,-8.2,21,0,0
12/30/2023,61,33,47,-5.1,18,0,0
12/31/2023,71,31,51,-1.1,14,0,0
